MaxAbsEStateIndex,MinAbsEStateIndex,MinEStateIndex,qed,SPS,MolWt,HeavyAtomMolWt,ExactMolWt,NumValenceElectrons,MaxPartialCharge,MinPartialCharge,MaxAbsPartialCharge,MinAbsPartialCharge,FpDensityMorgan1,FpDensityMorgan2,FpDensityMorgan3,BCUT2D_MWHI,BCUT2D_MWLOW,BCUT2D_CHGHI,BCUT2D_CHGLO,BCUT2D_LOGPHI,BCUT2D_LOGPLOW,BCUT2D_MRHI,BCUT2D_MRLOW,AvgIpc,BalabanJ,BertzCT,Chi0,Chi0n,Chi0v,Chi1,Chi1n,Chi1v,Chi2n,Chi2v,Chi3n,Chi3v,Chi4n,Chi4v,HallKierAlpha,Ipc,Kappa1,Kappa2,Kappa3,LabuteASA,PEOE_VSA1,PEOE_VSA10,PEOE_VSA11,PEOE_VSA12,PEOE_VSA13,PEOE_VSA14,PEOE_VSA2,PEOE_VSA3,PEOE_VSA4,PEOE_VSA5,PEOE_VSA6,PEOE_VSA7,PEOE_VSA8,PEOE_VSA9,SMR_VSA1,SMR_VSA10,SMR_VSA2,SMR_VSA3,SMR_VSA4,SMR_VSA5,SMR_VSA6,SMR_VSA7,SMR_VSA9,SlogP_VSA1,SlogP_VSA10,SlogP_VSA11,SlogP_VSA12,SlogP_VSA2,SlogP_VSA3,SlogP_VSA4,SlogP_VSA5,SlogP_VSA6,SlogP_VSA7,SlogP_VSA8,TPSA,EState_VSA1,EState_VSA10,EState_VSA11,EState_VSA2,EState_VSA3,EState_VSA4,EState_VSA5,EState_VSA6,EState_VSA7,EState_VSA8,EState_VSA9,VSA_EState1,VSA_EState10,VSA_EState2,VSA_EState3,VSA_EState4,VSA_EState5,VSA_EState6,VSA_EState7,VSA_EState8,VSA_EState9,FractionCSP3,HeavyAtomCount,NHOHCount,NOCount,NumAliphaticCarbocycles,NumAliphaticHeterocycles,NumAliphaticRings,NumAmideBonds,NumAromaticCarbocycles,NumAromaticHeterocycles,NumAromaticRings,NumAtomStereoCenters,NumHAcceptors,NumHDonors,NumHeteroatoms,NumHeterocycles,NumRotatableBonds,NumSaturatedCarbocycles,NumSaturatedHeterocycles,NumSaturatedRings,NumSpiroAtoms,NumUnspecifiedAtomStereoCenters,Phi,RingCount,MolLogP,MolMR,fr_Al_COO,fr_Al_OH,fr_Al_OH_noTert,fr_ArN,fr_Ar_COO,fr_Ar_N,fr_Ar_NH,fr_Ar_OH,fr_COO,fr_C_O,fr_C_O_noCOO,fr_C_S,fr_Imine,fr_NH0,fr_NH1,fr_NH2,fr_N_O,fr_Ndealkylation1,fr_Ndealkylation2,fr_SH,fr_aldehyde,fr_alkyl_carbamate,fr_alkyl_halide,fr_allylic_oxid,fr_amidine,fr_aniline,fr_aryl_methyl,fr_azide,fr_barbitur,fr_bicyclic,fr_epoxide,fr_ester,fr_ether,fr_furan,fr_guanido,fr_halogen,fr_hdrzine,fr_hdrzone,fr_imidazole,fr_imide,fr_ketone,fr_ketone_Topliss,fr_lactone,fr_methoxy,fr_morpholine,fr_nitrile,fr_nitro,fr_nitro_arom,fr_nitro_arom_nonortho,fr_oxazole,fr_oxime,fr_para_hydroxylation,fr_phenol,fr_phenol_noOrthoHbond,fr_piperdine,fr_piperzine,fr_priamide,fr_pyridine,fr_sulfide,fr_sulfonamd,fr_sulfone,fr_term_acetylene,fr_tetrazole,fr_thiazole,fr_thiocyan,fr_thiophene,fr_unbrch_alkane,fr_urea
13.353279963449516,0.08663994918955242,-0.3135265323542331,0.5271980171591969,13.0625,456.97000000000014,427.7380000000002,456.181585088,170,0.26209173163989136,-0.49674295955320136,0.49674295955320136,0.26209173163989136,1.1875,1.875,2.46875,35.495691981115556,9.99011548168425,2.2352267942765454,-2.2176685961823375,2.3061245623373985,-2.4215949759816446,6.302446138041616,-0.1213984515089332,3.068159293893311,2.0372531834148058,1121.1674874979033,23.41348460451408,18.814609301667012,19.570538247685466,15.298462713132386,10.686121079108144,11.064085552117373,8.013388922237942,8.449824702709925,6.04740176865884,6.2993780839983256,3.866513934977168,3.9925020926469106,-2.829999999999999,13231940.133039102,23.825197999853643,10.192153193046474,4.814324381131927,192.68760861554864,15.160178952647087,5.749511833283905,0.0,5.907179729351506,5.907179729351506,0.0,14.156174015934997,0.0,0.0,0.0,31.86923591253977,60.86966421678028,21.66623701475158,31.69604267548068,19.4324647167844,34.31822428101658,0.0,9.883888251797686,5.917906046161393,39.654695674071846,13.716679505790452,64.30803377121505,5.749511833283905,10.05365155780638,0.0,5.749511833283905,11.600939890232516,41.24650683627348,11.21535880699783,12.841643245852017,41.88366418462153,42.46456947923127,5.022633313741326,10.902924932081056,80.56,0.0,14.69560176298435,0.0,36.801809921451294,27.546225351186948,17.3704973290878,0.0,42.008732531376936,32.903945735995094,5.316788604006331,16.337802844032566,6.999022186494228,5.97529418432991,26.23005558986935,13.93810375584717,2.636125491527428,0.39180482368925906,11.871738964328435,0.9305237576913123,5.727485051534607,1.5776239724660748,0.36,32,2,6,0,0,0,1,2,1,3,2,5,2,7,1,8,0,0,0,0,1,7.588439620911649,3,4.365920000000004,126.58300000000003,0,1,1,0,0,1,0,0,0,2,2,0,0,1,1,0,0,0,0,0,0,0,0,0,0,0,0,0,0,1,0,0,1,0,0,1,0,0,0,0,0,0,0,1,0,0,0,0,0,0,0,0,0,0,0,0,0,0,0,0,0,0,0,0,0,0,0,0
13.258172066296165,0.0664242529222685,-0.1639648945998149,0.6346615484074286,12.03448275862069,412.91700000000014,387.7170000000002,412.15537034,152,0.2620917316398913,-0.49674295955320136,0.49674295955320136,0.2620917316398913,1.1724137931034482,1.8620689655172413,2.4827586206896552,35.49569181763681,10.0674741012591,2.2193685291912373,-2.115350506900229,2.3050079863706228,-2.328025602440208,6.30243912839878,-0.12056870121420707,2.981535192606404,2.104116527975065,1054.1653499368954,21.129027554137906,17.08293865579088,17.838867601809334,13.849774308148643,9.62831168929411,10.006276162303337,7.14808535020667,7.584521130678655,5.19324481527625,5.445221130615735,3.3842522929927723,3.510240450662515,-2.789999999999999,3159067.72411496,20.931798241552162,8.700760123822908,4.29829240084099,175.16349063455942,10.05365155780638,5.749511833283905,0.0,5.907179729351506,5.907179729351506,0.0,14.156174015934997,0.0,0.0,0.0,18.524677089923138,68.29631699323552,27.70807784389954,19.047319881819803,14.325937321943693,34.31822428101658,0.0,9.883888251797686,0.0,39.654695674071846,7.109797541277533,64.30803377121505,5.749511833283905,10.05365155780638,0.0,5.749511833283905,11.600939890232516,29.53309747691986,11.21535880699783,6.923737199690624,41.88366418462153,42.46456947923127,5.022633313741326,10.902924932081056,60.33,0.0,9.589074368143644,0.0,24.27702191077698,16.335596638722226,28.581126041552523,0.0,35.942365462915326,38.970312804456704,5.316788604006331,16.337802844032566,7.0188642944423965,5.960436419464705,25.825684654167247,4.4044804601013094,2.8379036765158405,0.44755188888125486,12.435350398183651,1.0516826201757938,5.866070146363892,1.596419886148352,0.30434782608695654,29,1,5,0,0,0,1,2,1,3,1,4,1,6,1,6,0,0,0,0,0,6.2800881193104665,3,4.757420000000004,116.00720000000004,0,0,0,0,0,1,0,0,0,2,2,0,0,1,1,0,0,0,0,0,0,0,0,0,0,0,0,0,0,1,0,0,1,0,0,1,0,0,0,0,0,0,0,1,0,0,0,0,0,0,0,0,0,0,0,0,0,0,0,0,0,0,0,0,0,0,0,0
13.271436529106083,0.09017736415553901,-0.2950080138357145,0.6004814479530451,12.033333333333333,428.91600000000017,403.7160000000002,428.15028495999996,158,0.26209173163989136,-0.49674295955320136,0.49674295955320136,0.26209173163989136,1.2,1.9,2.5,35.495691879025074,10.066370178837406,2.2228251663563072,-2.1383534776979403,2.305104229870637,-2.37459213385853,6.302441176492149,-0.12100330329106583,3.0214649799485427,2.0780293485448067,1068.991785472306,21.836134335324452,17.237259032477386,17.99318797849584,14.387779110609426,9.775437476585184,10.153401949594413,7.126535390809794,7.562971171281779,5.251782702516867,5.5037590178563525,3.511843096925642,3.6378312545953846,-2.829999999999999,5410646.112333134,21.868763375571124,9.323156012434062,4.3454863370624235,179.95772438675544,15.160178952647087,5.749511833283905,0.0,5.907179729351506,5.907179729351506,0.0,14.156174015934997,0.0,0.0,0.0,18.524677089923138,61.372579793544894,21.66623701475158,31.69604267548068,19.4324647167844,34.31822428101658,0.0,9.883888251797686,0.0,32.730958474381225,13.716679505790452,64.30803377121505,5.749511833283905,10.05365155780638,0.0,5.749511833283905,11.600939890232516,41.24650683627348,11.21535880699783,6.923737199690624,34.95992698493091,42.46456947923127,5.022633313741326,10.902924932081056,80.56,0.0,14.69560176298435,0.0,30.8839038752899,33.96704697411296,10.949675706161791,0.0,42.008732531376936,25.980208536304467,5.316788604006331,16.337802844032566,6.961632921368221,5.954592378144473,25.886726894754943,13.53331210672898,2.6293548249912493,0.2311475678936008,11.850692725474552,0.7209881757313493,3.6032225095815438,1.572774339775533,0.30434782608695654,30,2,6,0,0,0,1,2,1,3,1,5,2,7,1,7,0,0,0,0,0,6.796196424981791,3,3.729820000000003,117.41900000000003,0,1,1,0,0,1,0,0,0,2,2,0,0,1,1,0,0,0,0,0,0,0,0,0,0,0,0,0,0,1,0,0,1,0,0,1,0,0,0,0,0,0,0,1,0,0,0,0,0,0,0,0,0,0,0,0,0,0,0,0,0,0,0,0,0,0,0,0
13.258172066296165,0.0664242529222685,-0.1639648945998149,0.6346615484074286,12.03448275862069,412.91700000000014,387.7170000000002,412.15537034,152,0.2620917316398913,-0.49674295955320136,0.49674295955320136,0.2620917316398913,1.1724137931034482,1.8620689655172413,2.4827586206896552,35.49569181763681,10.0674741012591,2.2193685291912373,-2.115350506900229,2.3050079863706228,-2.328025602440208,6.30243912839878,-0.12056870121420707,2.981535192606404,2.104116527975065,1054.1653499368954,21.129027554137906,17.08293865579088,17.838867601809334,13.849774308148643,9.62831168929411,10.006276162303337,7.14808535020667,7.584521130678655,5.19324481527625,5.445221130615735,3.3842522929927723,3.510240450662515,-2.789999999999999,3159067.72411496,20.931798241552162,8.700760123822908,4.29829240084099,175.16349063455942,10.05365155780638,5.749511833283905,0.0,5.907179729351506,5.907179729351506,0.0,14.156174015934997,0.0,0.0,0.0,18.524677089923138,68.29631699323552,27.70807784389954,19.047319881819803,14.325937321943693,34.31822428101658,0.0,9.883888251797686,0.0,39.654695674071846,7.109797541277533,64.30803377121505,5.749511833283905,10.05365155780638,0.0,5.749511833283905,11.600939890232516,29.53309747691986,11.21535880699783,6.923737199690624,41.88366418462153,42.46456947923127,5.022633313741326,10.902924932081056,60.33,0.0,9.589074368143644,0.0,24.27702191077698,16.335596638722226,28.581126041552523,0.0,35.942365462915326,38.970312804456704,5.316788604006331,16.337802844032566,7.0188642944423965,5.960436419464705,25.825684654167247,4.4044804601013094,2.8379036765158405,0.44755188888125486,12.435350398183651,1.0516826201757938,5.866070146363892,1.596419886148352,0.30434782608695654,29,1,5,0,0,0,1,2,1,3,1,4,1,6,1,6,0,0,0,0,0,6.2800881193104665,3,4.757420000000004,116.00720000000004,0,0,0,0,0,1,0,0,0,2,2,0,0,1,1,0,0,0,0,0,0,0,0,0,0,0,0,0,0,1,0,0,1,0,0,1,0,0,0,0,0,0,0,1,0,0,0,0,0,0,0,0,0,0,0,0,0,0,0,0,0,0,0,0,0,0,0,0
13.271436529106083,0.09017736415553901,-0.2950080138357145,0.6004814479530451,12.033333333333333,428.91600000000017,403.7160000000002,428.15028495999996,158,0.26209173163989136,-0.49674295955320136,0.49674295955320136,0.26209173163989136,1.2,1.9,2.5,35.495691879025074,10.066370178837406,2.2228251663563072,-2.1383534776979403,2.305104229870637,-2.37459213385853,6.302441176492149,-0.12100330329106583,3.0214649799485427,2.0780293485448067,1068.991785472306,21.836134335324452,17.237259032477386,17.99318797849584,14.387779110609426,9.775437476585184,10.153401949594413,7.126535390809794,7.562971171281779,5.251782702516867,5.5037590178563525,3.511843096925642,3.6378312545953846,-2.829999999999999,5410646.112333134,21.868763375571124,9.323156012434062,4.3454863370624235,179.95772438675544,15.160178952647087,5.749511833283905,0.0,5.907179729351506,5.907179729351506,0.0,14.156174015934997,0.0,0.0,0.0,18.524677089923138,61.372579793544894,21.66623701475158,31.69604267548068,19.4324647167844,34.31822428101658,0.0,9.883888251797686,0.0,32.730958474381225,13.716679505790452,64.30803377121505,5.749511833283905,10.05365155780638,0.0,5.749511833283905,11.600939890232516,41.24650683627348,11.21535880699783,6.923737199690624,34.95992698493091,42.46456947923127,5.022633313741326,10.902924932081056,80.56,0.0,14.69560176298435,0.0,30.8839038752899,33.96704697411296,10.949675706161791,0.0,42.008732531376936,25.980208536304467,5.316788604006331,16.337802844032566,6.961632921368221,5.954592378144473,25.886726894754943,13.53331210672898,2.6293548249912493,0.2311475678936008,11.850692725474552,0.7209881757313493,3.6032225095815438,1.572774339775533,0.30434782608695654,30,2,6,0,0,0,1,2,1,3,1,5,2,7,1,7,0,0,0,0,0,6.796196424981791,3,3.729820000000003,117.41900000000003,0,1,1,0,0,1,0,0,0,2,2,0,0,1,1,0,0,0,0,0,0,0,0,0,0,0,0,0,0,1,0,0,1,0,0,1,0,0,0,0,0,0,0,1,0,0,0,0,0,0,0,0,0,0,0,0,0,0,0,0,0,0,0,0,0,0,0,0
13.280497594303512,0.10982282865052917,-0.18171971553645383,0.6172746405532632,12.033333333333333,428.91600000000017,403.7160000000002,428.15028495999996,158,0.26209173163989136,-0.49674295955320136,0.49674295955320136,0.26209173163989136,1.1333333333333333,1.8333333333333333,2.466666666666667,35.495691879929524,10.069552236556454,2.220835425580691,-2.1271488586236855,2.304885043556946,-2.3620105152662862,6.302440691444081,-0.12089890512240153,2.984911987559355,2.056718183996661,1072.991785472306,21.836134335324452,17.49118694625474,18.247115892273197,14.34977430814864,9.618128333166238,9.996092806175465,7.195178861004287,7.631614641476272,4.997539046247121,5.2495153615866075,3.573856887043473,3.6998450447132156,-2.829999999999999,4988993.835654656,21.868763375571124,9.323156012434062,4.498835691274737,180.27703586406633,14.790514511606428,5.749511833283905,0.0,5.907179729351506,5.907179729351506,0.0,14.156174015934997,0.0,0.0,0.0,11.600939890232516,61.87549537030951,34.817875385177075,25.65420184633272,19.06280027574374,34.31822428101658,0.0,9.883888251797686,0.0,26.31013685145522,20.826477047067986,64.30803377121505,5.749511833283905,10.05365155780638,0.0,5.749511833283905,11.600939890232516,43.249776982710316,15.95222176079788,6.923737199690624,28.539105362004896,42.46456947923127,5.022633313741326,10.902924932081056,69.56,0.0,9.589074368143644,0.0,24.27702191077698,28.636406598083607,16.466376423778055,0.0,49.118530072654465,25.980208536304467,5.316788604006331,21.074665797832616,12.08084751644983,5.962016280575816,25.90838433183446,4.29404319105789,2.7379670110655567,0.3427829877487174,12.142517039493649,0.14330661585621907,4.154238863248546,3.178340607113761,0.30434782608695654,30,1,6,0,0,0,1,2,1,3,1,5,1,7,1,7,0,0,0,0,0,6.796196424981791,3,3.993820000000003,117.59220000000003,0,0,0,0,0,1,0,0,0,2,2,0,0,1,1,0,0,0,0,0,0,0,0,0,0,0,0,0,0,1,0,0,2,0,0,1,0,0,0,0,0,0,0,2,0,0,0,0,0,0,0,0,0,0,0,0,0,0,0,0,0,0,0,0,0,0,0,0
13.280497594303512,0.10982282865052917,-0.18171971553645383,0.6172746405532632,12.033333333333333,428.91600000000017,403.7160000000002,428.15028495999996,158,0.26209173163989136,-0.49674295955320136,0.49674295955320136,0.26209173163989136,1.1333333333333333,1.8333333333333333,2.466666666666667,35.495691879929524,10.069552236556454,2.220835425580691,-2.1271488586236855,2.304885043556946,-2.3620105152662862,6.302440691444081,-0.12089890512240153,2.984911987559355,2.056718183996661,1072.991785472306,21.836134335324452,17.49118694625474,18.247115892273197,14.34977430814864,9.618128333166238,9.996092806175465,7.195178861004287,7.631614641476272,4.997539046247121,5.2495153615866075,3.573856887043473,3.6998450447132156,-2.829999999999999,4988993.835654656,21.868763375571124,9.323156012434062,4.498835691274737,180.27703586406633,14.790514511606428,5.749511833283905,0.0,5.907179729351506,5.907179729351506,0.0,14.156174015934997,0.0,0.0,0.0,11.600939890232516,61.87549537030951,34.817875385177075,25.65420184633272,19.06280027574374,34.31822428101658,0.0,9.883888251797686,0.0,26.31013685145522,20.826477047067986,64.30803377121505,5.749511833283905,10.05365155780638,0.0,5.749511833283905,11.600939890232516,43.249776982710316,15.95222176079788,6.923737199690624,28.539105362004896,42.46456947923127,5.022633313741326,10.902924932081056,69.56,0.0,9.589074368143644,0.0,24.27702191077698,28.636406598083607,16.466376423778055,0.0,49.118530072654465,25.980208536304467,5.316788604006331,21.074665797832616,12.08084751644983,5.962016280575816,25.90838433183446,4.29404319105789,2.7379670110655567,0.3427829877487174,12.142517039493649,0.14330661585621907,4.154238863248546,3.178340607113761,0.30434782608695654,30,1,6,0,0,0,1,2,1,3,1,5,1,7,1,7,0,0,0,0,0,6.796196424981791,3,3.993820000000003,117.59220000000003,0,0,0,0,0,1,0,0,0,2,2,0,0,1,1,0,0,0,0,0,0,0,0,0,0,0,0,0,0,1,0,0,2,0,0,1,0,0,0,0,0,0,0,2,0,0,0,0,0,0,0,0,0,0,0,0,0,0,0,0,0,0,0,0,0,0,0,0
12.693328251745651,0.02447673695701935,-0.638926811924647,0.19165256563090619,10.954545454545455,588.6160000000002,560.3920000000003,588.189651236,220,0.3440490931043207,-0.5068931515071489,0.5068931515071489,0.3440490931043207,0.8863636363636364,1.6363636363636365,2.3636363636363638,16.567621318822923,10.110655744829373,2.1614970775583457,-2.091996980470252,2.3123088606776743,-2.1477612626002243,5.858608988227939,-0.14698508597062523,3.4725338565328863,1.1724307672902528,1994.8242047720628,30.630816786321514,24.02029866787979,24.02029866787979,21.372545033802687,13.828820637836774,13.828820637836774,10.102590113343297,10.102590113343297,7.003693700722552,7.003693700722552,4.760721462154819,4.760721462154819,-5.829999999999998,12190437112.96202,28.29718178837226,12.186186625018555,6.025333077567065,252.03611896924536,23.734267193294198,46.278837234194576,12.035672356413459,0.0,0.0,5.969305287951849,4.794537184071822,9.476340119217006,5.098681808301038,0.0,48.02802097092827,49.38830667892189,29.32600418877882,18.491111810809556,28.52880437736602,16.938549644058888,0.0,9.780484743446223,0.0,13.530619164203543,13.716679505790452,124.60894722636525,45.51700017165217,14.90251629950064,0.0,17.248535499851716,0.0,34.57299693202923,16.13828210238479,6.923737199690624,11.257379486545457,112.33992828497259,0.0,39.23770902790749,113.02000000000001,18.004977644365308,14.69560176298435,0.0,29.075149987187764,17.0176269054199,28.257729086209917,18.19910120538483,11.791600476422719,91.8528761581532,0.0,23.72642160675453,24.046766214572038,0.0,25.33286683240044,15.221868751786488,4.71212468304369,0.2764838248891388,30.626925429424016,0.0,1.50133931101439,1.6149582862031373,0.11428571428571428,44,1,9,0,0,0,0,4,2,6,0,9,1,9,2,9,0,0,0,0,0,7.837153141708652,6,6.457520000000007,165.16479999999962,0,0,0,0,0,2,0,1,0,1,1,0,0,2,0,0,0,0,0,0,0,0,0,0,0,0,1,0,0,1,0,1,3,0,0,0,0,0,0,0,0,0,0,1,0,0,0,0,0,0,0,0,1,1,0,0,0,0,0,0,0,0,0,0,0,0,0,0
12.687480298529277,0.01717185421961065,-0.6563740111900283,0.17828998481216984,10.954545454545455,609.0340000000002,583.8340000000003,608.1350288200001,220,0.3440490931043207,-0.5068931515071489,0.5068931515071489,0.3440490931043207,0.9090909090909091,1.6590909090909092,2.3863636363636362,35.49569262505342,10.110658603761625,2.161934424789081,-2.0915731194540776,2.3130214779320655,-2.1477445498843295,6.301381244825727,-0.14698493132436413,3.4725338565328863,1.1724307672902528,2001.375373762625,30.630816786321514,23.398263140889018,24.15419208690747,21.372545033802687,13.517802874341388,13.895767347350615,9.743457734389661,10.179893514861647,6.79634852505896,7.048324840398445,4.657048874323023,4.783037031992767,-5.539999999999998,12190437112.96202,28.5736277144362,12.365194901553238,6.13286866578601,255.9744430817304,23.734267193294198,46.278837234194576,12.035672356413459,0.0,0.0,5.969305287951849,4.794537184071822,9.476340119217006,5.098681808301038,0.0,41.932775232540564,54.59730361615449,34.34863750252015,18.491111810809556,28.52880437736602,28.539489534291405,0.0,9.780484743446223,0.0,6.606881964512918,13.716679505790452,124.06812904840957,45.51700017165217,14.90251629950064,0.0,17.248535499851716,11.600939890232516,34.57299693202923,16.13828210238479,0.0,5.693927994848461,112.33992828497259,5.022633313741326,39.23770902790749,113.02000000000001,18.004977644365308,14.69560176298435,0.0,29.075149987187764,22.040260219161226,22.694277594512922,18.19910120538483,36.05706875026916,60.6636706846161,5.098681808301038,30.228679688686007,23.93255596986516,6.083694919574736,25.312358385356905,15.760993715165588,3.3734174532633667,0.21605614848961574,29.71746126372087,0.0,-0.5545599154723935,1.6024665044805864,0.08823529411764706,44,1,9,0,0,0,0,4,2,6,0,9,1,10,2,9,0,0,0,0,0,8.02996535757788,6,6.802500000000006,165.43779999999964,0,0,0,0,0,2,0,1,0,1,1,0,0,2,0,0,0,0,0,0,0,0,0,0,0,0,0,0,0,1,0,1,3,0,0,1,0,0,0,0,0,0,0,1,0,0,0,0,0,0,0,0,1,1,0,0,0,0,0,0,0,0,0,0,0,0,0,0
12.678449029648824,0.02432805616117162,-0.6395053243213413,0.20473654163361962,10.906976744186046,574.5890000000003,548.3810000000003,574.1740011720001,214,0.3440490931043207,-0.5068931515071489,0.5068931515071489,0.3440490931043207,0.8604651162790697,1.5813953488372092,2.302325581395349,16.567618624513877,10.110658665502761,2.160202164588458,-2.091105734040515,2.3117533373095,-2.1477294714877826,5.858573395129792,-0.14698482977647634,3.4748622712985666,1.1666770324704967,1947.4793855304333,29.760573298318434,23.097648937069415,23.097648937069415,20.978698183685335,13.418137035313816,13.418137035313816,9.6025901133433,9.6025901133433,6.725915922944775,6.725915922944775,4.643952099667298,4.643952099667298,-5.829999999999998,8625696095.04184,27.34528012146821,11.956836327598964,5.9610643763676965,245.67117685484874,23.734267193294198,46.278837234194576,12.035672356413459,0.0,0.0,5.969305287951849,4.794537184071822,9.476340119217006,5.098681808301038,0.0,48.53093654769288,42.46456947923127,29.32600418877882,18.491111810809556,28.52880437736602,16.938549644058888,0.0,9.780484743446223,0.0,6.606881964512918,13.716679505790452,125.11186280312987,45.51700017165217,14.90251629950064,0.0,17.248535499851716,0.0,34.57299693202923,16.13828210238479,0.0,5.693927994848461,118.4062953534342,0.0,39.23770902790749,113.02000000000001,18.004977644365308,14.69560176298435,0.0,29.075149987187764,17.0176269054199,22.694277594512922,18.19910120538483,11.791600476422719,90.99550602692418,5.098681808301038,18.627739798453494,23.983463218086143,0.0,25.280510567144752,15.176909734682914,3.573973522852739,0.2747510996788165,32.276569466882606,0.0,-0.5121544140496361,1.6126434713883224,0.08823529411764706,43,1,9,0,0,0,0,4,2,6,0,9,1,9,2,9,0,0,0,0,0,7.603791598714905,6,6.149100000000006,160.42779999999962,0,0,0,0,0,2,0,1,0,1,1,0,0,2,0,0,0,0,0,0,0,0,0,0,0,0,0,0,0,1,0,1,3,0,0,0,0,0,0,0,0,0,0,1,0,0,0,0,0,0,0,1,1,1,0,0,0,0,0,0,0,0,0,0,0,0,0,0
13.276143021640857,0.06927458637776107,-0.7359388294879718,0.6264886777492005,11.533333333333333,428.91600000000017,403.7160000000001,428.15028496,158,0.262091731639899,-0.49674295955320136,0.49674295955320136,0.262091731639899,1.1666666666666667,1.8333333333333333,2.433333333333333,35.495691879415666,10.039708220320426,2.2423851357368,-2.2306131740033104,2.306012353880295,-2.4643719054171727,6.302443274989304,-0.12202142879758153,2.9802190170026623,2.101921611716225,1100.5837496045656,22.05167728494828,17.45280198210121,18.208730928119664,14.163034239217842,9.566712370469373,9.9446768434786,7.861449281646394,8.297885062118379,5.046577541077904,5.2985538564173895,3.4174819003518246,3.5434700580215672,-2.8299999999999996,4136234.0528219272,21.868763375571124,8.49797316273814,4.3454863370624235,179.95772438675544,15.160178952647085,5.749511833283905,0.0,5.907179729351506,5.907179729351506,0.0,14.156174015934997,0.0,0.0,0.0,11.600939890232516,68.79923257000013,21.66623701475158,31.193127098716065,19.4324647167844,34.31822428101658,0.0,9.883888251797686,0.0,32.730958474381225,13.716679505790452,64.30803377121505,5.749511833283905,10.05365155780638,0.0,5.749511833283905,11.600939890232516,40.74359125950887,11.21535880699783,6.923737199690624,35.462842561695524,42.46456947923127,5.022633313741326,10.902924932081056,80.56,5.538925252383345,14.69560176298435,0.0,24.842063046141938,27.54622535118695,10.949675706161791,0.0,55.856206930758184,19.056471336613846,5.316788604006331,16.337802844032566,6.954153214009814,5.9539227133905595,25.937752831734166,13.578769462255018,1.8591656146678506,0.19035152879895056,12.118582139874523,0.06927458637776107,5.129663578298565,1.5694754417039076,0.30434782608695654,30,2,6,0,0,0,1,2,1,3,0,5,2,7,1,6,0,0,0,0,0,6.194672142262472,3,3.729820000000003,117.41900000000001,0,1,1,0,0,1,0,0,0,2,2,0,0,1,1,0,0,0,0,0,0,0,0,0,0,0,0,0,0,1,0,0,1,0,0,1,0,0,0,0,0,0,0,1,0,0,0,0,0,0,0,0,0,0,0,0,0,0,0,0,0,0,0,0,0,0,0,0
13.313491176609308,0.08697222365377111,-0.17604166729683524,0.43963868501761844,11.0,456.97000000000014,427.73800000000017,456.181585088,170,0.26209173163988353,-0.49674295955320136,0.49674295955320136,0.26209173163988353,1.0625,1.78125,2.46875,35.495691980690246,10.070849850566512,2.215758273510412,-2.083640611397523,2.3048000132099604,-2.260628928518444,6.302443135050827,-0.11995020549700033,3.0626325837616863,1.8679273536427505,1089.5101285901158,23.087211190881018,18.48833588803395,19.244264834052405,15.455927458031294,10.816712370469373,11.1946768434786,7.759048977574502,8.195484758046486,5.580544463905996,5.832520779245481,3.83700061711149,3.9629887747812327,-2.8299999999999996,15310137.037815675,23.825197999853643,11.158402590208919,5.49919292563346,192.6876086155487,15.160178952647085,5.749511833283905,0.0,5.907179729351506,5.907179729351506,0.0,14.156174015934997,0.0,0.0,0.0,24.442583136084536,67.7934014164709,34.81787538517707,19.047319881819803,19.4324647167844,34.31822428101658,0.0,9.883888251797686,0.0,39.02784531432067,20.26143591170303,64.30803377121505,5.749511833283905,10.05365155780638,0.0,5.749511833283905,11.600939890232516,41.7494224130381,11.21535880699783,6.923737199690624,47.29865465401831,42.46456947923127,5.022633313741326,10.902924932081056,80.56,0.0,9.589074368143644,0.0,24.842063046141938,22.880353044634802,47.843590910330555,0.0,35.942365462915326,25.122838405075456,5.316788604006331,21.44433023887327,7.02246238515157,5.9729627183750065,25.9605596192297,13.189371422736857,2.7818937185810713,0.40285037275571134,12.29113472290708,3.746093401791146,2.6534504853670215,1.5903322642159499,0.36,32,2,6,0,0,0,1,2,1,3,0,5,2,7,1,10,0,0,0,0,0,8.307848471056476,3,4.511620000000003,126.67500000000004,0,1,1,0,0,1,0,0,0,2,2,0,0,1,1,0,0,0,0,0,0,0,0,0,0,0,0,0,0,1,0,0,1,0,0,1,0,0,0,0,0,0,0,1,0,0,0,0,0,0,0,0,0,0,0,0,0,0,0,0,0,0,0,0,0,0,3,0
13.286087548491395,0.10378678126693974,-0.18056004269433168,0.48828109348072196,10.96774193548387,442.9430000000001,415.7270000000002,442.165935024,164,0.26209173163988353,-0.49674295955320136,0.49674295955320136,0.26209173163988353,1.096774193548387,1.8387096774193548,2.5161290322580645,35.49569192974409,10.071307078394673,2.2156482102373958,-2.083213858199622,2.304675004944283,-2.260906610584837,6.3024411335737,-0.11994720150143115,3.0382555676590286,1.9306683520840018,1073.367978198047,22.38010440969447,17.781229106847405,18.53715805286586,14.955927458031294,10.316712370469373,10.6946768434786,7.405495586981228,7.841931367453213,5.330544463905996,5.582520779245481,3.660223921814853,3.7862120794845957,-2.8299999999999996,9385001.30618695,22.84628043890938,10.463810878413756,5.266470854671826,186.32266650115207,15.160178952647085,5.749511833283905,0.0,5.907179729351506,5.907179729351506,0.0,14.156174015934997,0.0,0.0,0.0,11.600939890232516,74.21422303939693,34.81787538517707,19.047319881819803,19.4324647167844,34.31822428101658,0.0,9.883888251797686,0.0,32.60702369139466,20.26143591170303,64.30803377121505,5.749511833283905,10.05365155780638,0.0,5.749511833283905,11.600939890232516,41.7494224130381,11.21535880699783,6.923737199690624,40.8778330310923,42.46456947923127,5.022633313741326,10.902924932081056,80.56,0.0,9.589074368143644,0.0,24.842063046141938,22.880353044634802,41.42276928740454,0.0,42.008732531376936,19.056471336613846,5.316788604006331,21.44433023887327,7.003032951642465,5.964306208679715,25.86760043555623,13.155027805933008,2.7563000019321597,0.37699906434755004,12.255928311294694,2.5727135780595085,2.57324548944983,1.5859572642159498,0.3333333333333333,31,2,6,0,0,0,1,2,1,3,0,5,2,7,1,9,0,0,0,0,0,7.7115857350952055,3,4.121520000000003,122.05800000000002,0,1,1,0,0,1,0,0,0,2,2,0,0,1,1,0,0,0,0,0,0,0,0,0,0,0,0,0,0,1,0,0,1,0,0,1,0,0,0,0,0,0,0,1,0,0,0,0,0,0,0,0,0,0,0,0,0,0,0,0,0,0,0,0,0,0,2,0
13.216045582604025,0.08642736415553909,-0.6315131434833268,0.6478674194754074,12.03448275862069,414.8890000000001,391.70500000000015,414.134634896,152,0.2620917316398836,-0.49674295955320136,0.49674295955320136,0.2620917316398836,1.206896551724138,1.896551724137931,2.5172413793103448,35.495691828090166,10.071919543852086,2.216943748440246,-2.088051257804478,2.3044319363210706,-2.3138177678229126,6.302437716558515,-0.12037473276474418,2.96895911232273,2.080134521103182,1054.8546668183496,21.129027554137906,16.530152251290836,17.28608119730929,13.81176950568786,9.244282053853185,9.622246526862412,6.924374128729439,7.360809909201424,4.768127196366367,5.020103511705853,3.2803771654287064,3.406365323098449,-2.8299999999999996,3012602.8112738742,20.892790996244848,8.675105845894873,4.439451494185308,173.59278227235882,15.160178952647085,5.749511833283905,0.0,5.907179729351506,5.907179729351506,0.0,14.156174015934997,0.0,0.0,0.0,11.600939890232516,61.87549537030951,28.210993420664153,25.151286269568104,19.4324647167844,34.31822428101658,0.0,9.883888251797686,0.0,26.37226241005556,13.65455394719011,64.30803377121505,5.749511833283905,10.05365155780638,0.0,5.749511833283905,11.600939890232516,41.246506836273475,11.21535880699783,6.923737199690624,28.539105362004896,42.46456947923127,5.022633313741326,10.902924932081056,80.56,6.103966387748303,14.69560176298435,0.0,24.779937487541595,27.54622535118695,10.949675706161791,0.0,48.93246973106756,19.056471336613846,5.316788604006331,16.337802844032566,6.932632280988612,5.94113452952179,25.607585948252886,13.419608403025276,2.6125995549820114,0.2074207160417485,12.108753280153662,-0.5450857793277877,3.591442658634021,1.5683528521722272,0.2727272727272727,29,2,6,0,0,0,1,2,1,3,1,5,2,7,1,6,0,0,0,0,0,6.249902527882188,3,3.3397200000000016,112.80199999999999,0,1,1,0,0,1,0,0,0,2,2,0,0,1,1,0,0,0,0,0,0,0,0,0,0,0,0,0,0,1,0,0,1,0,0,1,0,0,0,0,0,0,0,1,0,0,0,0,0,0,0,0,0,0,0,0,0,0,0,0,0,0,0,0,0,0,0,0
13.372926649699878,0.05348062064331982,-0.8063279582981402,0.4051618958993586,11.882352941176471,476.96000000000015,451.7600000000002,476.15028496,174,0.2620917316398836,-0.49674295955320136,0.49674295955320136,0.2620917316398836,1.0588235294117647,1.7647058823529411,2.4411764705882355,35.49569208236177,10.065960260184834,2.220585153687858,-2.1228842534073116,2.30576675850383,-2.294722882024996,6.302456989544457,-0.12044175331390689,3.1287571186660177,1.6346024478506669,1330.5113981717786,24.24191172926027,18.916903597238967,19.67283254325742,16.384249150759292,10.866290521781332,11.244254994790559,8.001834141146887,8.43826992161887,5.850411074057752,6.102387389397237,4.022385238187672,4.148373395857414,-3.609999999999999,52850664.88782298,23.54490996841757,10.11624006546657,4.8321913072100555,202.28493436402627,15.160178952647085,5.749511833283905,0.0,5.907179729351506,5.907179729351506,0.0,14.156174015934997,0.0,0.0,0.0,41.932775232540564,60.51520966231588,28.210993420664153,25.151286269568104,19.4324647167844,34.31822428101658,0.0,9.883888251797686,0.0,19.448525210364934,13.65455394719011,100.20332060522011,5.749511833283905,10.05365155780638,0.0,5.749511833283905,11.600939890232516,35.14254044852518,11.21535880699783,6.923737199690624,33.28278604175957,72.79640482153933,5.022633313741326,10.902924932081056,80.56,6.103966387748303,14.69560176298435,0.0,24.779937487541595,27.54622535118695,16.513127197858786,0.0,42.008732531376936,49.38830667892189,5.316788604006331,16.337802844032566,6.985740202110463,5.9802346070679375,26.195786302322787,14.469108285077315,3.297527269832928,0.16586510583166802,21.287039145181414,-0.7528473376548204,1.9119898643543867,1.570667666987042,0.18518518518518517,34,2,6,0,0,0,1,3,1,4,1,5,2,7,1,7,0,0,0,0,0,7.005469457656149,4,4.692520000000004,132.52299999999997,0,1,1,0,0,1,0,0,0,2,2,0,0,1,1,0,0,0,0,0,0,0,0,0,0,0,0,0,0,1,0,0,1,0,0,1,0,0,0,0,0,0,0,1,0,0,0,0,0,0,0,0,0,0,0,0,0,0,0,0,0,0,0,0,0,0,0,0
13.216045582604025,0.08642736415553909,-0.6315131434833268,0.6478674194754074,12.03448275862069,414.8890000000001,391.70500000000015,414.134634896,152,0.2620917316398836,-0.49674295955320136,0.49674295955320136,0.2620917316398836,1.206896551724138,1.896551724137931,2.5172413793103448,35.495691828090166,10.071919543852086,2.216943748440246,-2.088051257804478,2.3044319363210706,-2.3138177678229126,6.302437716558515,-0.12037473276474418,2.96895911232273,2.080134521103182,1054.8546668183496,21.129027554137906,16.530152251290836,17.28608119730929,13.81176950568786,9.244282053853185,9.622246526862412,6.924374128729439,7.360809909201424,4.768127196366367,5.020103511705853,3.2803771654287064,3.406365323098449,-2.8299999999999996,3012602.8112738742,20.892790996244848,8.675105845894873,4.439451494185308,173.59278227235882,15.160178952647085,5.749511833283905,0.0,5.907179729351506,5.907179729351506,0.0,14.156174015934997,0.0,0.0,0.0,11.600939890232516,61.87549537030951,28.210993420664153,25.151286269568104,19.4324647167844,34.31822428101658,0.0,9.883888251797686,0.0,26.37226241005556,13.65455394719011,64.30803377121505,5.749511833283905,10.05365155780638,0.0,5.749511833283905,11.600939890232516,41.246506836273475,11.21535880699783,6.923737199690624,28.539105362004896,42.46456947923127,5.022633313741326,10.902924932081056,80.56,6.103966387748303,14.69560176298435,0.0,24.779937487541595,27.54622535118695,10.949675706161791,0.0,48.93246973106756,19.056471336613846,5.316788604006331,16.337802844032566,6.932632280988612,5.94113452952179,25.607585948252886,13.419608403025276,2.6125995549820114,0.2074207160417485,12.108753280153662,-0.5450857793277877,3.591442658634021,1.5683528521722272,0.2727272727272727,29,2,6,0,0,0,1,2,1,3,1,5,2,7,1,6,0,0,0,0,0,6.249902527882188,3,3.3397200000000016,112.80199999999999,0,1,1,0,0,1,0,0,0,2,2,0,0,1,1,0,0,0,0,0,0,0,0,0,0,0,0,0,0,1,0,0,1,0,0,1,0,0,0,0,0,0,0,1,0,0,0,0,0,0,0,0,0,0,0,0,0,0,0,0,0,0,0,0,0,0,0,0
13.372926649699878,0.05348062064331982,-0.8063279582981402,0.4051618958993586,11.882352941176471,476.96000000000015,451.7600000000002,476.15028496,174,0.2620917316398836,-0.49674295955320136,0.49674295955320136,0.2620917316398836,1.0588235294117647,1.7647058823529411,2.4411764705882355,35.49569208236177,10.065960260184834,2.220585153687858,-2.1228842534073116,2.30576675850383,-2.294722882024996,6.302456989544457,-0.12044175331390689,3.1287571186660177,1.6346024478506669,1330.5113981717786,24.24191172926027,18.916903597238967,19.67283254325742,16.384249150759292,10.866290521781332,11.244254994790559,8.001834141146887,8.43826992161887,5.850411074057752,6.102387389397237,4.022385238187672,4.148373395857414,-3.609999999999999,52850664.88782298,23.54490996841757,10.11624006546657,4.8321913072100555,202.28493436402627,15.160178952647085,5.749511833283905,0.0,5.907179729351506,5.907179729351506,0.0,14.156174015934997,0.0,0.0,0.0,41.932775232540564,60.51520966231588,28.210993420664153,25.151286269568104,19.4324647167844,34.31822428101658,0.0,9.883888251797686,0.0,19.448525210364934,13.65455394719011,100.20332060522011,5.749511833283905,10.05365155780638,0.0,5.749511833283905,11.600939890232516,35.14254044852518,11.21535880699783,6.923737199690624,33.28278604175957,72.79640482153933,5.022633313741326,10.902924932081056,80.56,6.103966387748303,14.69560176298435,0.0,24.779937487541595,27.54622535118695,16.513127197858786,0.0,42.008732531376936,49.38830667892189,5.316788604006331,16.337802844032566,6.985740202110463,5.9802346070679375,26.195786302322787,14.469108285077315,3.297527269832928,0.16586510583166802,21.287039145181414,-0.7528473376548204,1.9119898643543867,1.570667666987042,0.18518518518518517,34,2,6,0,0,0,1,3,1,4,1,5,2,7,1,7,0,0,0,0,0,7.005469457656149,4,4.692520000000004,132.52299999999997,0,1,1,0,0,1,0,0,0,2,2,0,0,1,1,0,0,0,0,0,0,0,0,0,0,0,0,0,0,1,0,0,1,0,0,1,0,0,0,0,0,0,0,1,0,0,0,0,0,0,0,0,0,0,0,0,0,0,0,0,0,0,0,0,0,0,0,0
13.358594047046427,0.0053652899832412615,-0.1936304474345596,0.5953044654459168,16.4375,455.9420000000001,429.73400000000026,455.161183992,168,0.2620917316656478,-0.4967429595531474,0.4967429595531474,0.2620917316656478,1.21875,1.96875,2.65625,35.49569199135129,10.074521297772067,2.2665157551037227,-2.229439499504917,2.3067797429214543,-2.465832218510272,6.302445956563529,-0.1255043176716457,3.348179848503533,1.7121764842302083,1156.2558710482915,22.827698166887174,18.09868619035044,18.854615136368892,15.42225395322008,10.577689014317805,10.955653487327032,7.978275849784882,8.414711630256866,6.029678894499213,6.281655209838698,4.328739517721571,4.454727675391314,-2.8699999999999997,22030501.087096877,22.328445972433993,9.321256096997125,4.235762174861941,191.0468050380612,9.843390348640755,5.749511833283905,0.0,5.907179729351506,5.907179729351506,0.0,19.58196541304538,5.008912523954532,0.0,0.0,11.600939890232516,67.7934014164709,28.210993420664153,31.696042675480683,19.4324647167844,34.31822428101658,0.0,15.001803568856271,0.0,32.22804289761662,20.26143591170303,64.30803377121505,5.749511833283905,10.162654350910433,0.0,5.749511833283905,11.600939890232516,52.80017576614058,11.21535880699783,6.923737199690624,34.457011408166295,42.46456947923127,5.022633313741326,10.902924932081056,83.79999999999998,0.0,14.69560176298435,0.0,30.8839038752899,34.09098175709953,23.79131895201381,0.0,47.01764505533147,19.056471336613846,5.425791397110385,16.337802844032566,7.0124592229759966,5.97794663337659,26.25095924262726,12.665392622802916,5.592241262764502,0.26877633876732077,12.159269136579788,1.878561950168885,2.5568271454128073,1.5820108889683757,0.3333333333333333,32,2,7,0,1,1,1,2,1,3,1,6,2,8,2,6,0,1,1,0,0,6.504036348656914,4,3.3306200000000024,123.06800000000003,0,1,1,0,0,1,0,0,0,2,2,0,0,2,1,0,0,0,0,0,0,0,0,0,0,0,0,0,0,1,0,0,1,0,0,1,1,0,0,0,0,0,0,1,0,0,0,0,0,0,0,0,0,0,0,0,0,0,0,0,0,0,0,0,0,0,0,0
13.358594047046427,0.0053652899832412615,-0.1936304474345596,0.5953044654459168,16.4375,455.9420000000001,429.73400000000026,455.161183992,168,0.2620917316656478,-0.4967429595531474,0.4967429595531474,0.2620917316656478,1.21875,1.96875,2.65625,35.49569199135129,10.074521297772067,2.2665157551037227,-2.229439499504917,2.3067797429214543,-2.465832218510272,6.302445956563529,-0.1255043176716457,3.348179848503533,1.7121764842302083,1156.2558710482915,22.827698166887174,18.09868619035044,18.854615136368892,15.42225395322008,10.577689014317805,10.955653487327032,7.978275849784882,8.414711630256866,6.029678894499213,6.281655209838698,4.328739517721571,4.454727675391314,-2.8699999999999997,22030501.087096877,22.328445972433993,9.321256096997125,4.235762174861941,191.0468050380612,9.843390348640755,5.749511833283905,0.0,5.907179729351506,5.907179729351506,0.0,19.58196541304538,5.008912523954532,0.0,0.0,11.600939890232516,67.7934014164709,28.210993420664153,31.696042675480683,19.4324647167844,34.31822428101658,0.0,15.001803568856271,0.0,32.22804289761662,20.26143591170303,64.30803377121505,5.749511833283905,10.162654350910433,0.0,5.749511833283905,11.600939890232516,52.80017576614058,11.21535880699783,6.923737199690624,34.457011408166295,42.46456947923127,5.022633313741326,10.902924932081056,83.79999999999998,0.0,14.69560176298435,0.0,30.8839038752899,34.09098175709953,23.79131895201381,0.0,47.01764505533147,19.056471336613846,5.425791397110385,16.337802844032566,7.0124592229759966,5.97794663337659,26.25095924262726,12.665392622802916,5.592241262764502,0.26877633876732077,12.159269136579788,1.878561950168885,2.5568271454128073,1.5820108889683757,0.3333333333333333,32,2,7,0,1,1,1,2,1,3,1,6,2,8,2,6,0,1,1,0,0,6.504036348656914,4,3.3306200000000024,123.06800000000003,0,1,1,0,0,1,0,0,0,2,2,0,0,2,1,0,0,0,0,0,0,0,0,0,0,0,0,0,0,1,0,0,1,0,0,1,1,0,0,0,0,0,0,1,0,0,0,0,0,0,0,0,0,0,0,0,0,0,0,0,0,0,0,0,0,0,0,0
13.225114215056495,0.08406625304442761,-0.34593393976164033,0.6478674194754074,12.03448275862069,414.8890000000001,391.70500000000015,414.134634896,152,0.26209173163989136,-0.49674295955320136,0.49674295955320136,0.26209173163989136,1.206896551724138,1.896551724137931,2.5172413793103448,35.49569182807921,10.069614726665488,2.2200132663032797,-2.110221146164115,2.3047551783332922,-2.3564359609350696,6.3024387230426075,-0.12083071012175114,2.981535192606404,2.104116527975065,1056.8546668183496,21.129027554137906,16.530152251290836,17.28608119730929,13.849774308148644,9.2374326741244,9.615397147133628,6.922411245577861,7.358847026049846,4.854733658333039,5.106709973672524,3.3278337668355684,3.453821924505311,-2.8299999999999996,3159067.72411496,20.892790996244848,8.675105845894873,4.282786601902735,173.59278227235882,15.160178952647085,5.749511833283905,0.0,5.907179729351506,5.907179729351506,0.0,14.156174015934997,0.0,0.0,0.0,11.600939890232516,61.87549537030951,27.708077843899538,25.65420184633272,19.4324647167844,34.31822428101658,0.0,9.883888251797686,0.0,26.31013685145522,13.716679505790452,64.30803377121505,5.749511833283905,10.05365155780638,0.0,5.749511833283905,11.600939890232516,41.24650683627348,11.21535880699783,6.923737199690624,28.539105362004896,42.46456947923127,5.022633313741326,10.902924932081056,80.56,0.0,14.69560176298435,0.0,30.8839038752899,27.54622535118695,10.949675706161791,0.0,48.93246973106756,19.056471336613846,5.316788604006331,16.337802844032566,6.936423727153344,5.942658641686927,25.681515691816465,13.249002903264557,2.611330456165564,0.20755188888125486,11.765572552788091,0.08406625304442761,3.397680221273237,1.5686421083705744,0.2727272727272727,29,2,6,0,0,0,1,2,1,3,1,5,2,7,1,6,0,0,0,0,0,6.249902527882188,3,3.3397200000000025,112.80199999999999,0,1,1,0,0,1,0,0,0,2,2,0,0,1,1,0,0,0,0,0,0,0,0,0,0,0,0,0,0,1,0,0,1,0,0,1,0,0,0,0,0,0,0,1,0,0,0,0,0,0,0,0,0,0,0,0,0,0,0,0,0,0,0,0,0,0,0,0
13.314425509822335,0.08295514193331677,-0.32741542124312195,0.5796694608759968,12.225806451612904,442.9430000000002,415.7270000000002,442.165935024,164,0.26209173163989136,-0.49674295955320136,0.49674295955320136,0.26209173163989136,1.1612903225806452,1.8387096774193548,2.4193548387096775,35.49569193016098,10.03437281370421,2.23058945473301,-2.195413636882441,2.305643899555748,-2.414441170860978,6.302443905329452,-0.12133890187671774,3.0194688622633064,2.06307128205675,1102.9599423303066,22.706377823327532,18.107502520480462,18.863431466498916,14.760457910671605,10.148116276647361,10.526080749656588,7.871873683437659,8.308309463909644,5.52130234799722,5.773278663336705,3.6372775624361497,3.7632657201058923,-2.8299999999999996,7614883.068869975,22.84628043890938,9.537669851940215,4.754403604777324,186.32266650115204,15.160178952647085,5.749511833283905,0.0,5.907179729351506,5.907179729351506,0.0,14.156174015934997,0.0,0.0,0.0,25.448414289613766,60.86966421678028,21.66623701475158,31.696042675480683,19.4324647167844,34.31822428101658,0.0,9.883888251797686,5.917906046161393,33.23387405114585,13.716679505790452,64.30803377121505,5.749511833283905,10.05365155780638,0.0,5.749511833283905,11.600939890232516,41.24650683627348,11.21535880699783,12.841643245852017,35.462842561695524,42.46456947923127,5.022633313741326,10.902924932081056,80.56,0.0,14.69560176298435,0.0,36.801809921451294,27.54622535118695,10.949675706161791,0.0,42.008732531376936,32.903945735995094,5.316788604006331,16.337802844032566,6.97830044891643,5.96482543432991,26.075271431026753,13.750975832146827,2.6227755468025746,0.32564779889587037,11.829683400320658,0.08295514193331677,5.57319099316159,1.5741517502438525,0.3333333333333333,31,2,6,0,0,0,1,2,1,3,1,5,2,7,1,7,0,0,0,0,0,7.029041295843789,3,3.9758200000000032,121.96600000000004,0,1,1,0,0,1,0,0,0,2,2,0,0,1,1,0,0,0,0,0,0,0,0,0,0,0,0,0,0,1,0,0,1,0,0,1,0,0,0,0,0,0,0,1,0,0,0,0,0,0,0,0,0,0,0,0,0,0,0,0,0,0,0,0,0,0,0,0
13.346390615423804,0.08828771940875146,-0.3042672730949738,0.5271980171591969,12.21875,456.97000000000014,427.73800000000017,456.181585088,170,0.26209173163989136,-0.49674295955320136,0.49674295955320136,0.26209173163989136,1.15625,1.84375,2.4375,35.49569198109893,10.030357589133459,2.2273596194507554,-2.180031458904491,2.3057609068090423,-2.3888040442206036,6.302445686208932,-0.12109314463420755,3.0302100683161237,2.018026457389025,1119.167487497903,23.413484604514082,18.814609301667012,19.570538247685466,15.243621158265999,10.631279524241755,11.009243997250982,8.347836210858794,8.78427199133078,5.514905740345578,5.7668820556850635,3.9831783375138143,4.109166495183556,-2.8299999999999996,11847588.05014402,23.825197999853643,10.192153193046474,5.139691602008813,192.68760861554867,15.160178952647085,5.749511833283905,0.0,5.907179729351506,5.907179729351506,0.0,14.156174015934997,0.0,0.0,0.0,25.448414289613766,67.29048583970629,21.66623701475158,31.696042675480683,19.4324647167844,34.31822428101658,0.0,9.883888251797686,5.917906046161393,39.654695674071846,13.716679505790452,64.30803377121505,5.749511833283905,10.05365155780638,0.0,5.749511833283905,11.600939890232516,41.24650683627348,11.21535880699783,12.841643245852017,41.88366418462153,42.46456947923127,5.022633313741326,10.902924932081056,80.56,0.0,14.69560176298435,0.0,30.8839038752899,39.88495302027435,10.949675706161791,0.0,42.008732531376936,32.903945735995094,5.316788604006331,16.337802844032566,6.996206349249729,5.974048396662992,26.184281132244244,13.86649227385756,2.6371736127451024,0.5863858737955482,11.87898903304048,0.7746540865401174,5.802143050236843,1.5774039694051627,0.36,32,2,6,0,0,0,1,2,1,3,1,5,2,7,1,8,0,0,0,0,0,7.588439620911649,3,4.365920000000004,126.58300000000003,0,1,1,0,0,1,0,0,0,2,2,0,0,1,1,0,0,0,0,0,0,0,0,0,0,0,0,0,0,1,0,0,1,0,0,1,0,0,0,0,0,0,0,1,0,0,0,0,0,0,0,0,0,0,0,0,0,0,0,0,0,0,0,0,0,0,0,0
13.341034188957238,0.08945103195599247,-0.29736912494682555,0.4882649985231521,12.03125,475.0100000000001,447.7940000000002,474.138006024,170,0.26209173163989136,-0.49674295955320136,0.49674295955320136,0.26209173163989136,1.21875,1.9375,2.5625,35.495692312519544,10.06621150555679,2.2250814190867265,-2.155843042120925,2.3055105415268766,-2.384272376120298,7.980979863491602,-0.12099352498167944,3.06526465618164,1.9994631134433676,1111.3798567083136,23.25034789769755,18.352614104127795,19.925039631073975,15.387779110609431,10.265254120457316,12.037065443583892,7.499761514767487,8.921795854892958,5.42942041064915,6.325347276848014,3.704247484632295,4.350455699561976,-2.4799999999999995,14225942.31357349,24.168126079002292,10.897730634202178,5.2844236838782965,196.4457765265173,15.160178952647085,5.749511833283905,0.0,5.907179729351506,5.907179729351506,0.0,14.156174015934997,0.0,11.761884949391115,0.0,11.600939890232516,73.3812025838031,21.66623701475158,31.696042675480683,19.4324647167844,46.0801092304077,0.0,9.883888251797686,0.0,25.807221274690605,25.725302296048646,64.30803377121505,5.749511833283905,10.05365155780638,0.0,5.749511833283905,23.36282483962363,53.25512962653168,11.21535880699783,6.923737199690624,28.036189785240282,42.46456947923127,5.022633313741326,10.902924932081056,80.56,0.0,14.69560176298435,0.0,30.8839038752899,33.96704697411296,16.70252931290858,0.0,53.77061748076805,25.312240520125247,5.316788604006331,16.337802844032566,6.994054472665063,7.637713866936757,26.153780620365737,13.825420805918533,2.6380148564303774,1.086214575111027,11.884372840884602,2.762645655703407,1.7183273284706342,1.5772327552916408,0.3333333333333333,32,2,6,0,0,0,1,2,1,3,1,6,2,8,1,9,0,0,0,0,0,8.23055399820012,3,4.0729200000000025,130.127,0,1,1,0,0,1,0,0,0,2,2,0,0,1,1,0,0,0,0,0,0,0,0,0,0,0,0,0,0,1,0,0,1,0,0,1,0,0,0,0,0,0,0,1,0,0,0,0,0,0,0,0,0,0,0,0,0,0,1,0,0,0,0,0,0,0,0,0
13.428317596201934,0.05723062064331952,-0.4131561619838626,0.3791363978689428,11.885714285714286,490.9870000000002,463.7710000000003,490.165935024,180,0.26209173163989136,-0.49674295955320136,0.49674295955320136,0.26209173163989136,1.0571428571428572,1.7714285714285714,2.4285714285714284,35.49569213330497,10.045111683391015,2.2269584695560942,-2.1644302983196626,2.3057749531773233,-2.3953868173280926,6.302460434557143,-0.12096860103107958,3.1397470276973762,1.6561873608722562,1347.152462115453,24.94901851044682,19.624010378425517,20.37993932444397,16.90541720081447,11.332567688514871,11.710532161524098,8.408009805231348,8.844445585703332,6.0839099850765015,6.335886300415987,4.294873469708937,4.420861627378679,-3.609999999999999,84900065.76370057,24.5125427572021,10.760979892735511,5.39349862546057,208.64987647842287,15.160178952647085,5.749511833283905,0.0,5.907179729351506,5.907179729351506,0.0,14.156174015934997,0.0,0.0,0.0,41.932775232540564,66.9360312852419,21.66623701475158,31.696042675480683,19.4324647167844,34.31822428101658,0.0,9.883888251797686,0.0,25.807221274690605,13.716679505790452,100.20332060522011,5.749511833283905,10.05365155780638,0.0,5.749511833283905,11.600939890232516,41.24650683627348,17.63618042992384,6.923737199690624,27.178819654011267,72.79640482153933,5.022633313741326,10.902924932081056,80.56,6.041840829147961,14.69560176298435,0.0,24.842063046141938,33.96704697411296,16.513127197858786,0.0,42.008732531376936,49.38830667892189,5.316788604006331,16.337802844032566,7.014740842490072,5.9936924556906215,26.47492724882484,14.075984702310873,3.609699206508834,0.18959195768351988,21.446195143790277,0.5777636544413521,1.653426744780368,1.5750891545903478,0.21428571428571427,35,2,6,0,0,0,1,3,1,4,1,5,2,7,1,8,0,0,0,0,0,7.536542278002036,4,4.562520000000004,137.27399999999992,0,1,1,0,0,1,0,0,0,2,2,0,0,1,1,0,0,0,0,0,0,0,0,0,0,0,0,0,0,1,0,0,1,0,0,1,0,0,0,0,0,0,0,1,0,0,0,0,0,0,0,0,0,0,0,0,0,0,0,0,0,0,0,0,0,0,0,0
13.410122419750014,0.04140114533467765,-0.5207487545764555,0.4051618958993586,11.882352941176471,476.96000000000015,451.7600000000002,476.15028496,174,0.26209173163989957,-0.49674295955320136,0.49674295955320136,0.26209173163989957,1.0588235294117647,1.7647058823529411,2.411764705882353,35.49569208235002,10.049352096956818,2.2286602308075976,-2.1661869163493623,2.3074331741709315,-2.316764547847273,6.302459342982331,-0.12104927692686464,3.1286697689906378,1.7149330951969226,1330.5113981717786,24.24191172926027,18.916903597238967,19.67283254325742,16.42225395322008,10.859441142052548,11.237405615061775,7.984633135571483,8.421068916043467,5.893219200240839,6.145195515580324,4.121429263802166,4.2474174214719085,-3.609999999999999,53971605.92245696,23.54490996841757,10.11624006546657,4.689845592079169,202.28493436402627,15.160178952647085,5.749511833283905,0.0,5.907179729351506,5.907179729351506,0.0,14.156174015934997,0.0,0.0,0.0,41.932775232540564,60.51520966231588,21.66623701475158,31.696042675480683,19.4324647167844,34.31822428101658,0.0,9.883888251797686,0.0,19.386399651764595,13.716679505790452,100.20332060522011,5.749511833283905,10.05365155780638,0.0,5.749511833283905,11.600939890232516,35.204666007125525,11.21535880699783,6.923737199690624,33.22066048315923,72.79640482153933,5.022633313741326,10.902924932081056,80.56,6.041840829147961,14.69560176298435,0.0,24.842063046141938,27.54622535118695,16.513127197858786,0.0,42.008732531376936,49.38830667892189,5.316788604006331,16.337802844032566,6.999467855228067,5.986922692350766,26.43984164027416,14.02624528596806,3.372798594701219,0.15564552190634529,20.917192975594663,0.04140114533467765,1.6001984704459427,1.5713969293072134,0.18518518518518517,34,2,6,0,0,0,1,3,1,4,1,5,2,7,1,7,0,0,0,0,0,7.005469457656149,4,4.692520000000004,132.52299999999997,0,1,1,0,0,1,0,0,0,2,2,0,0,1,1,0,0,0,0,0,0,0,0,0,0,0,0,0,0,1,0,0,1,0,0,1,0,0,0,0,0,0,0,1,0,0,0,0,0,0,0,0,0,0,0,0,0,0,0,0,0,0,0,0,0,0,0,0
13.225114215056495,0.08406625304442761,-0.34593393976164033,0.6478674194754074,12.03448275862069,414.8890000000001,391.70500000000015,414.134634896,152,0.26209173163989136,-0.49674295955320136,0.49674295955320136,0.26209173163989136,1.206896551724138,1.896551724137931,2.5172413793103448,35.49569182807921,10.069614726665488,2.2200132663032797,-2.110221146164115,2.3047551783332922,-2.3564359609350696,6.3024387230426075,-0.12083071012175114,2.981535192606404,2.104116527975065,1056.8546668183496,21.129027554137906,16.530152251290836,17.28608119730929,13.849774308148644,9.2374326741244,9.615397147133628,6.922411245577861,7.358847026049846,4.854733658333039,5.106709973672524,3.3278337668355684,3.453821924505311,-2.8299999999999996,3159067.72411496,20.892790996244848,8.675105845894873,4.282786601902735,173.59278227235882,15.160178952647085,5.749511833283905,0.0,5.907179729351506,5.907179729351506,0.0,14.156174015934997,0.0,0.0,0.0,11.600939890232516,61.87549537030951,27.708077843899538,25.65420184633272,19.4324647167844,34.31822428101658,0.0,9.883888251797686,0.0,26.31013685145522,13.716679505790452,64.30803377121505,5.749511833283905,10.05365155780638,0.0,5.749511833283905,11.600939890232516,41.24650683627348,11.21535880699783,6.923737199690624,28.539105362004896,42.46456947923127,5.022633313741326,10.902924932081056,80.56,0.0,14.69560176298435,0.0,30.8839038752899,27.54622535118695,10.949675706161791,0.0,48.93246973106756,19.056471336613846,5.316788604006331,16.337802844032566,6.936423727153344,5.942658641686927,25.681515691816465,13.249002903264557,2.611330456165564,0.20755188888125486,11.765572552788091,0.08406625304442761,3.397680221273237,1.5686421083705744,0.2727272727272727,29,2,6,0,0,0,1,2,1,3,1,5,2,7,1,6,0,0,0,0,0,6.249902527882188,3,3.3397200000000025,112.80199999999999,0,1,1,0,0,1,0,0,0,2,2,0,0,1,1,0,0,0,0,0,0,0,0,0,0,0,0,0,0,1,0,0,1,0,0,1,0,0,0,0,0,0,0,1,0,0,0,0,0,0,0,0,0,0,0,0,0,0,0,0,0,0,0,0,0,0,0,0
13.314425509822335,0.08295514193331677,-0.32741542124312195,0.5796694608759968,12.225806451612904,442.9430000000002,415.7270000000002,442.165935024,164,0.26209173163989136,-0.49674295955320136,0.49674295955320136,0.26209173163989136,1.1612903225806452,1.8387096774193548,2.4193548387096775,35.49569193016098,10.03437281370421,2.23058945473301,-2.195413636882441,2.305643899555748,-2.414441170860978,6.302443905329452,-0.12133890187671774,3.0194688622633064,2.06307128205675,1102.9599423303066,22.706377823327532,18.107502520480462,18.863431466498916,14.760457910671605,10.148116276647361,10.526080749656588,7.871873683437659,8.308309463909644,5.52130234799722,5.773278663336705,3.6372775624361497,3.7632657201058923,-2.8299999999999996,7614883.068869975,22.84628043890938,9.537669851940215,4.754403604777324,186.32266650115204,15.160178952647085,5.749511833283905,0.0,5.907179729351506,5.907179729351506,0.0,14.156174015934997,0.0,0.0,0.0,25.448414289613766,60.86966421678028,21.66623701475158,31.696042675480683,19.4324647167844,34.31822428101658,0.0,9.883888251797686,5.917906046161393,33.23387405114585,13.716679505790452,64.30803377121505,5.749511833283905,10.05365155780638,0.0,5.749511833283905,11.600939890232516,41.24650683627348,11.21535880699783,12.841643245852017,35.462842561695524,42.46456947923127,5.022633313741326,10.902924932081056,80.56,0.0,14.69560176298435,0.0,36.801809921451294,27.54622535118695,10.949675706161791,0.0,42.008732531376936,32.903945735995094,5.316788604006331,16.337802844032566,6.97830044891643,5.96482543432991,26.075271431026753,13.750975832146827,2.6227755468025746,0.32564779889587037,11.829683400320658,0.08295514193331677,5.57319099316159,1.5741517502438525,0.3333333333333333,31,2,6,0,0,0,1,2,1,3,1,5,2,7,1,7,0,0,0,0,0,7.029041295843789,3,3.9758200000000032,121.96600000000004,0,1,1,0,0,1,0,0,0,2,2,0,0,1,1,0,0,0,0,0,0,0,0,0,0,0,0,0,0,1,0,0,1,0,0,1,0,0,0,0,0,0,0,1,0,0,0,0,0,0,0,0,0,0,0,0,0,0,0,0,0,0,0,0,0,0,0,0
13.346390615423804,0.08828771940875146,-0.3042672730949738,0.5271980171591969,12.21875,456.97000000000014,427.73800000000017,456.181585088,170,0.26209173163989136,-0.49674295955320136,0.49674295955320136,0.26209173163989136,1.15625,1.84375,2.4375,35.49569198109893,10.030357589133459,2.2273596194507554,-2.180031458904491,2.3057609068090423,-2.3888040442206036,6.302445686208932,-0.12109314463420755,3.0302100683161237,2.018026457389025,1119.167487497903,23.413484604514082,18.814609301667012,19.570538247685466,15.243621158265999,10.631279524241755,11.009243997250982,8.347836210858794,8.78427199133078,5.514905740345578,5.7668820556850635,3.9831783375138143,4.109166495183556,-2.8299999999999996,11847588.05014402,23.825197999853643,10.192153193046474,5.139691602008813,192.68760861554867,15.160178952647085,5.749511833283905,0.0,5.907179729351506,5.907179729351506,0.0,14.156174015934997,0.0,0.0,0.0,25.448414289613766,67.29048583970629,21.66623701475158,31.696042675480683,19.4324647167844,34.31822428101658,0.0,9.883888251797686,5.917906046161393,39.654695674071846,13.716679505790452,64.30803377121505,5.749511833283905,10.05365155780638,0.0,5.749511833283905,11.600939890232516,41.24650683627348,11.21535880699783,12.841643245852017,41.88366418462153,42.46456947923127,5.022633313741326,10.902924932081056,80.56,0.0,14.69560176298435,0.0,30.8839038752899,39.88495302027435,10.949675706161791,0.0,42.008732531376936,32.903945735995094,5.316788604006331,16.337802844032566,6.996206349249729,5.974048396662992,26.184281132244244,13.86649227385756,2.6371736127451024,0.5863858737955482,11.87898903304048,0.7746540865401174,5.802143050236843,1.5774039694051627,0.36,32,2,6,0,0,0,1,2,1,3,1,5,2,7,1,8,0,0,0,0,0,7.588439620911649,3,4.365920000000004,126.58300000000003,0,1,1,0,0,1,0,0,0,2,2,0,0,1,1,0,0,0,0,0,0,0,0,0,0,0,0,0,0,1,0,0,1,0,0,1,0,0,0,0,0,0,0,1,0,0,0,0,0,0,0,0,0,0,0,0,0,0,0,0,0,0,0,0,0,0,0,0
13.341034188957238,0.08945103195599247,-0.29736912494682555,0.4882649985231521,12.03125,475.0100000000001,447.7940000000002,474.138006024,170,0.26209173163989136,-0.49674295955320136,0.49674295955320136,0.26209173163989136,1.21875,1.9375,2.5625,35.495692312519544,10.06621150555679,2.2250814190867265,-2.155843042120925,2.3055105415268766,-2.384272376120298,7.980979863491602,-0.12099352498167944,3.06526465618164,1.9994631134433676,1111.3798567083136,23.25034789769755,18.352614104127795,19.925039631073975,15.387779110609431,10.265254120457316,12.037065443583892,7.499761514767487,8.921795854892958,5.42942041064915,6.325347276848014,3.704247484632295,4.350455699561976,-2.4799999999999995,14225942.31357349,24.168126079002292,10.897730634202178,5.2844236838782965,196.4457765265173,15.160178952647085,5.749511833283905,0.0,5.907179729351506,5.907179729351506,0.0,14.156174015934997,0.0,11.761884949391115,0.0,11.600939890232516,73.3812025838031,21.66623701475158,31.696042675480683,19.4324647167844,46.0801092304077,0.0,9.883888251797686,0.0,25.807221274690605,25.725302296048646,64.30803377121505,5.749511833283905,10.05365155780638,0.0,5.749511833283905,23.36282483962363,53.25512962653168,11.21535880699783,6.923737199690624,28.036189785240282,42.46456947923127,5.022633313741326,10.902924932081056,80.56,0.0,14.69560176298435,0.0,30.8839038752899,33.96704697411296,16.70252931290858,0.0,53.77061748076805,25.312240520125247,5.316788604006331,16.337802844032566,6.994054472665063,7.637713866936757,26.153780620365737,13.825420805918533,2.6380148564303774,1.086214575111027,11.884372840884602,2.762645655703407,1.7183273284706342,1.5772327552916408,0.3333333333333333,32,2,6,0,0,0,1,2,1,3,1,6,2,8,1,9,0,0,0,0,0,8.23055399820012,3,4.0729200000000025,130.127,0,1,1,0,0,1,0,0,0,2,2,0,0,1,1,0,0,0,0,0,0,0,0,0,0,0,0,0,0,1,0,0,1,0,0,1,0,0,0,0,0,0,0,1,0,0,0,0,0,0,0,0,0,0,0,0,0,0,1,0,0,0,0,0,0,0,0,0
13.428317596201934,0.05723062064331952,-0.4131561619838626,0.3791363978689428,11.885714285714286,490.9870000000002,463.7710000000003,490.165935024,180,0.26209173163989136,-0.49674295955320136,0.49674295955320136,0.26209173163989136,1.0571428571428572,1.7714285714285714,2.4285714285714284,35.49569213330497,10.045111683391015,2.2269584695560942,-2.1644302983196626,2.3057749531773233,-2.3953868173280926,6.302460434557143,-0.12096860103107958,3.1397470276973762,1.6561873608722562,1347.152462115453,24.94901851044682,19.624010378425517,20.37993932444397,16.90541720081447,11.332567688514871,11.710532161524098,8.408009805231348,8.844445585703332,6.0839099850765015,6.335886300415987,4.294873469708937,4.420861627378679,-3.609999999999999,84900065.76370057,24.5125427572021,10.760979892735511,5.39349862546057,208.64987647842287,15.160178952647085,5.749511833283905,0.0,5.907179729351506,5.907179729351506,0.0,14.156174015934997,0.0,0.0,0.0,41.932775232540564,66.9360312852419,21.66623701475158,31.696042675480683,19.4324647167844,34.31822428101658,0.0,9.883888251797686,0.0,25.807221274690605,13.716679505790452,100.20332060522011,5.749511833283905,10.05365155780638,0.0,5.749511833283905,11.600939890232516,41.24650683627348,17.63618042992384,6.923737199690624,27.178819654011267,72.79640482153933,5.022633313741326,10.902924932081056,80.56,6.041840829147961,14.69560176298435,0.0,24.842063046141938,33.96704697411296,16.513127197858786,0.0,42.008732531376936,49.38830667892189,5.316788604006331,16.337802844032566,7.014740842490072,5.9936924556906215,26.47492724882484,14.075984702310873,3.609699206508834,0.18959195768351988,21.446195143790277,0.5777636544413521,1.653426744780368,1.5750891545903478,0.21428571428571427,35,2,6,0,0,0,1,3,1,4,1,5,2,7,1,8,0,0,0,0,0,7.536542278002036,4,4.562520000000004,137.27399999999992,0,1,1,0,0,1,0,0,0,2,2,0,0,1,1,0,0,0,0,0,0,0,0,0,0,0,0,0,0,1,0,0,1,0,0,1,0,0,0,0,0,0,0,1,0,0,0,0,0,0,0,0,0,0,0,0,0,0,0,0,0,0,0,0,0,0,0,0
13.410122419750014,0.04140114533467765,-0.5207487545764555,0.4051618958993586,11.882352941176471,476.96000000000015,451.7600000000002,476.15028496,174,0.26209173163989957,-0.49674295955320136,0.49674295955320136,0.26209173163989957,1.0588235294117647,1.7647058823529411,2.411764705882353,35.49569208235002,10.049352096956818,2.2286602308075976,-2.1661869163493623,2.3074331741709315,-2.316764547847273,6.302459342982331,-0.12104927692686464,3.1286697689906378,1.7149330951969226,1330.5113981717786,24.24191172926027,18.916903597238967,19.67283254325742,16.42225395322008,10.859441142052548,11.237405615061775,7.984633135571483,8.421068916043467,5.893219200240839,6.145195515580324,4.121429263802166,4.2474174214719085,-3.609999999999999,53971605.92245696,23.54490996841757,10.11624006546657,4.689845592079169,202.28493436402627,15.160178952647085,5.749511833283905,0.0,5.907179729351506,5.907179729351506,0.0,14.156174015934997,0.0,0.0,0.0,41.932775232540564,60.51520966231588,21.66623701475158,31.696042675480683,19.4324647167844,34.31822428101658,0.0,9.883888251797686,0.0,19.386399651764595,13.716679505790452,100.20332060522011,5.749511833283905,10.05365155780638,0.0,5.749511833283905,11.600939890232516,35.204666007125525,11.21535880699783,6.923737199690624,33.22066048315923,72.79640482153933,5.022633313741326,10.902924932081056,80.56,6.041840829147961,14.69560176298435,0.0,24.842063046141938,27.54622535118695,16.513127197858786,0.0,42.008732531376936,49.38830667892189,5.316788604006331,16.337802844032566,6.999467855228067,5.986922692350766,26.43984164027416,14.02624528596806,3.372798594701219,0.15564552190634529,20.917192975594663,0.04140114533467765,1.6001984704459427,1.5713969293072134,0.18518518518518517,34,2,6,0,0,0,1,3,1,4,1,5,2,7,1,7,0,0,0,0,0,7.005469457656149,4,4.692520000000004,132.52299999999997,0,1,1,0,0,1,0,0,0,2,2,0,0,1,1,0,0,0,0,0,0,0,0,0,0,0,0,0,0,1,0,0,1,0,0,1,0,0,0,0,0,0,0,1,0,0,0,0,0,0,0,0,0,0,0,0,0,0,0,0,0,0,0,0,0,0,0,0
12.681031219391489,0.023565113979033603,-0.6423452556208684,0.20473654163361962,10.906976744186046,574.5890000000003,548.3810000000003,574.1740011720001,214,0.3440490931043209,-0.5068931515071489,0.5068931515071489,0.3440490931043209,0.8604651162790697,1.6046511627906976,2.372093023255814,16.567620152700922,10.1106564241839,2.1619718161023345,-2.0913471829630326,2.3129056912393584,-2.1477299074799414,5.858597828879855,-0.14698481605839822,3.475967891158102,1.174048593731123,1964.729385530433,29.760573298318437,23.097648937069415,23.097648937069415,20.978698183685335,13.418137035313816,13.418137035313816,9.606044437037248,9.606044437037248,6.7056355566150465,6.7056355566150465,4.664569146358968,4.664569146358968,-5.829999999999999,8565045275.520226,27.34528012146821,11.956836327598964,5.9610643763676965,245.67117685484874,23.734267193294198,46.278837234194576,12.035672356413459,0.0,0.0,5.969305287951849,4.794537184071822,9.476340119217006,5.098681808301038,0.0,60.6636706846161,30.33183534230805,29.32600418877882,18.491111810809556,28.52880437736602,16.938549644058888,0.0,9.780484743446223,0.0,6.606881964512918,13.716679505790452,125.11186280312987,45.51700017165217,14.90251629950064,0.0,17.248535499851716,0.0,34.57299693202923,16.13828210238479,0.0,5.693927994848461,118.4062953534342,0.0,39.23770902790749,113.02000000000001,18.004977644365308,14.69560176298435,0.0,29.075149987187764,22.767138738703803,16.944765761229018,18.19910120538483,11.791600476422719,90.99550602692418,5.098681808301038,18.627739798453494,24.09003762373819,0.0,25.29342775696892,15.182280725581087,3.510574207357534,0.23800361719872076,32.26442852688073,0.0,-0.5208666744508328,1.6087808833923098,0.08823529411764706,43,1,9,0,0,0,0,4,2,6,0,9,1,9,2,9,0,0,0,0,0,7.603791598714905,6,6.149100000000006,160.42779999999965,0,0,0,0,0,2,0,1,0,1,1,0,0,2,0,0,0,0,0,0,0,0,0,0,0,0,0,0,0,1,0,1,3,0,0,0,0,0,0,0,0,0,0,1,0,0,0,0,0,0,0,1,1,1,0,0,0,0,0,0,0,0,0,0,0,0,0,0
12.68498337639939,0.03069585496006666,-0.624215302894956,0.201098367264709,11.023255813953488,572.6170000000003,544.3930000000004,572.194736616,214,0.3440490931043207,-0.5068931515071489,0.5068931515071489,0.3440490931043207,0.8604651162790697,1.558139534883721,2.2790697674418605,16.567490745189286,10.093880045144662,2.1600204535016783,-2.0916225500563286,2.3108188694499017,-2.1477613254097094,5.858574542529767,-0.146984771710607,3.4380037836372486,1.171981760339579,1911.8054092653624,29.923710005134968,23.612050377415926,23.612050377415926,20.8345402313419,13.71644820214098,13.71644820214098,10.240113976905475,10.240113976905475,6.965242010172415,6.965242010172415,4.723263983589554,4.723263983589554,-5.629999999999999,7070032878.533791,27.53548763550522,11.696661794194265,6.035680845652843,246.9225737397385,18.997404239494152,40.52932540091067,12.035672356413459,0.0,0.0,5.969305287951849,4.794537184071822,9.476340119217006,5.098681808301038,0.0,77.85694073647171,32.046575604766076,29.32600418877882,11.381314269532023,23.79194142356597,16.938549644058888,0.0,9.780484743446223,0.0,20.454356363894167,6.606881964512918,130.17239871806223,39.76748833836827,10.16565334570059,0.0,11.49902366656781,0.0,27.463199390751697,16.13828210238479,13.847474399381248,16.82083097824245,112.33992828497259,0.0,39.23770902790749,103.79000000000002,18.004977644365308,14.69560176298435,0.0,29.075149987187764,17.0176269054199,28.071668744623008,18.19910120538483,0.0,103.458416292989,0.0,18.989558652954482,18.792018844736702,0.0,25.30535282490428,15.232024323183527,6.067976122425683,-0.4258189226115725,31.280298397321577,0.0,3.581481743373144,0.0,0.11428571428571428,43,1,8,0,0,0,0,4,2,6,0,8,1,8,2,8,0,0,0,0,0,7.490076423505173,6,6.757340000000007,163.34979999999962,0,0,0,0,0,2,0,1,0,1,1,0,0,2,0,0,0,0,0,0,0,0,0,0,0,0,2,0,0,1,0,1,2,0,0,0,0,0,0,0,0,0,0,0,0,0,0,0,0,0,0,0,1,1,0,0,0,0,0,0,0,0,0,0,0,0,0,0
12.679135423183016,0.023390972222657958,-0.6416625021603373,0.18793395186847017,11.023255813953488,593.0350000000003,567.8350000000003,592.1401142,214,0.3440490931043207,-0.5068931515071489,0.5068931515071489,0.3440490931043207,0.9302325581395349,1.6744186046511629,2.4186046511627906,35.49569256264782,10.095763391331193,2.1604482025995826,-2.0913290704887895,2.3114140382951973,-2.1477446101933517,6.301378445374392,-0.1469846169515113,3.4380037836372486,1.171981760339579,1918.3565782559247,29.923710005134968,22.990014850425155,23.74594379644361,20.8345402313419,13.405430438645594,13.78339491165482,9.88098159795184,10.317417378423825,6.757896834508823,7.009873149848308,4.619591395757759,4.745579553427502,-5.339999999999999,7070032878.533791,27.811443758023906,11.873379723012825,6.144591971923215,250.86089785222356,18.997404239494152,40.52932540091067,12.035672356413459,0.0,0.0,5.969305287951849,4.794537184071822,9.476340119217006,5.098681808301038,0.0,71.76169499808401,37.255572541998674,34.34863750252015,11.381314269532023,23.79194142356597,28.539489534291405,0.0,9.780484743446223,0.0,13.530619164203543,6.606881964512918,129.63158054010657,39.76748833836827,10.16565334570059,0.0,11.49902366656781,11.600939890232516,27.463199390751697,16.13828210238479,6.923737199690624,11.257379486545457,112.33992828497259,5.022633313741326,39.23770902790749,103.79000000000002,18.004977644365308,14.69560176298435,0.0,29.075149987187764,22.040260219161226,22.508217252926013,18.19910120538483,16.814537072068404,79.72014202122996,5.098681808301038,25.49181673488596,18.69246909385699,6.081619804518851,25.284844377860743,15.78586079559232,4.697110184350288,-0.4687993997457145,30.370834231618428,0.0,1.5005053563925335,0.0,0.08823529411764706,43,1,8,0,0,0,0,4,2,6,0,8,1,9,2,8,0,0,0,0,0,7.679437962424014,6,7.102320000000007,163.62279999999964,0,0,0,0,0,2,0,1,0,1,1,0,0,2,0,0,0,0,0,0,0,0,0,0,0,0,1,0,0,1,0,1,2,0,0,1,0,0,0,0,0,0,0,0,0,0,0,0,0,0,0,0,1,1,0,0,0,0,0,0,0,0,0,0,0,0,0,0
12.670104154302564,0.030547174164218927,-0.6247938152916503,0.21420914863357057,10.976190476190476,558.5900000000003,532.3820000000004,558.1790865520001,208,0.3440490931043207,-0.5068931515071489,0.5068931515071489,0.3440490931043207,0.8809523809523809,1.5952380952380953,2.3333333333333335,16.567488161842853,10.095829842242004,2.1587551158608083,-2.0909861267613667,2.3103545850146765,-2.147729529417056,5.858539239569371,-0.14698451533038998,3.4402775809133748,1.1676394094673725,1927.5538441882607,29.053466517131888,22.689400646605552,22.689400646605552,20.440693381224552,13.305764599618021,13.305764599618021,9.740113976905478,9.740113976905478,6.687464232394638,6.687464232394638,4.6064946211020334,4.6064946211020334,-5.629999999999999,5002491667.518163,26.585349795255787,11.464411665855275,5.6409703042981185,240.55763162534188,18.997404239494152,40.52932540091067,12.035672356413459,0.0,0.0,5.969305287951849,4.794537184071822,9.476340119217006,5.098681808301038,0.0,78.35985631323634,25.122838405075452,29.32600418877882,11.381314269532023,23.79194142356597,16.938549644058888,0.0,9.780484743446223,0.0,13.530619164203543,6.606881964512918,130.67531429482685,39.76748833836827,10.16565334570059,0.0,11.49902366656781,0.0,27.463199390751697,16.13828210238479,6.923737199690624,11.257379486545457,118.4062953534342,0.0,39.23770902790749,103.79000000000002,18.004977644365308,14.69560176298435,0.0,29.075149987187764,17.0176269054199,22.508217252926013,18.19910120538483,0.0,102.60104616176,5.098681808301038,13.890876844653445,18.741887335854116,0.0,25.25299655964859,15.187065306079955,4.914534940808347,-0.42697313542520066,32.942339128995044,0.0,1.5548165307058124,0.0,0.08823529411764706,42,1,8,0,0,0,0,4,2,6,0,8,1,8,2,8,0,0,0,0,0,7.256795103180324,6,6.448920000000006,158.61279999999962,0,0,0,0,0,2,0,1,0,1,1,0,0,2,0,0,0,0,0,0,0,0,0,0,0,0,1,0,0,1,0,1,2,0,0,0,0,0,0,0,0,0,0,0,0,0,0,0,0,0,0,1,1,1,0,0,0,0,0,0,0,0,0,0,0,0,0,0
12.682905814072521,0.028100699250724004,-0.6304136500023938,0.17600648613152362,11.023255813953488,637.4860000000003,612.2860000000003,636.08959862,214,0.3440490931043207,-0.5068931515071489,0.5068931515071489,0.3440490931043207,0.9302325581395349,1.6744186046511629,2.4186046511627906,79.9187314869484,10.110660648820975,2.160392328315411,-2.091521721918415,2.3118284031842404,-2.1477610366914104,9.103004829847764,-0.14698460383557768,3.4380037836372486,1.171981760339579,1918.3565782559247,29.923710005134968,22.99001485042516,24.57601138953986,20.8345402313419,13.405430438645595,14.198428708202947,9.88098159795184,10.796657126743531,6.7578968345088235,7.28656234754706,4.619591395757759,4.883924152276876,-5.149999999999997,7070032878.533791,27.992340720730777,11.989615290411878,6.216405897057756,254.4251792309832,18.997404239494152,40.52932540091067,12.035672356413459,0.0,0.0,5.969305287951849,4.794537184071822,9.476340119217006,5.098681808301038,0.0,76.09069900580084,37.255572541998674,33.798723704611234,11.381314269532023,23.79194142356597,32.86849354200824,0.0,9.780484743446223,0.0,13.530619164203543,6.606881964512918,129.08166674219765,39.76748833836827,10.16565334570059,0.0,11.49902366656781,15.929943897949348,27.463199390751697,16.13828210238479,6.923737199690624,11.257379486545457,116.812647800805,0.0,39.23770902790749,103.79,18.004977644365308,14.69560176298435,0.0,29.075149987187764,17.0176269054199,26.980936768758426,18.19910120538483,0.0,96.53467909329838,15.929943897949348,18.989558652954482,19.725431301230586,3.4737891406765993,25.29806692924408,15.215115261764842,4.829433272868535,-0.4410883026460697,30.953611913372796,0.0,1.5289738168219726,0.0,0.08823529411764706,43,1,8,0,0,0,0,4,2,6,0,8,1,9,2,8,0,0,0,0,0,7.805055728364948,6,7.211420000000006,166.31279999999964,0,0,0,0,0,2,0,1,0,1,1,0,0,2,0,0,0,0,0,0,0,0,0,0,0,0,1,0,0,1,0,1,2,0,0,1,0,0,0,0,0,0,0,0,0,0,0,0,0,0,0,0,1,1,0,0,0,0,0,0,0,0,0,0,0,0,0,0
13.134384744494543,0.025350964639232698,-4.470625139426109,0.17492193403899672,11.478260869565217,626.5870000000004,601.3870000000004,626.1664711799999,232,0.41591023464050153,-0.5068931515071489,0.5068931515071489,0.41591023464050153,0.9130434782608695,1.6304347826086956,2.3260869565217392,19.413199060678323,10.081757421822763,2.2987802435241025,-2.0994477014352038,2.328965704727304,-2.147764304828186,5.858622118927184,-0.14705336144232348,3.469532317306022,1.1795467796448742,2085.2364051791883,32.42371000513497,24.245943796443616,24.245943796443616,22.045865096747086,14.033394911654824,14.033394911654824,10.449197911353295,10.449197911353295,7.125902178859734,7.125902178859734,4.828912886760834,4.828912886760834,-5.839999999999998,22269961804.940147,30.197514876737845,12.274399424717325,6.482342454978984,259.4191799485172,18.997404239494152,40.52932540091067,12.035672356413459,0.0,0.0,12.145603805395325,4.794537184071822,9.476340119217006,18.269926951325495,0.0,60.160755107851486,37.255572541998674,29.32600418877882,16.944765761229018,36.96318656659043,16.938549644058888,0.0,9.780484743446223,0.0,19.706917681647017,6.606881964512918,130.17239871806223,39.76748833836827,10.16565334570059,13.171245143024459,11.49902366656781,0.0,27.463199390751697,22.314580619828263,6.923737199690624,16.82083097824245,112.33992828497259,0.0,39.23770902790749,103.79,29.744727653505777,27.86684690600881,0.0,29.075149987187764,33.96239266664892,17.696185628620217,30.33183534230805,35.01363827745323,37.255572541998674,5.098681808301038,13.890876844653445,57.72164776058018,0.0,25.287387241274537,14.986587705589868,2.5496676060808054,-0.7453139550500092,26.602549936734487,-4.470625139426109,1.1514321775495642,0.0,0.11428571428571428,46,1,8,0,0,0,0,4,2,6,0,8,1,11,2,8,0,0,0,0,0,8.057746939802694,6,7.467720000000006,163.61479999999966,0,0,0,0,0,2,0,1,0,1,1,0,0,2,0,0,0,0,0,0,0,0,3,0,0,0,1,0,0,1,0,1,2,0,0,3,0,0,0,0,0,0,0,0,0,0,0,0,0,0,0,0,1,1,0,0,0,0,0,0,0,0,0,0,0,0,0,0
12.689205149451642,0.015323842593028214,-0.6619917202673327,0.17215727589054705,11.068181818181818,627.4800000000002,603.2880000000002,626.101141848,220,0.34404909310432075,-0.5068931515071489,0.5068931515071489,0.34404909310432075,0.9090909090909091,1.6818181818181819,2.4318181818181817,35.498264139427796,10.110659459503298,2.165857913975151,-2.0922270483663246,2.3220439943488014,-2.147761616139163,6.417094699844698,-0.146984712830305,3.4482089424111715,1.1820354587437694,2053.6207454263704,30.793953493138048,23.29062905424476,24.802486946281668,21.24522383386486,13.511079341816876,14.26700828783533,10.002976536348672,10.817376789829883,6.833276225101156,7.572305503839173,4.654398205175895,4.952489386798508,-5.049999999999997,10332288970.123539,29.041113466668225,12.28237505489211,6.17362924564677,261.1641640791052,18.997404239494152,40.52932540091067,12.035672356413459,0.0,0.0,5.969305287951849,4.794537184071822,9.476340119217006,5.098681808301038,0.0,77.29626781985492,37.255572541998674,29.32600418877882,21.426580897014677,23.79194142356597,40.14042942452392,0.0,9.780484743446223,0.0,13.530619164203543,6.606881964512918,128.58784678538626,39.76748833836827,10.16565334570059,0.0,11.49902366656781,23.20187978046503,27.463199390751697,16.13828210238479,6.923737199690624,11.257379486545457,106.27356121651097,10.045266627482652,39.23770902790749,103.79,18.004977644365308,14.69560176298435,0.0,29.075149987187764,27.062893532902553,22.508217252926013,18.19910120538483,35.01363827745323,55.4546737473835,5.098681808301038,37.092756625118476,18.65798760115809,12.407085796438409,25.32212255224691,16.010434435529906,4.353128394996322,-0.5175976905485331,28.062151330736445,0.0,1.426909801664673,0.0,0.08823529411764706,44,1,8,0,0,0,0,4,2,6,0,8,1,10,2,8,0,0,0,0,0,8.106678354756754,6,7.7557200000000055,168.63279999999966,0,0,0,0,0,2,0,1,0,1,1,0,0,2,0,0,0,0,0,0,0,0,0,0,0,0,1,0,0,1,0,1,2,0,0,2,0,0,0,0,0,0,0,0,0,0,0,0,0,0,0,0,1,1,0,0,0,0,0,0,0,0,0,0,0,0,0,0
12.679135423183016,0.023390972222657958,-0.6416625021603368,0.18793395186847017,11.023255813953488,593.0350000000003,567.8350000000003,592.1401142,214,0.3440490931043207,-0.5068931515071489,0.5068931515071489,0.3440490931043207,0.9302325581395349,1.6744186046511629,2.4186046511627906,35.495692562614295,10.11066031795361,2.1605046554230434,-2.09149993167241,2.311696954754752,-2.147761000553454,6.3017622286235095,-0.14698462964105005,3.4380037836372486,1.171981760339579,1918.3565782559247,29.923710005134968,22.99001485042516,23.745943796443612,20.8345402313419,13.405430438645595,13.783394911654822,9.88098159795184,10.317417378423825,6.7578968345088235,7.009873149848309,4.619591395757759,4.745579553427502,-5.339999999999997,7070032878.533791,27.811443758023906,11.873379723012825,6.144591971923215,250.8608978522235,18.997404239494152,40.52932540091067,12.035672356413459,0.0,0.0,5.969305287951849,4.794537184071822,9.476340119217006,5.098681808301038,0.0,71.76169499808401,37.255572541998674,34.34863750252015,11.381314269532023,23.79194142356597,28.539489534291405,0.0,9.780484743446223,0.0,13.530619164203543,6.606881964512918,129.63158054010657,39.76748833836827,10.16565334570059,0.0,11.49902366656781,11.600939890232516,27.463199390751697,16.13828210238479,6.923737199690624,11.257379486545457,112.33992828497259,5.022633313741326,39.23770902790749,103.79,18.004977644365308,14.69560176298435,0.0,29.075149987187764,22.040260219161226,22.508217252926013,18.19910120538483,16.814537072068404,79.72014202122996,5.098681808301038,25.49181673488596,18.708027168938877,6.088859505954981,25.284844377860743,15.807402273294514,4.6701084206818555,-0.46879939974571383,30.36073644250279,0.0,1.4932656549564034,0.0,0.08823529411764706,43,1,8,0,0,0,0,4,2,6,0,8,1,9,2,8,0,0,0,0,0,7.679437962424014,6,7.102320000000006,163.62279999999964,0,0,0,0,0,2,0,1,0,1,1,0,0,2,0,0,0,0,0,0,0,0,0,0,0,0,1,0,0,1,0,1,2,0,0,1,0,0,0,0,0,0,0,0,0,0,0,0,0,0,0,0,1,1,0,0,0,0,0,0,0,0,0,0,0,0,0,0
13.560489121036074,0.00993460928532608,-0.6738020797544599,0.20400312386085953,11.023255813953488,576.5800000000003,551.3800000000003,576.1696647399999,214,0.3440490931043207,-0.5068931515071489,0.5068931515071489,0.3440490931043207,0.9302325581395349,1.6744186046511629,2.4186046511627906,19.142150308442528,10.110658873543638,2.1609651841000255,-2.0914352965749266,2.310756228167799,-2.1477614698707193,5.858547319850723,-0.14698511281563137,3.4380037836372486,1.171981760339579,1918.3565782559247,29.923710005134968,22.99001485042516,22.99001485042516,20.8345402313419,13.405430438645595,13.405430438645595,9.88098159795184,9.88098159795184,6.7578968345088235,6.7578968345088235,4.619591395757759,4.619591395757759,-5.6999999999999975,7070032878.533791,27.46890498465872,11.654132260150623,6.009519045267076,244.72316702826805,18.997404239494152,46.34654624195657,12.035672356413459,0.0,0.0,5.969305287951849,4.794537184071822,13.866755166891826,5.098681808301038,0.0,48.02802097092827,49.38830667892189,29.32600418877882,11.381314269532023,28.182356471240787,16.938549644058888,0.0,9.780484743446223,0.0,13.530619164203543,6.606881964512918,130.42616806741114,39.76748833836827,10.16565334570059,4.39041504767482,11.49902366656781,0.0,27.463199390751697,16.13828210238479,12.740958040736519,11.257379486545457,112.33992828497259,0.0,39.23770902790749,103.79,18.004977644365308,19.086016810659167,0.0,34.89237082823366,22.71155490026836,16.814289258077554,30.33183534230805,35.01363827745323,49.38830667892189,5.098681808301038,13.890876844653445,32.113794781926316,0.0,25.247065659622653,15.096751831834046,4.214894557291343,-0.8972223584128631,28.66680652573134,0.0,1.3912423353404912,0.0,0.08823529411764706,43,1,8,0,0,0,0,4,2,6,0,8,1,9,2,8,0,0,0,0,0,7.444796551923801,6,6.5880200000000055,158.57079999999965,0,0,0,0,0,2,0,1,0,1,1,0,0,2,0,0,0,0,0,0,0,0,0,0,0,0,1,0,0,1,0,1,2,0,0,1,0,0,0,0,0,0,0,0,0,0,0,0,0,0,0,0,1,1,0,0,0,0,0,0,0,0,0,0,0,0,0,0
12.68498337639939,0.002225955739521668,-0.6982893769690299,0.11327904533119684,10.955555555555556,603.5870000000003,578.3870000000003,603.16416476,224,0.3440490931043207,-0.5068931515071489,0.5068931515071489,0.3440490931043207,0.9555555555555556,1.6888888888888889,2.4,16.628633969738697,10.11063389366049,2.1675143602622198,-2.091406802275304,2.3125200843957736,-2.1477615325526687,5.858648805164426,-0.3844320039278978,3.472757748952752,1.1774552457696208,2083.8566635346174,31.501060274324594,23.875760553843612,23.875760553843612,21.74522383386486,13.805203371561069,13.805203371561069,10.178072382548056,10.178072382548056,6.99179838601696,6.99179838601696,4.752849040062916,4.752849040062916,-6.229999999999998,17240944023.35767,28.86932817552278,12.172686872271097,6.273251056402675,255.21060734784163,18.997404239494152,40.52932540091067,12.035672356413459,0.0,5.687386274683562,5.969305287951849,14.908855452837393,9.476340119217006,5.098681808301038,0.0,48.02802097092827,37.255572541998674,41.45873832570204,16.304625318349693,28.71525247238364,22.62593591874245,0.0,9.780484743446223,0.0,13.530619164203543,6.606881964512918,134.7232654951308,39.76748833836827,10.16565334570059,5.687386274683562,11.49902366656781,0.0,32.38651043956937,16.13828210238479,17.038055468456196,11.257379486545457,112.33992828497259,0.0,39.23770902790749,146.93,22.928288693182978,24.80992003174992,0.0,34.762536261871325,28.275006391965356,11.250837766380558,30.33183534230805,35.01363827745323,49.38830667892189,5.098681808301038,13.890876844653445,18.520598381081392,0.0,35.958915160308834,26.214894575658313,3.9382359054840226,-0.6137568383858518,28.500056761468308,0.0,1.3143893877183126,0.0,0.08823529411764706,45,1,11,0,0,0,0,4,2,6,0,10,1,11,2,9,0,0,0,0,0,7.809273157632717,6,6.357120000000006,165.26719999999966,0,0,0,0,0,2,0,1,0,1,1,0,0,3,0,0,0,0,0,0,0,0,0,0,0,0,1,0,0,1,0,1,2,0,0,0,0,0,0,0,0,0,0,0,0,0,1,1,1,0,0,0,1,1,0,0,0,0,0,0,0,0,0,0,0,0,0,0
12.68668965560548,0.030726572312367084,-0.6240119222875349,0.201098367264709,11.023255813953488,572.6170000000002,544.3930000000004,572.1947366159999,214,0.3440490931043207,-0.5068931515071489,0.5068931515071489,0.3440490931043207,0.8604651162790697,1.627906976744186,2.395348837209302,16.56749077914825,10.085622423498695,2.160819200921629,-2.091853785722629,2.3110917417752623,-2.1477618391751325,5.858587550425722,-0.1469847643233055,3.436541322835393,1.1758400002629912,1992.0554092653626,29.923710005134968,23.61205037741593,23.61205037741593,20.834540231341904,13.716448202140981,13.716448202140981,10.243568300599424,10.243568300599424,6.931748361118525,6.931748361118525,4.803331540363261,4.803331540363261,-5.629999999999997,6978096530.398651,27.53548763550522,11.696661794194265,6.035680845652843,246.92257373973845,18.997404239494152,40.52932540091067,12.035672356413459,0.0,0.0,5.969305287951849,4.794537184071822,9.476340119217006,5.098681808301038,0.0,71.7905736680101,38.112942673227685,29.32600418877882,11.381314269532023,23.79194142356597,16.938549644058888,0.0,9.780484743446223,0.0,20.454356363894167,6.606881964512918,130.17239871806223,39.76748833836827,10.16565334570059,0.0,11.49902366656781,0.0,27.463199390751697,16.13828210238479,13.847474399381248,16.82083097824245,112.33992828497259,0.0,39.23770902790749,103.79,18.004977644365308,14.69560176298435,0.0,29.075149987187764,17.0176269054199,28.071668744623008,18.19910120538483,0.0,97.39204922452738,6.06636706846161,18.989558652954482,18.80353393919816,0.0,25.314237708334428,15.24125830967028,6.051341668425449,-0.4254809346075661,31.26763340816637,0.0,3.5808092341462117,0.0,0.11428571428571428,43,1,8,0,0,0,0,4,2,6,0,8,1,8,2,8,0,0,0,0,0,7.490076423505173,6,6.757340000000006,163.34979999999962,0,0,0,0,0,2,0,1,0,1,1,0,0,2,0,0,0,0,0,0,0,0,0,0,0,0,2,0,0,1,0,1,2,0,0,0,0,0,0,0,0,0,0,0,0,0,0,0,0,0,0,0,1,1,0,0,0,0,0,0,0,0,0,0,0,0,0,0
12.680173880571187,0.022480044534589183,-0.6451230333986457,0.18793395186847017,11.023255813953488,593.0350000000002,567.8350000000004,592.1401142,214,0.34404909310432075,-0.5068931515071489,0.5068931515071489,0.34404909310432075,0.9302325581395349,1.697674418604651,2.4651162790697674,35.49569256754622,10.110660150609677,2.161667326076896,-2.091592466270496,2.3124796185931764,-2.1477612207533014,6.303998241390687,-0.146984626137106,3.436541322835393,1.1758400002629912,1998.606578255925,29.923710005134968,22.99001485042516,23.745943796443612,20.834540231341904,13.405430438645595,13.783394911654822,9.884435921645789,10.320871702117774,6.73829267854832,6.973389781336059,4.646748302585887,4.837036150725088,-5.339999999999997,6978096530.398651,27.811443758023906,11.873379723012825,6.144591971923215,250.8608978522235,18.997404239494152,40.52932540091067,12.035672356413459,0.0,0.0,5.969305287951849,4.794537184071822,9.476340119217006,5.098681808301038,0.0,71.76169499808401,37.255572541998674,34.34863750252015,11.381314269532023,23.79194142356597,28.539489534291405,0.0,9.780484743446223,0.0,13.530619164203543,6.606881964512918,129.63158054010657,39.76748833836827,10.16565334570059,0.0,11.49902366656781,11.600939890232516,27.463199390751697,16.13828210238479,6.923737199690624,11.257379486545457,112.33992828497259,5.022633313741326,39.23770902790749,103.79,18.004977644365308,14.69560176298435,0.0,29.075149987187764,22.040260219161226,22.508217252926013,18.19910120538483,10.748170003606795,85.78650908969158,5.098681808301038,25.49181673488596,18.69592184214741,6.244152216409352,25.290274734034753,15.773880379628023,4.584493690633015,-0.47577142622801927,30.35027203184196,0.0,1.4812209759779515,0.0,0.08823529411764706,43,1,8,0,0,0,0,4,2,6,0,8,1,9,2,8,0,0,0,0,0,7.679437962424014,6,7.102320000000006,163.62279999999964,0,0,0,0,0,2,0,1,0,1,1,0,0,2,0,0,0,0,0,0,0,0,0,0,0,0,1,0,0,1,0,1,2,0,0,1,0,0,0,0,0,0,0,0,0,0,0,0,0,0,0,0,1,1,0,0,0,0,0,0,0,0,0,0,0,0,0,0
12.680841702389108,0.02342168957495816,-0.6414591215529162,0.18793395186847017,11.023255813953488,593.0350000000002,567.8350000000003,592.1401142,214,0.3440490931043207,-0.5068931515071489,0.5068931515071489,0.3440490931043207,0.9302325581395349,1.697674418604651,2.4651162790697674,35.495692562647996,10.087229446648614,2.161253984499415,-2.091476644869,2.311713885975442,-2.1477451034210544,6.301379076139369,-0.14698460955979584,3.436541322835393,1.1758400002629912,1998.606578255925,29.923710005134968,22.990014850425155,23.74594379644361,20.834540231341904,13.405430438645594,13.78339491165482,9.884435921645787,10.320871702117772,6.724403185454932,6.976379500794417,4.699658952531464,4.825647110201207,-5.339999999999998,6978096530.398651,27.811443758023906,11.873379723012825,6.144591971923215,250.86089785222356,18.997404239494152,40.52932540091067,12.035672356413459,0.0,0.0,5.969305287951849,4.794537184071822,9.476340119217006,5.098681808301038,0.0,65.6953279296224,43.321939610460284,34.34863750252015,11.381314269532023,23.79194142356597,28.539489534291405,0.0,9.780484743446223,0.0,13.530619164203543,6.606881964512918,129.63158054010657,39.76748833836827,10.16565334570059,0.0,11.49902366656781,11.600939890232516,27.463199390751697,16.13828210238479,6.923737199690624,11.257379486545457,112.33992828497259,5.022633313741326,39.23770902790749,103.79000000000002,18.004977644365308,14.69560176298435,0.0,29.075149987187764,22.040260219161226,22.508217252926013,18.19910120538483,16.814537072068404,73.65377495276834,11.165048876762647,25.49181673488596,18.70398418831845,6.0849850223537665,25.293729261290892,15.795298162686493,4.6766084378969035,-0.4684614117417085,30.36183315430896,0.0,1.4964676293306864,0.0,0.08823529411764706,43,1,8,0,0,0,0,4,2,6,0,8,1,9,2,8,0,0,0,0,0,7.679437962424014,6,7.102320000000007,163.62279999999964,0,0,0,0,0,2,0,1,0,1,1,0,0,2,0,0,0,0,0,0,0,0,0,0,0,0,1,0,0,1,0,1,2,0,0,1,0,0,0,0,0,0,0,0,0,0,0,0,0,0,0,0,1,1,0,0,0,0,0,0,0,0,0,0,0,0,0,0
12.671810433508654,0.03057789151651913,-0.6245904346842293,0.21420914863357057,10.976190476190476,558.5900000000003,532.3820000000004,558.1790865520001,208,0.3440490931043207,-0.5068931515071489,0.5068931515071489,0.3440490931043207,0.8809523809523809,1.619047619047619,2.380952380952381,16.567488195780015,10.087288200411141,2.1595340772530345,-2.0910561563151826,2.3106070401134446,-2.1477300076338866,5.8585520846417705,-0.14698450793511605,3.4388923971187437,1.1715849753825591,1944.8038441882607,29.053466517131888,22.689400646605552,22.689400646605552,20.440693381224552,13.305764599618021,13.305764599618021,9.743568300599426,9.743568300599426,6.653970583340747,6.653970583340747,4.6865621778757385,4.6865621778757385,-5.629999999999998,4937758353.405929,26.585349795255787,11.464411665855275,5.6409703042981185,240.55763162534188,18.997404239494152,40.52932540091067,12.035672356413459,0.0,0.0,5.969305287951849,4.794537184071822,9.476340119217006,5.098681808301038,0.0,72.29348924477472,31.18920547353706,29.32600418877882,11.381314269532023,23.79194142356597,16.938549644058888,0.0,9.780484743446223,0.0,13.530619164203543,6.606881964512918,130.67531429482685,39.76748833836827,10.16565334570059,0.0,11.49902366656781,0.0,27.463199390751697,16.13828210238479,6.923737199690624,11.257379486545457,118.4062953534342,0.0,39.23770902790749,103.79000000000002,18.004977644365308,14.69560176298435,0.0,29.075149987187764,17.0176269054199,22.508217252926013,18.19910120538483,0.0,96.53467909329838,11.165048876762647,13.890876844653445,18.753402430315578,0.0,25.26188144307874,15.196299292566703,4.897493725593272,-0.4266351474211947,32.93123792584807,0.0,1.5529869966854912,0.0,0.08823529411764706,42,1,8,0,0,0,0,4,2,6,0,8,1,8,2,8,0,0,0,0,0,7.256795103180324,6,6.448920000000006,158.61279999999962,0,0,0,0,0,2,0,1,0,1,1,0,0,2,0,0,0,0,0,0,0,0,0,0,0,0,1,0,0,1,0,1,2,0,0,0,0,0,0,0,0,0,0,0,0,0,0,0,0,0,0,1,1,1,0,0,0,0,0,0,0,0,0,0,0,0,0,0
12.668026591975696,0.02795201845487627,-0.6309921623990886,0.184036179798026,10.976190476190476,623.4590000000002,600.275,622.0739485559999,208,0.3440490931043207,-0.5068931515071489,0.5068931515071489,0.3440490931043207,0.8809523809523809,1.5952380952380953,2.3333333333333335,79.91873147129475,10.110661472898922,2.159118857893734,-2.090951510510455,2.3113034195789908,-2.147729262700263,9.103004449236352,-0.14698434735552343,3.4402775809133748,1.1676394094673719,1934.062574851943,29.05346651713189,22.06736511961478,23.653361658729484,20.440693381224552,12.994746836122633,13.787745105679985,9.380981597951841,10.29665712674353,6.480119056731044,7.00878456976928,4.502822033270236,4.767154789789353,-5.149999999999998,5002491667.518163,27.041133207435667,11.759085814559423,5.817482733590491,248.0602371165866,18.997404239494152,40.529325400910665,12.035672356413459,0.0,0.0,5.969305287951849,4.794537184071822,9.476340119217006,5.098681808301038,0.0,76.59361458256546,30.33183534230805,33.798723704611234,11.381314269532023,23.791941423565973,32.86849354200824,0.0,9.780484743446223,0.0,6.606881964512918,6.606881964512918,129.58458231896228,39.76748833836827,10.16565334570059,0.0,11.49902366656781,15.929943897949348,27.463199390751697,16.13828210238479,0.0,5.693927994848461,122.87901486926661,0.0,39.2377090279075,103.79,18.004977644365308,14.69560176298435,0.0,29.075149987187768,17.0176269054199,21.41748527706143,18.19910120538483,4.681802935145185,90.99550602692418,21.028625706250388,13.890876844653445,19.674721279951303,3.4658259864066268,25.24571066398839,15.170156244661268,3.682768950755332,-0.4422425154596985,32.609454297938825,0.0,-0.4897282415753865,0.0,0.06060606060606061,42,1,8,0,0,0,0,4,2,6,0,8,1,9,2,8,0,0,0,0,0,7.5709287121230595,6,6.903000000000006,161.57579999999967,0,0,0,0,0,2,0,1,0,1,1,0,0,2,0,0,0,0,0,0,0,0,0,0,0,0,0,0,0,1,0,1,2,0,0,1,0,0,0,0,0,0,0,0,0,0,0,0,0,0,0,1,1,1,0,0,0,0,0,0,0,0,0,0,0,0,0,0
13.096566971099849,0.02549964543508043,-4.468171627029416,0.182016573118799,11.444444444444445,612.5600000000002,589.3760000000001,612.1508211159999,226,0.41591023464050153,-0.5068931515071489,0.5068931515071489,0.41591023464050153,0.8666666666666667,1.5555555555555556,2.2444444444444445,19.413198322106627,10.083168823738884,2.2986553955288422,-2.0957572718475426,2.328134874312828,-2.1477322918522646,5.858586485542888,-0.1470531451991075,3.471883509365444,1.1716069730221697,2037.5342560390013,31.55346651713189,23.323294065633238,23.323294065633238,21.652018246629737,13.622711309131862,13.622711309131862,9.949197911353295,9.949197911353295,6.848124401081955,6.848124401081955,4.71214352427331,4.71214352427331,-5.839999999999999,15758006223.07002,29.241610349716453,12.03840038951412,6.4198081033988705,253.0542378341206,18.997404239494152,40.529325400910665,12.035672356413459,0.0,0.0,12.145603805395325,4.794537184071822,9.476340119217006,18.269926951325495,0.0,60.6636706846161,30.33183534230805,29.32600418877882,16.944765761229018,36.96318656659044,16.938549644058888,0.0,9.780484743446223,0.0,12.783180481956393,6.606881964512918,130.67531429482685,39.76748833836827,10.16565334570059,13.171245143024459,11.49902366656781,0.0,27.463199390751697,22.314580619828263,0.0,11.257379486545457,118.4062953534342,0.0,39.2377090279075,103.79,29.744727653505777,27.86684690600881,0.0,29.075149987187768,33.96239266664892,12.13273413692322,30.33183534230805,59.27910655129967,12.13273413692322,5.098681808301038,13.890876844653445,57.55806293151351,0.0,25.235030976018855,14.941628688486293,1.5219725218004758,-0.7464681678636378,28.1457890155154,-4.468171627029416,-0.7711776717748164,0.0,0.08823529411764706,45,1,8,0,0,0,0,4,2,6,0,8,1,11,2,8,0,0,0,0,0,7.822715853867703,6,7.159300000000005,158.87779999999967,0,0,0,0,0,2,0,1,0,1,1,0,0,2,0,0,0,0,0,0,0,0,3,0,0,0,0,0,0,1,0,1,2,0,0,3,0,0,0,0,0,0,0,0,0,0,0,0,0,0,0,1,1,1,0,0,0,0,0,0,0,0,0,0,0,0,0,0
12.68335719623527,0.008018959855619512,-0.6794389195327144,0.16653663484612527,11.068181818181818,647.8980000000001,626.73,646.0465194320001,220,0.34404909310432075,-0.5068931515071489,0.5068931515071489,0.34404909310432075,0.8636363636363636,1.6363636363636365,2.3863636363636362,35.498989506195045,10.110660673437025,2.1663165224923473,-2.0917159909157648,2.323231825424673,-2.147744889308903,6.417226600577646,-0.14698455804927477,3.4482089424111715,1.1820354587437694,2057.37458858789,30.79395349313805,22.668593527253986,24.936380365309347,21.245223833864866,13.200061578321487,14.333954997349167,9.643844157395035,10.894680191348229,6.625931049437561,7.616936643515063,4.550725617344094,4.974804956636447,-4.759999999999998,10332288970.123539,29.318012746518253,12.459749857245482,6.2813797695068825,265.1024881915903,18.997404239494152,40.529325400910665,12.035672356413459,0.0,0.0,5.969305287951849,4.794537184071822,9.476340119217006,5.098681808301038,0.0,71.20102208146722,42.46456947923127,34.34863750252015,21.426580897014674,23.791941423565973,51.74136931475644,0.0,9.780484743446223,0.0,6.606881964512918,6.606881964512918,128.0470286074306,39.76748833836827,10.16565334570059,0.0,11.49902366656781,34.802819670697545,27.463199390751697,16.13828210238479,0.0,5.693927994848461,106.27356121651097,15.067899941223978,39.2377090279075,103.79,18.004977644365308,14.69560176298435,0.0,29.075149987187768,37.77945484149234,11.250837766380558,18.19910120538483,47.14637241437645,36.39820241076966,5.098681808301038,48.69369651535099,18.55843785027838,18.44527074737089,25.301614105203377,16.487936180189827,3.0374860735586857,-0.5605781676826758,27.173798276144424,0.0,-0.6106317317295684,0.0,0.06060606060606061,44,1,8,0,0,0,0,4,2,6,0,8,1,11,2,8,0,0,0,0,0,8.30216148029891,6,8.100700000000005,168.90579999999972,0,0,0,0,0,2,0,1,0,1,1,0,0,2,0,0,0,0,0,0,0,0,0,0,0,0,0,0,0,1,0,1,2,0,0,3,0,0,0,0,0,0,0,0,0,0,0,0,0,0,0,0,1,1,0,0,0,0,0,0,0,0,0,0,0,0,0,0
12.674325927354815,0.01517516179718048,-0.6625702326640275,0.17797406516950756,11.023255813953488,613.4530000000002,591.277,612.085491784,214,0.34404909310432075,-0.5068931515071489,0.5068931515071489,0.34404909310432075,0.8604651162790697,1.6046511627906976,2.3488372093023258,35.49826403721856,10.110660703148532,2.1644994504664004,-2.09116934557245,2.3210812476590075,-2.1477297999146194,6.41708870217838,-0.14698445641360772,3.4505167947803894,1.1764816342268765,2006.115308919608,29.92371000513497,22.367979323434383,23.87983721547129,20.851376983747514,13.100395739293914,13.856324685312368,9.502976536348674,10.317376789829883,6.555498447323377,7.294527726061394,4.537628842688369,4.835720024310978,-5.049999999999998,7310917884.824112,28.087580449964154,12.0509355357865,6.109659975207796,254.79922196470864,18.997404239494152,40.529325400910665,12.035672356413459,0.0,0.0,5.969305287951849,4.794537184071822,9.476340119217006,5.098681808301038,0.0,77.79918339661954,30.33183534230805,29.32600418877882,21.426580897014674,23.791941423565973,40.14042942452392,0.0,9.780484743446223,0.0,6.606881964512918,6.606881964512918,129.09076236215088,39.76748833836827,10.16565334570059,0.0,11.49902366656781,23.20187978046503,27.463199390751697,16.13828210238479,0.0,5.693927994848461,112.33992828497259,10.045266627482652,39.2377090279075,103.79,18.004977644365308,14.69560176298435,0.0,29.075149987187768,27.062893532902553,16.944765761229018,18.19910120538483,35.01363827745323,54.59730361615449,5.098681808301038,37.092756625118476,18.607856092275508,12.368889949075893,25.26976628699122,15.964115013025523,3.238042143148058,-0.5187519033621619,29.69386420470833,0.0,-0.5682262303068111,0.0,0.06060606060606061,43,1,8,0,0,0,0,4,2,6,0,8,1,10,2,8,0,0,0,0,0,7.871665612993842,6,7.447300000000006,163.8957999999997,0,0,0,0,0,2,0,1,0,1,1,0,0,2,0,0,0,0,0,0,0,0,0,0,0,0,0,0,0,1,0,1,2,0,0,2,0,0,0,0,0,0,0,0,0,0,0,0,0,0,0,1,1,1,0,0,0,0,0,0,0,0,0,0,0,0,0,0
12.664256201086191,0.023242291426810224,-0.6422410145570316,0.19818350501210796,10.976190476190476,579.0080000000003,555.8240000000002,578.1244641359999,208,0.3440490931043207,-0.5068931515071489,0.5068931515071489,0.3440490931043207,0.8809523809523809,1.5952380952380953,2.3333333333333335,35.49569251149654,10.110661250387535,2.1592287353403314,-2.0909438658092454,2.311179125835218,-2.147729229202779,6.301758184935815,-0.14698437317654048,3.4402775809133748,1.1676394094673719,1934.062574851943,29.05346651713189,22.06736511961478,22.823294065633235,20.440693381224552,12.994746836122633,13.37271130913186,9.380981597951841,9.817417378423825,6.480119056731044,6.732095372070529,4.502822033270236,4.628810190939978,-5.339999999999998,5002491667.518163,26.86065551342752,11.642162146708223,5.747327956854854,244.49595573782693,18.997404239494152,40.529325400910665,12.035672356413459,0.0,0.0,5.969305287951849,4.794537184071822,9.476340119217006,5.098681808301038,0.0,72.26461057484863,30.33183534230805,34.34863750252015,11.381314269532023,23.791941423565973,28.539489534291405,0.0,9.780484743446223,0.0,6.606881964512918,6.606881964512918,130.1344961168712,39.76748833836827,10.16565334570059,0.0,11.49902366656781,11.600939890232516,27.463199390751697,16.13828210238479,0.0,5.693927994848461,118.4062953534342,5.022633313741326,39.2377090279075,103.79,18.004977644365308,14.69560176298435,0.0,29.075149987187768,22.040260219161226,16.944765761229018,18.19910120538483,16.814537072068404,78.86277189000094,5.098681808301038,25.49181673488596,18.65789566005629,6.071444191191182,25.232488112605058,15.761864743794241,3.534692950726596,-0.46995361255934265,32.00532997491088,0.0,-0.5159842429471286,0.0,0.06060606060606061,42,1,8,0,0,0,0,4,2,6,0,8,1,9,2,8,0,0,0,0,0,7.445621591766558,6,6.793900000000006,158.88579999999968,0,0,0,0,0,2,0,1,0,1,1,0,0,2,0,0,0,0,0,0,0,0,0,0,0,0,0,0,0,1,0,1,2,0,0,1,0,0,0,0,0,0,0,0,0,0,0,0,0,0,0,1,1,1,0,0,0,0,0,0,0,0,0,0,0,0,0,0
13.516067633432769,0.009785928489478346,-0.6743805921511548,0.2178496904479513,10.976190476190476,562.5530000000002,539.3690000000003,562.1540146759999,208,0.3440490931043207,-0.5068931515071489,0.5068931515071489,0.3440490931043207,0.8809523809523809,1.5952380952380953,2.3333333333333335,19.14215002962629,10.110660338990536,2.159679589123041,-2.0909207594561843,2.3102966151813873,-2.1477296632910488,5.8585122505111125,-0.14698485663797112,3.4402775809133748,1.1676394094673719,1934.062574851943,29.05346651713189,22.06736511961478,22.06736511961478,20.440693381224552,12.994746836122633,12.994746836122633,9.380981597951841,9.380981597951841,6.480119056731044,6.480119056731044,4.502822033270236,4.502822033270236,-5.699999999999998,5002491667.518163,26.518926065111486,11.421636153120524,5.615428691226866,238.35822491387148,18.997404239494152,46.34654624195656,12.035672356413459,0.0,0.0,5.969305287951849,4.794537184071822,13.866755166891828,5.098681808301038,0.0,48.53093654769288,42.46456947923127,29.32600418877882,11.381314269532023,28.182356471240794,16.938549644058888,0.0,9.780484743446223,0.0,6.606881964512918,6.606881964512918,130.92908364417576,39.76748833836827,10.16565334570059,4.39041504767482,11.49902366656781,0.0,27.463199390751697,16.13828210238479,5.817220841045895,5.693927994848461,118.4062953534342,0.0,39.2377090279075,103.79,18.004977644365308,19.086016810659167,0.0,34.892370828233666,22.71155490026836,11.250837766380558,30.33183534230805,35.01363827745323,48.53093654769288,5.098681808301038,13.890876844653445,32.01924178544043,0.0,25.194709394366967,15.051792814730472,3.1116186649302064,-0.8989550836231863,30.27926048054532,0.0,-0.5910013897235344,0.0,0.06060606060606061,42,1,8,0,0,0,0,4,2,6,0,8,1,9,2,8,0,0,0,0,0,7.211655349695418,6,6.279600000000005,153.83379999999968,0,0,0,0,0,2,0,1,0,1,1,0,0,2,0,0,0,0,0,0,0,0,0,0,0,0,0,0,0,1,0,1,2,0,0,1,0,0,0,0,0,0,0,0,0,0,0,0,0,0,0,1,1,1,0,0,0,0,0,0,0,0,0,0,0,0,0,0
12.670104154302564,0.002374636535369401,-0.6988678893657247,0.12091133405136434,10.909090909090908,589.5600000000003,566.3760000000002,589.1485146959999,218,0.3440490931043207,-0.5068931515071489,0.5068931515071489,0.3440490931043207,0.9090909090909091,1.6136363636363635,2.3181818181818183,16.628632219333713,10.110652352236004,2.166164375237892,-2.0909090105749923,2.31195662013906,-2.147729722076843,5.858612887151555,-0.3844319705425444,3.4751033464991776,1.1705721260265811,2036.1441385965434,30.630816786321517,22.953110823033235,22.953110823033235,21.351376983747514,13.394519769038107,13.394519769038107,9.678072382548056,9.678072382548056,6.7140206082391805,6.7140206082391805,4.6360796775753945,4.6360796775753945,-6.229999999999999,12199457386.67009,27.916164194527784,11.940630320063368,5.878377892949508,248.84566523344506,18.997404239494152,40.529325400910665,12.035672356413459,0.0,5.687386274683562,5.969305287951849,14.908855452837393,9.476340119217006,5.098681808301038,0.0,48.53093654769288,30.33183534230805,41.45873832570204,16.304625318349693,28.715252472383643,22.62593591874245,0.0,9.780484743446223,0.0,6.606881964512918,6.606881964512918,135.2261810718954,39.76748833836827,10.16565334570059,5.687386274683562,11.49902366656781,0.0,32.38651043956936,16.13828210238479,10.114318268765572,5.693927994848461,118.4062953534342,0.0,39.2377090279075,146.93,22.928288693182978,24.80992003174992,0.0,34.76253626187133,28.275006391965356,5.687386274683562,30.33183534230805,35.01363827745323,48.53093654769288,5.098681808301038,13.890876844653445,18.470466872198802,0.0,35.87190346048513,26.138034944923355,2.8588687979407608,-0.6149110511994809,30.09265304869735,0.0,-0.6503494063792437,0.0,0.06060606060606061,44,1,11,0,0,0,0,4,2,6,0,10,1,11,2,9,0,0,0,0,0,7.575831740932859,6,6.048700000000005,160.53019999999967,0,0,0,0,0,2,0,1,0,1,1,0,0,3,0,0,0,0,0,0,0,0,0,0,0,0,0,0,0,1,0,1,2,0,0,0,0,0,0,0,0,0,0,0,0,0,1,1,1,0,0,1,1,1,0,0,0,0,0,0,0,0,0,0,0,0,0,0
13.397271337136473,0.03223636562015897,-4.524453561815825,0.182016573118799,11.444444444444445,612.5600000000002,589.3760000000001,612.1508211159999,226,0.41593217949834593,-0.5068931515071489,0.5068931515071489,0.41593217949834593,0.8666666666666667,1.5777777777777777,2.311111111111111,19.413198611469657,10.072669348593916,2.305257340893071,-2.104145241063884,2.3366731687376356,-2.147736301873977,5.858606283059297,-0.147054014524678,3.472881759215669,1.1852112834000095,2054.7842560390013,31.55346651713189,23.323294065633238,23.323294065633238,21.652018246629737,13.622711309131862,13.622711309131862,9.952652235047243,9.952652235047243,6.825795301712694,6.825795301712694,4.7370214240430535,4.7370214240430535,-5.839999999999999,15699197999.37251,29.241610349716453,12.03840038951412,6.4198081033988705,253.0542378341206,18.997404239494152,40.529325400910665,12.035672356413459,0.0,0.0,12.145603805395325,4.794537184071822,9.476340119217006,18.269926951325495,0.0,60.6636706846161,30.33183534230805,29.32600418877882,16.944765761229018,36.96318656659044,16.938549644058888,0.0,9.780484743446223,0.0,12.783180481956393,6.606881964512918,130.67531429482685,39.76748833836827,10.16565334570059,13.171245143024459,11.49902366656781,0.0,27.463199390751697,22.314580619828263,0.0,11.257379486545457,118.4062953534342,0.0,39.2377090279075,103.79,29.744727653505777,27.86684690600881,0.0,40.332529473733224,22.70501318010346,12.13273413692322,28.947271208991626,66.73003775307771,6.06636706846161,5.098681808301038,13.890876844653445,58.354505656802516,0.0,25.24125102236018,14.896584599704266,1.0225930812038213,-0.7955930827633091,28.055406679982553,-4.524453561815825,-0.8336277288075304,0.0,0.08823529411764706,45,1,8,0,0,0,0,4,2,6,0,8,1,11,2,8,0,0,0,0,0,7.822715853867703,6,7.159300000000006,158.87779999999967,0,0,0,0,0,2,0,1,0,1,1,0,0,2,0,0,0,0,0,0,0,0,3,0,0,0,0,0,0,1,0,1,2,0,0,3,0,0,0,0,0,0,0,0,0,0,0,0,0,0,0,1,1,1,0,0,0,0,0,0,0,0,0,0,0,0,0,0
12.674325927354815,0.01517516179718048,-0.6625702326640275,0.17797406516950756,11.023255813953488,613.4530000000002,591.2770000000003,612.085491784,214,0.34404909310432075,-0.5068931515071489,0.5068931515071489,0.34404909310432075,0.8604651162790697,1.627906976744186,2.395348837209302,35.49678618377759,10.11066112015175,2.1621084899896363,-2.091306752525663,2.3132176229461656,-2.147744509549911,6.306292106803037,-0.146984471324815,3.436541322835393,1.1758400002629912,2003.1153089196077,29.92371000513497,22.367979323434383,23.87983721547129,20.834540231341904,13.094412675150206,13.85034162116866,9.52530354269215,10.398175103636119,6.530947502884725,7.018020921011949,4.543075714754088,4.859351720563032,-5.049999999999998,6978096530.398651,28.087580449964154,12.0509355357865,6.254347916459532,254.79922196470864,18.997404239494152,40.529325400910665,12.035672356413459,0.0,0.0,5.969305287951849,4.794537184071822,9.476340119217006,5.098681808301038,0.0,65.66644925969631,42.46456947923127,39.37127081626147,11.381314269532023,23.791941423565973,40.14042942452392,0.0,9.780484743446223,0.0,6.606881964512918,6.606881964512918,129.09076236215088,39.76748833836827,10.16565334570059,0.0,11.49902366656781,23.20187978046503,27.463199390751697,16.13828210238479,0.0,5.693927994848461,112.33992828497259,10.045266627482652,39.2377090279075,103.79,18.004977644365308,14.69560176298435,0.0,29.075149987187768,27.062893532902553,16.944765761229018,18.19910120538483,35.01363827745324,54.59730361615449,5.098681808301038,37.092756625118476,18.596372091267696,12.294242840232355,25.26976628699122,16.285698010422013,3.251982682326693,-0.5187519033621619,29.444471777984553,0.0,-0.5682262303068111,0.0,0.06060606060606061,43,1,8,0,0,0,0,4,2,6,0,8,1,10,2,8,0,0,0,0,0,7.871665612993842,6,7.447300000000006,163.8957999999997,0,0,0,0,0,2,0,1,0,1,1,0,0,2,0,0,0,0,0,0,0,0,0,0,0,0,0,0,0,1,0,1,2,0,0,2,0,0,0,0,0,0,0,0,0,0,0,0,0,0,0,0,1,1,0,0,0,0,0,0,0,0,0,0,0,0,0,0
12.665294658474362,0.02233136373874145,-0.6457015457953406,0.19818350501210796,10.976190476190476,579.0080000000003,555.8240000000003,578.1244641359999,208,0.34404909310432075,-0.5068931515071489,0.5068931515071489,0.34404909310432075,0.8809523809523809,1.619047619047619,2.380952380952381,35.49569251642825,10.1106611444818,2.1603639518893947,-2.090972604552915,2.3119051685092997,-2.147729435066164,6.303993669637164,-0.14698436966881182,3.4388923971187437,1.1715849753825585,1951.3125748519437,29.05346651713189,22.06736511961478,22.823294065633235,20.440693381224552,12.994746836122633,13.37271130913186,9.384435921645789,9.820871702117772,6.460514900770541,6.69561200355828,4.5299789400983625,4.720266788237563,-5.339999999999998,4937758353.405929,26.86065551342752,11.642162146708223,5.747327956854854,244.49595573782693,18.997404239494152,40.529325400910665,12.035672356413459,0.0,0.0,5.969305287951849,4.794537184071822,9.476340119217006,5.098681808301038,0.0,72.26461057484863,30.33183534230805,34.34863750252015,11.381314269532023,23.791941423565973,28.539489534291405,0.0,9.780484743446223,0.0,6.606881964512918,6.606881964512918,130.1344961168712,39.76748833836827,10.16565334570059,0.0,11.49902366656781,11.600939890232516,27.463199390751697,16.13828210238479,0.0,5.693927994848461,118.4062953534342,5.022633313741326,39.2377090279075,103.79,18.004977644365308,14.69560176298435,0.0,29.075149987187768,22.040260219161226,16.944765761229018,18.19910120538483,22.880904140530017,72.79640482153933,5.098681808301038,25.49181673488596,18.645790333264824,6.2233716838106385,25.237918468779068,15.728139469520332,3.4525387519160646,-0.4769256390416481,31.99276543841256,0.0,-0.5258207288840537,0.0,0.06060606060606061,42,1,8,0,0,0,0,4,2,6,0,8,1,9,2,8,0,0,0,0,0,7.445621591766558,6,6.793900000000006,158.88579999999968,0,0,0,0,0,2,0,1,0,1,1,0,0,2,0,0,0,0,0,0,0,0,0,0,0,0,0,0,0,1,0,1,2,0,0,1,0,0,0,0,0,0,0,0,0,0,0,0,0,0,0,1,1,1,0,0,0,0,0,0,0,0,0,0,0,0,0,0
13.950998231264085,0.007140391516519351,-0.6845904346842298,0.2178496904479513,10.976190476190476,562.5530000000002,539.3690000000003,562.1540146759999,208,0.34404909310432086,-0.5068931515071489,0.5068931515071489,0.34404909310432086,0.8809523809523809,1.619047619047619,2.380952380952381,19.142151362266457,10.110659808724796,2.1611796260557132,-2.090930622867071,2.310508937383326,-2.147730299465916,5.858516018298065,-0.1469848389464185,3.4388923971187437,1.1715849753825585,1951.3125748519437,29.05346651713189,22.06736511961478,22.06736511961478,20.440693381224552,12.994746836122633,12.994746836122633,9.384435921645789,9.384435921645789,6.460514900770541,6.460514900770541,4.5299789400983625,4.5299789400983625,-5.699999999999998,4937758353.405929,26.518926065111486,11.421636153120524,5.615428691226866,238.35822491387148,18.997404239494152,46.34654624195656,12.035672356413459,0.0,0.0,5.969305287951849,4.794537184071822,13.866755166891828,5.098681808301038,0.0,60.6636706846161,30.33183534230805,29.32600418877882,11.381314269532023,28.182356471240794,16.938549644058888,0.0,9.780484743446223,0.0,6.606881964512918,6.606881964512918,130.92908364417576,39.76748833836827,10.16565334570059,4.39041504767482,11.49902366656781,0.0,27.463199390751697,16.13828210238479,5.817220841045895,5.693927994848461,118.4062953534342,0.0,39.2377090279075,103.79,18.004977644365308,19.086016810659167,0.0,34.892370828233666,28.275006391965356,5.687386274683562,30.33183534230805,35.01363827745323,48.53093654769288,5.098681808301038,13.890876844653445,32.39855575417226,0.0,25.193776147700717,15.026975312974868,2.852454425035954,-0.9503711078287658,30.264000329978703,0.0,-0.6187241953670655,0.0,0.06060606060606061,42,1,8,0,0,0,0,4,2,6,0,8,1,9,2,8,0,0,0,0,0,7.211655349695418,6,6.279600000000005,153.83379999999968,0,0,0,0,0,2,0,1,0,1,1,0,0,2,0,0,0,0,0,0,0,0,0,0,0,0,0,0,0,1,0,1,2,0,0,1,0,0,0,0,0,0,0,0,0,0,0,0,0,0,0,1,1,1,0,0,0,0,0,0,0,0,0,0,0,0,0,0
12.671810433508654,0.006330989683019261,-0.7127447046566815,0.12091133405136434,10.909090909090908,589.5600000000003,566.3760000000002,589.1485146959999,218,0.34404909310432097,-0.5068931515071489,0.5068931515071489,0.34404909310432097,0.9090909090909091,1.6363636363636365,2.3863636363636362,16.628641431479654,10.11061150058563,2.1718990831746914,-2.0909181495237865,2.3131480046533395,-2.147730495744275,5.85865019763618,-0.38439510868131305,3.4762395208219083,1.1812423871667093,2053.3941385965436,30.630816786321517,22.953110823033235,22.953110823033235,21.351376983747514,13.394519769038107,13.394519769038107,9.681526706242005,9.681526706242005,6.692870181741347,6.692870181741347,4.66097351477784,4.66097351477784,-6.229999999999999,12140045693.443478,27.916164194527784,11.940630320063368,5.878377892949508,248.84566523344506,18.997404239494152,40.529325400910665,12.035672356413459,0.0,5.687386274683562,5.969305287951849,14.908855452837393,9.476340119217006,5.098681808301038,0.0,60.6636706846161,18.19910120538483,41.45873832570204,16.304625318349693,28.715252472383643,22.62593591874245,0.0,9.780484743446223,0.0,6.606881964512918,6.606881964512918,135.2261810718954,39.76748833836827,10.16565334570059,5.687386274683562,11.49902366656781,0.0,32.38651043956936,16.13828210238479,10.114318268765572,5.693927994848461,118.4062953534342,0.0,39.2377090279075,146.93,22.928288693182978,24.80992003174992,0.0,34.76253626187133,33.96239266664892,0.0,30.33183534230805,35.01363827745323,48.53093654769288,5.098681808301038,13.890876844653445,18.413679226032126,0.0,36.1290287864509,26.366242924321362,2.551876213652276,-0.6437996634673844,30.03721795620964,0.0,-0.687578776532253,0.0,0.06060606060606061,44,1,11,0,0,0,0,4,2,6,0,10,1,11,2,9,0,0,0,0,0,7.575831740932859,6,6.048700000000005,160.53019999999967,0,0,0,0,0,2,0,1,0,1,1,0,0,3,0,0,0,0,0,0,0,0,0,0,0,0,0,0,0,1,0,1,2,0,0,0,0,0,0,0,0,0,0,0,0,0,1,1,1,0,0,1,1,1,0,0,0,0,0,0,0,0,0,0,0,0,0,0
12.655224932205737,0.030398493368371193,-0.6253723276883447,0.22960488222893605,10.926829268292684,544.5630000000002,520.3710000000004,544.163436488,202,0.3440490931043207,-0.5068931515071489,0.5068931515071489,0.3440490931043207,0.8292682926829268,1.4878048780487805,2.1951219512195124,16.567485602736177,10.110661585560315,2.1573772831552676,-2.0908842790819633,2.309752358797176,-2.1477289377417774,5.858494532908884,-0.14698428246222678,3.4426141369506493,1.1648102583745528,1823.4758052127108,28.18322302912881,21.76675091579518,21.76675091579518,20.046846531107203,12.89508099709506,12.89508099709506,9.240113976905475,9.240113976905475,6.4096864546168595,6.4096864546168595,4.491086272813719,4.491086272813719,-5.629999999999998,3539756886.2760773,25.63755619265908,11.23343453788518,5.575412369805329,234.19268951094526,18.997404239494152,40.529325400910665,12.035672356413459,0.0,0.0,5.969305287951849,4.794537184071822,9.476340119217006,5.098681808301038,0.0,78.86277189000094,18.19910120538483,29.32600418877882,11.381314269532023,23.791941423565973,16.938549644058888,0.0,9.780484743446223,0.0,6.606881964512918,6.606881964512918,131.17822987159147,39.76748833836827,10.16565334570059,0.0,11.49902366656781,0.0,27.463199390751697,16.13828210238479,0.0,5.693927994848461,124.47266242189582,0.0,39.2377090279075,103.79,18.004977644365308,14.69560176298435,0.0,29.075149987187768,17.0176269054199,16.944765761229018,18.19910120538483,0.0,101.74367603053098,5.098681808301038,13.890876844653445,18.695829901045606,0.0,25.200640294392905,15.149345990412511,3.749189559494603,-0.4281273482388288,34.60670034441758,0.0,-0.4735787415243713,0.0,0.06060606060606061,41,1,8,0,0,0,0,4,2,6,0,8,1,8,2,8,0,0,0,0,0,7.024336809794844,6,6.140500000000005,153.87579999999966,0,0,0,0,0,2,0,1,0,1,1,0,0,2,0,0,0,0,0,0,0,0,0,0,0,0,0,0,0,1,0,1,2,0,0,0,0,0,0,0,0,0,0,0,0,0,0,0,0,0,0,1,1,1,0,0,0,0,0,0,0,0,0,0,0,0,0,0
