ID,SMILES,pIC50,Set
1,CS(=O)(=O)c1ccc(-n2cnc(Cl)c2-c2ccc3c(c2)OCO3)cc1,8.221848749616356,Train
2,C[C@H]1C[C@@H]1Cn1ncc(-c2ccc(S(C)(=O)=O)cc2)c(-c2ccc(F)cc2)c1=O,6.872363747448347,Train
3,Cc1ccc(-n2c(C)ccc2-c2ccc(S(C)(=O)=O)cc2)cc1,7.398973915543969,Train
4,Cc1c(CCC(=O)O)cccc1NC(=O)[C@H](c1ccc(-c2cncc(C(F)(F)F)c2)cc1)C1CCCC1,6.703334809738469,Train
5,CCCCCCNC(=O)Oc1cccc(-c2ccc(C(C)C(=O)O)cc2N)c1,4.91721462968355,Train
6,Cc1nn(-c2ccc(S(N)(=O)=O)cc2)c(-c2ccccc2)c1Cl,7.552841968657781,Train
7,CCC#CCSc1ccccc1OC(C)=O,5.301029995663981,Train
8,CC(C(=O)[O-])c1ccc(C[C@H]2CCC[C@H]2O)cc1-c1ccc(O)cc1,4.769551078621726,Train
9,Cc1c(NC(=O)C(c2ccc(-c3cncc(C(F)(F)F)c3)cc2)C2CCCC2)cccc1C(CC(=O)O)C1CC1,7.603800652904264,Train
10,CCCCCCCCNC(=O)Oc1cccc(-c2ccc(C(C)C(=O)O)cc2F)c1,4.540607512240769,Train
11,CCOC(=O)Cc1c(C)n(C(=O)c2ccc(Cl)cc2)c2ccc(OC)cc12,7.0,Train
12,COC(=O)CNC(=O)[C@H](Cc1c[nH]c2ccccc12)NC(=O)C(=O)c1cn(S(=O)(=O)c2ccc(C)cc2)c2ccccc12,7.327902142064282,Train
13,COc1ccc(NC(=O)C(c2ccc(-c3cncc(C(F)(F)F)c3)cc2)C2CCCC2)c(C)c1CCC(=O)O,7.549750891680639,Train
14,Cc1cc(-c2c(-c3ccc(S(N)(=O)=O)cc3)ccc(F)c2F)ccc1Cl,8.51999305704285,Train
15,CS(=O)(=O)c1ccc(-c2c(-c3ccc(F)cc3)nn3ncccc23)cc1,7.4089353929735005,Train
16,NS(=O)(=O)c1ccc(N2N=C3c4ccccc4CCC3C2c2ccc(F)cc2)cc1,4.814741234703415,Train
17,Oc1cc(O)c2cc(O)c(-c3ccc(O)c(O)c3)[o+]c2c1,1.221848749616356,Train
18,COc1ccc2c(c1)c(CC(=O)Nc1ccc(Cl)cc1)c(C)n2C(=O)c1ccc(Cl)cc1,7.259637310505756,Train
19,COc1ccccc1C1C2CCc3ccccc3C2=NN1c1ccc(S(N)(=O)=O)cc1,5.580044251510242,Train
20,CC(C)(C)c1cc(/C=C2\SC(NC#N)=NC2=O)cc(C(C)(C)C)c1O,4.259637310505756,Train
21,NS(=O)(=O)c1ccc(-n2nc(CF)cc2-c2ccccc2)cc1,6.699480900891103,Train
22,CC/C(=C(\c1ccccc1)c1ccc(OC(C)=O)cc1)c1ccc(S(C)(=O)=O)cc1,7.522878745280337,Train
23,Cc1ccc(Oc2c(-c3ccc(S(C)(=O)=O)cc3)oc(C)cc2=O)cc1,6.677791045857094,Train
24,CS(=O)(=O)c1ccc(-c2ccc(Cl)c(Cl)c2-c2ccc(F)cc2)cc1,6.620005959834258,Train
25,COc1ccc(-c2cc(C(F)(F)F)nn2-c2ccc(S(N)(=O)=O)cc2)cc1OC,6.221848749616356,Train
26,Cc1ncc(-c2ccc(C(C(=O)Nc3cccc(C(C)CC(=O)O)c3C)C3CCCC3)cc2)cc1F,7.432973633840939,Train
27,Cc1ccc(C2CC(c3ccc(C)c(C)c3)=NN2C2=NC(=O)CS2)cc1,5.920818753952375,Train
28,Cc1ccccc1C1C2COc3ccccc3C2=NN1c1ccc(S(N)(=O)=O)cc1,6.337242168318426,Train
29,CS(=O)(=O)c1ccc(-n2cc(CO)nc2-c2cccnc2)cc1,3.029653123769907,Train
30,COc1cc2c(cc1OC)CN(C(=O)CCn1sc3nc(C)cc(C)c3c1=O)CC2,3.5289922120100554,Train
31,CC(=O)Oc1ccccc1SCCCCCCI,5.0,Train
32,CS(=O)(=O)c1ccc(C2=C(c3ccc(F)cc3F)CC3(CC3)C2)cc1,7.658765000758199,Train
33,CCOC(=O)CNc1ncnc2sc3c(c12)CCCC3,6.958607314841775,Train
34,COC(=O)[C@H](Cc1ccccc1)n1cc(COc2nc(Cl)nc(N3CCOCC3)n2)nn1,6.698970004336019,Train
35,Cc1cc(C)c2c(=O)n(CC(=O)N3CCN(c4cccc(Cl)c4)CC3)sc2n1,3.304086422363305,Train
36,CS(=O)(=O)c1ccc(-n2nc(COc3ccc4c(c3)OCO4)cc2-c2ccccc2)cc1,6.346787486224656,Train
37,Cc1ccc(-c2cc(C(F)F)nn2-c2ccc(S(N)(=O)=O)cc2)o1,5.482804102050025,Train
38,CS(=O)(=O)c1ccc(/C=C(/C(=O)O)c2cccc(Br)c2)cc1,6.508638306165727,Train
39,CS(=O)(=O)c1ccc(/C=C(\c2ccccc2)c2ccc(F)cc2)cc1,7.494850021680094,Train
40,CSc1ccccc1OC(=O)C(F)(F)F,3.585026652029182,Train
41,CC(=O)NCc1cc(-n2nc(C(F)(F)F)cc2-c2ccc(C)cc2)ccc1S(N)(=O)=O,5.164309428507575,Train
42,COc1ccc2c(c1)c(CC(=O)Nc1cccnc1)c(C)n2C(=O)c1ccc(Cl)cc1,7.2839966563652,Train
43,COc1c(CCC(=O)O)cccc1NC(=O)C(c1ccc(-c2cncc(C(F)(F)F)c2)cc1)C1CCCC1,6.484126156288321,Train
44,COc1ccc2c(c1)c(CC(=O)N[C@H](CO)c1ccccc1)c(C)n2C(=O)c1ccc(Cl)cc1,7.070581074285707,Train
45,Cc1ccncc1-c1nc(C(F)(F)F)cn1-c1ccc(S(C)(=O)=O)cc1,4.267606240177032,Train
46,O=C1CSC(N2N=C(c3ccc(Cl)c(Cl)c3)CC2c2ccc(Br)cc2)=N1,5.119186407719209,Train
47,C/C(=N\NC(N)=O)c1nnn(-c2ccc(S(N)(=O)=O)cc2)c1C,6.376750709602099,Train
48,Cc1ccc(-c2cc(CC3CCCC3=O)ccc2C(C)C(=O)[O-])cc1,3.267606240177032,Train
49,COc1ccc(-n2cc(COc3ccc(/C=C4\SC(=O)NC4=O)cc3)nn2)cc1,6.853871964321762,Train
50,COc1ccc(-c2ccccc2-c2ccc(S(N)(=O)=O)cc2)cc1Cl,7.720105019988361,Train
51,O=C1COCCN1c1ccc(Nc2nc(Cl)nc(Nc3ccc(Br)cc3)n2)cc1,6.301029995663981,Train
52,Cc1cc(-c2ccc(S(C)(=O)=O)cc2)nc(NC2CCCCC2)n1,5.773915884024176,Train
53,Cc1ccc2c(c1)C=C(C(=O)O)C(C(F)(F)F)O2,6.6020599913279625,Train
54,Fc1ccc(-c2nn(-c3ccccc3)cc2-c2nnc(-c3ccccc3)o2)cc1,5.187086643357144,Train
55,CS(=O)(=O)c1ccc(-c2cnn(Cc3ccccc3)c(=O)c2Oc2ccc(F)cc2)cc1,7.372363747448347,Train
56,CCCCCSc1ccccc1OC(C)=O,5.301029995663981,Train
57,CCOC(=O)CCc1cc(-c2ccc(S(C)(=O)=O)cc2)c(-c2ccc(F)cc2)s1,3.886056647693163,Train
58,CCCCCN(CCCCC)C(=O)/C=C/c1c(/C=C/c2ccc(OC)cc2)cc(OC)cc1OC,4.784362436564939,Train
59,COc1cccc(/C=N/c2ccc(S(N)(=O)=O)cc2)c1,5.263603497723357,Train
60,Cc1ccc(CNc2cc(C(F)(F)F)nc(-c3ccc(S(C)(=O)=O)cc3)n2)s1,7.931814138253838,Train
61,COc1ccc2c(c1)c(CC(=O)N[C@@H](CO)Cc1ccccc1)c(C)n2C(=O)c1ccc(Cl)cc1,6.657577319177793,Train
62,NS(=O)(=O)c1ccc(-n2nc(C(=O)OCCOc3cc(=O)oc4ccccc34)cc2-c2ccccc2)cc1,6.267606240177031,Train
63,CON(C)C1=NC(=O)/C(=C/c2cc(C(C)(C)C)c(O)c(C(C)(C)C)c2)S1,4.7447274948966935,Train
64,O=C(c1cccs1)c1sc(N(c2ccccc2)c2ccccc2)nc1-c1ccc(F)cc1,7.045757490560675,Train
65,CS(=O)(=O)c1ccc(-c2c(-c3ccccc3)nn3ncccc23)cc1,8.698970004336019,Train
66,O=C(c1cccs1)c1sc(N(c2ccccc2)c2ccccc2)nc1-c1ccccc1,7.045757490560675,Train
67,Cc1ccc(-c2ccc(C(C(=O)Nc3cccc(CCC(=O)O)c3C)C3CCCC3)cc2)cn1,6.52432881167557,Train
68,CS(=O)(=O)Nc1cc2c(cc1Sc1ccc(F)cc1F)C(=O)CC2,7.668621084159213,Train
69,C#Cc1cc(Cl)c2c(c1)C=C(C(=O)O)C(C(F)(F)F)O2,7.585026652029182,Train
70,CS(=O)(=O)c1ccc(/C=C(/C(=O)O)c2ccccc2)cc1,5.522878745280337,Train
71,CCc1cncc(-c2ccc([C@H](C(=O)Nc3cccc(C(CC)CC(=O)O)c3C)C3CCCC3)cc2)c1,7.681936665037238,Train
72,CCOP(=O)(OCC)C(NC(=O)c1cc(-c2cccc3ccccc23)n(-c2ccc(S(N)(=O)=O)cc2)n1)c1ccc(Cl)cc1,6.657577319177793,Train
73,COc1c(Cl)cc(-c2c(Cl)ncn2-c2ccc(S(C)(=O)=O)cc2)cc1Cl,8.154901959985743,Train
74,NS(=O)(=O)c1ccc(-n2nc(C(F)(F)F)cc2-c2ccc(F)cc2)cc1,7.387216143280264,Train
75,Cc1ccc(-c2nc(C(F)(F)F)cn2-c2ccc(S(C)(=O)=O)cc2)cn1,5.742363849907403,Train
76,COCCOc1cc(NCc2cccs2)nc(-c2ccc(S(C)(=O)=O)cc2)n1,8.619788758288394,Train
77,CNc1ccc(-c2nc(C(F)(F)F)cn2-c2ccc(S(C)(=O)=O)cc2)cc1Cl,6.180229165473677,Train
78,COc1c(Cl)cc(-c2c(-c3ccc(S(N)(=O)=O)cc3)ccc(F)c2F)cc1Cl,7.680061560019691,Train
79,COc1ccc(-c2cc(C(F)(F)F)nn2-c2ccc(S(N)(=O)=O)cc2)cc1,8.096910013008056,Train
80,CCOP(=O)(OCC)C(NC(=O)c1cc(-c2ccc(C(F)(F)F)cc2)n(-c2ccc(S(N)(=O)=O)cc2)n1)c1ccc(Br)cc1,6.552841968657781,Train
81,Cc1[nH]c2cc(S(C)(=O)=O)ccc2c1Cc1ccc(F)cc1,6.021915784762318,Train
82,NS(=O)(=O)c1ccc(N2N=C3c4ccccc4CCC3C2c2cccc(Br)c2)cc1,5.458420756053419,Train
83,CNc1cccc(-c2nc(C(F)(F)F)cn2-c2ccc(S(C)(=O)=O)cc2)c1,6.038106286175619,Train
84,COc1c(C(C)(C)C)cc(-c2nnc(S)s2)cc1C(C)(C)C,5.823908740944319,Train
85,COc1ccc(-c2nc(C(F)(F)F)cn2-c2ccc(S(N)(=O)=O)cc2)cc1Br,7.521435901161594,Train
86,NS(=O)(=O)c1ccc(-n2nc(C(F)(F)F)c(O)c2-c2ccccc2)cc1,5.446116973356125,Train
87,NS(=O)(=O)c1ccc(-n2nc(C(=O)OCCCN3CCOCC3)cc2-c2ccc(Cl)cc2)cc1,5.262012673666569,Train
88,O=C1COCCN1c1ccc(Nc2nc(Cl)nc(N3CCN(c4ccccc4)CC3)n2)cc1,4.0,Train
89,Cc1[nH]c2cc(S(C)(=O)=O)ccc2c1Oc1ccc(F)cc1F,6.17291172906102,Train
90,COc1ccc(-c2c(Cl)ncn2-c2ccc(S(C)(=O)=O)cc2)cc1C,7.886056647693163,Train
91,COc1ccc(Sc2c(C)[nH]c3cc(S(C)(=O)=O)ccc23)cc1,5.823330452344347,Train
92,CS(=O)(=O)c1ccc(-c2[nH]c3ccc(Cl)cc3c2-c2ccccc2)cc1,9.4438785307071,Train
93,C#CCSc1ccccc1OC(C)=O,4.6020599913279625,Train
94,CCCCOC(=O)Cc1c(C)n(C(=O)c2ccc(Cl)cc2)c2ccc(OC)cc12,7.301029995663981,Train
95,NS(=O)(=O)c1ccc(-n2nc(C(F)(F)F)cc2-c2ccc(Cl)cc2)cc1CO,6.147520006363143,Train
96,CCOP(=O)(OCC)C(NC(=O)c1cc(-c2ccsc2)n(-c2ccc(S(N)(=O)=O)cc2)n1)c1ccc(Cl)cc1,6.657577319177793,Train
97,CC(C)(C)c1cc(-c2nnc(N=C(N)N)o2)cc(C(C)(C)C)c1O,4.638272163982407,Train
98,CSc1ccc(-c2cc(CC3CCCC3=O)ccc2C(C)C(=O)[O-])cc1,3.823908740944319,Train
99,CC(C)(C)c1cc(/C=C2\SC(=O)NC2=O)cc(C(C)(C)C)c1O,5.327902142064282,Train
100,Cc1c(C(=O)C(F)(F)F)cc(-c2ccc(S(C)(=O)=O)cc2)n1-c1ccc(F)cc1,6.920402953422224,Train
101,CS(=O)(=O)c1ccc(-c2nc(NCc3cc4ccccc4s3)cc(C(F)(F)F)n2)cc1,6.532539890492736,Train
102,O=C(/N=c1\scc(-c2ccc(C(F)(F)F)cc2)n1-c1ccccc1)c1cccs1,7.045757490560675,Train
103,Cc1cc(C)c2c(=O)n(CCC(=O)N3CCN(c4cccc(Cl)c4)CC3)sc2n1,3.4705841391649845,Train
104,CC(C)(C)c1cc(-c2nsc(O)n2)cc(C(C)(C)C)c1O,5.958607314841775,Train
105,Cc1c(C(O)C(F)(F)F)cc(-c2ccc(S(C)(=O)=O)cc2)n1-c1ccc(F)cc1,5.8408187195117245,Train
106,O=C(NS(=O)(=O)c1ccccc1)c1cccc(C(=O)NS(=O)(=O)c2ccccc2)n1,5.431798275933005,Train
107,Cc1cc(F)ccc1C1=C(c2ccc(S(C)(=O)=O)cc2)CCC1,7.122462949120764,Train
108,Cc1c(CCOCCO)cc(-c2ccc(S(C)(=O)=O)cc2)n1-c1ccc(F)c(F)c1,6.376750709602099,Train
109,Cc1ccc(-c2nn3ncccc3c2-c2ccc(S(C)(=O)=O)cc2)cc1,7.769551078621726,Train
110,COc1ccc(C2=C(c3ccc(S(C)(=O)=O)cc3)CC3(CC3)C2)cc1Cl,7.769806696356897,Train
111,COc1ccc(-n2c(SCc3cn(-c4ccc(C(=O)O)cc4)nn3)nc3ccccc3c2=O)cc1,5.872895201635192,Train
112,CS(=O)(=O)c1ccc(-c2cnn(Cc3cccnc3)c(=O)c2-c2ccccc2)cc1,5.517399149487044,Train
113,Cc1cc(=O)c(Oc2ccc(C(=O)O)cc2)c(-c2ccc(S(C)(=O)=O)cc2)o1,5.0,Train
114,CNc1ccc(-c2cc(C(F)(F)F)nn2-c2ccc(S(N)(=O)=O)cc2)cc1Cl,7.568636235841012,Train
115,CC(C(=O)[O-])c1ccc(CC2CCCC2=O)c(Br)c1,4.638272163982407,Train
116,Cc1c(NC(=O)C(c2ccc(-c3cncc(F)c3)cc2)C2CCCC2)cccc1C(C)CC(=O)O,7.379863945026242,Train
117,O=C1NC(=O)/C(=C/c2ccc(OCc3cn(Cc4ccccc4)nn3)cc2)S1,6.568636235841012,Train
118,Cc1c(COc2ccc(Cl)cc2)cc(-c2ccc(S(C)(=O)=O)cc2)n1-c1ccc(F)cc1,7.522878745280337,Train
119,CS(=O)(=O)Nc1ccncc1Nc1ccccc1Cl,5.027797161620935,Train
120,Cc1cc(C)c2c(OCCCC(=O)O)nsc2n1,3.5901238613863176,Train
121,CS(=O)(=O)c1ccc(-n2cc(C(F)(F)F)nc2-c2cccc(F)c2)cc1,6.920402953422224,Train
122,CN(C)c1cccc(-c2nc(C(F)(F)F)cn2-c2ccc(S(C)(=O)=O)cc2)c1,5.492424780623096,Train
123,Cc1cc(=O)c(Oc2ccc([N+](=O)[O-])cc2)c(-c2ccc(S(C)(=O)=O)cc2)o1,5.399013499022627,Train
124,CCc1cc(OC(F)(F)F)cc2c1O[C@H](C(F)(F)F)C(C(=O)O)=C2,7.221848749616356,Train
125,NS(=O)(=O)c1ccc(-n2nc(C(F)(F)F)cc2-c2cccc(F)c2)cc1,5.111820506081675,Train
126,NS(=O)(=O)c1ccc(N2N=C3c4ccccc4OCC3C2c2ccc(Cl)cc2Cl)cc1,5.562249437179612,Train
127,Clc1nc(OCc2cn(Cc3ccccc3)nn2)nc(N2CCCC2)n1,5.301029995663981,Train
128,Cc1ncc(-c2ccc(C(C(=O)Nc3cc(F)cc(CCC(=O)O)c3C)C3CCCC3)cc2)cc1Cl,6.5951662833800615,Train
129,CC(=O)c1nnn(-c2ccc(Cl)cc2)c1C,6.920818753952375,Train
130,CC(=O)Oc1ccccc1SCCCCCC(=O)O,4.301029995663981,Train
131,[2H]C([2H])([2H])c1cc(Cl)c2c(c1)C=C(C(=O)O)C(C(F)(F)F)O2,7.200659450546418,Train
132,Cc1ccccc1Sc1cc2c(cc1NS(C)(=O)=O)CCC2=O,7.0,Train
133,COc1ccc(C2=NN(C(N)=O)C(c3cn(-c4ccccc4)nc3-c3ccc(Cl)cc3)C2)cc1,5.962573502059376,Train
134,Cc1ccc(-n2cc(COc3ccc(/C=C4\SC(=O)NC4=O)cc3)nn2)cc1,6.2839966563652006,Train
135,CS(=O)(=O)c1ccc(-n2cnc(Cl)c2-c2ccc(F)cc2F)cc1,8.154901959985743,Train
136,CCc1ccc(Nc2cnccc2NS(=O)(=O)C(F)(F)F)cc1,6.040958607678906,Train
137,COc1ccc(-n2c(SCc3cn(-c4ccc(Cl)cc4)nn3)nc3ccccc3c2=O)cc1,6.2839966563652006,Train
138,C[C@H]1C[C@H]1Cn1ncc(-c2ccc(S(C)(=O)=O)cc2)c(-c2ccc(F)cc2)c1=O,6.4604093769761874,Train
139,Cc1nnc(/N=C2\NC(=O)/C(=C/c3cccnc3)S2)s1,6.6020599913279625,Train
140,CS(=O)(=O)c1ccc(-c2nc(-c3ccccc3)sc2-c2ccc(F)cc2)cc1,6.267606240177031,Train
141,CC1(C)OC(=O)C(Oc2ccncc2)=C1c1ccc(S(C)(=O)=O)cc1,6.568636235841012,Train
142,Cc1c(CC(=O)NCCO)cc(-c2ccc(S(C)(=O)=O)cc2)n1-c1ccc(F)cc1,6.522878745280337,Train
143,COCc1cncc(-c2ccc(C(C(=O)Nc3cccc(CCC(=O)O)c3C)C3CCCC3)cc2)c1,6.327902142064282,Train
144,COC(=O)C(N)Cc1ccc(Oc2nc(Cl)nc(Nc3ccc(N4CCOCC4=O)cc3)n2)cc1,6.221848749616356,Train
145,CCOP(=O)(OCC)C(C)NC(=O)c1cc(-c2ccc(Br)cc2)n(-c2ccc(S(N)(=O)=O)cc2)n1,6.552841968657781,Train
146,CN(C)c1ccc(/C=C2\CN(Cc3ccccc3)C/C(=C\c3ccc(N(C)C)cc3[N+](=O)[O-])C2=O)c([N+](=O)[O-])c1,4.7162466166674735,Train
147,Cc1cc(C(C(=O)Nc2cccc(CCC(=O)O)c2C)C2CCCC2)ccc1-c1cncc(Cl)c1,7.337242168318426,Train
148,Cn1ccc(-c2ccc(F)cc2)c1-c1ccc(S(C)(=O)=O)cc1,4.698970004336019,Train
149,CC1(C)OC(=O)C(Oc2ccc3[nH]ccc3c2)=C1c1ccc(S(C)(=O)=O)cc1,7.522878745280337,Train
150,COC(=O)CC1N(C(=O)Nc2ccccn2)C(=O)c2ccccc2S1(=O)=O,3.66334017654558,Train
151,Cc1c(CC(C)C(=O)O)cccc1NC(=O)C(c1ccc(-c2cncc(C(F)(F)F)c2)cc1)C1CCCC1,6.103615109323261,Train
152,COC(=O)[C@H](CC(C)C)NC(=O)CNC(=O)[C@@H](N)C(C)C,5.0,Train
153,CN(C)c1c(Cl)cc(-c2nc(C(F)(F)F)cn2-c2ccc(S(C)(=O)=O)cc2)cc1Cl,6.851941753915143,Train
154,CCCCCNC(=O)c1cc(C(C)(C)C)c2c(c1)C(C)(C)CO2,6.6020599913279625,Train
155,O=C1COCCN1c1ccc(Nc2nc(Cl)nc(NC3CCCCC3)n2)cc1,6.221848749616356,Train
156,Cc1nnc(/N=C2\NC(=O)/C(=C/c3ccsc3)S2)s1,6.6020599913279625,Train
157,CC(=O)Oc1cc2oc(-c3cccc(F)c3)cc2cc1-c1c[se]nn1,7.301029995663981,Train
158,COc1ccc2c(c1)c(CC(=O)Oc1cccc3ccccc13)c(C)n2C(=O)c1ccc(Cl)cc1,5.301029995663981,Train
159,NS(=O)(=O)c1ccc(-c2[nH]c3ccccc3c2-c2ccc(Br)cc2)cc1,8.077897645626356,Train
160,CC1(C)OC(=O)C(Oc2ncc(Cl)cc2Cl)=C1c1ccc(S(C)(=O)=O)cc1,7.397940008672037,Train
161,Cc1ccccc1Nc1cnccc1NS(C)(=O)=O,4.730487055782084,Train
162,Cc1cccc(-c2nc(C(F)(F)F)cn2-c2ccc(S(N)(=O)=O)cc2)n1,6.378375033651015,Train
163,O=C(O)C1=Cc2cc(C(F)(F)F)ccc2OC1C(F)(F)F,7.387216143280264,Train
164,CC(C)N(C)Cc1cc2c(cc1Cl)C=C(C(=O)O)C(C(F)(F)F)O2,4.0,Train
165,CS(=O)(=O)c1ccc(-c2occ(Cl)c(=O)c2-c2cccc(F)c2)cc1,2.846000001097364,Train
166,O=C1/C(=C/c2ccc(N3CCCC3)cc2)CCC/C1=C\c1ccc(N2CCCC2)cc1,4.265040238727555,Train
167,Cc1ccc(S(=O)(=O)n2cc(C(=O)C(=O)N[C@@H](Cc3cnc[nH]3)C(=O)N[C@@H](CCC(=O)O)C(=O)O)c3ccccc32)cc1,6.267606240177031,Train
168,CCC1CCCCN1C(=O)/C=C/c1c(/C=C/c2ccc(OC)cc2)cc(OC)cc1OC,4.988006885340743,Train
169,CCc1cccc2c3c([nH]c12)C(CC)(CC(=O)O)OCC3,6.251037138743838,Train
170,Cc1ccc(S(=O)(=O)N2N=C(C(F)(F)F)CC2c2cccc3c2OCO3)cc1,4.241390857340257,Train
171,NS(=O)(=O)c1ccc(-c2nc(NCC3CCCCC3)cc(C(F)(F)F)n2)cc1,6.095014118900637,Train
172,COc1c(Cl)cc(-c2cc(C(F)F)nn2-c2ccc(S(N)(=O)=O)cc2)cc1Cl,7.678921132642886,Train
173,Cc1c(NC(=O)C(c2ccc(-c3cncc(C(F)(F)F)c3)c(F)c2)C2CCCC2)cccc1C(C)CC(=O)O,7.732828271596986,Train
174,C/C(=N\NC(N)=O)c1nnn(-c2ccc(Cl)cc2)c1C,6.494850021680094,Train
175,CS(=O)(=O)c1ccc(/C=C(/C(=O)O)c2ccc(O)cc2)cc1,5.275724130399211,Train
176,Cc1cc(C)c2c(=O)n(CN(C)CCNc3ccccc3)sc2n1,2.793004694872959,Train
177,CCOP(=O)(OCC)C(NC(=O)c1cc(-c2ccc(Br)cc2)n(-c2ccc(S(N)(=O)=O)cc2)n1)c1ccccc1,6.552841968657781,Train
178,CN(C)c1ccc(/C=C2\Cc3ccccc3C2=O)c([N+](=O)[O-])c1,4.828273546346769,Train
179,CS(=O)(=O)c1ccc(-n2cnc(Cl)c2-c2ccncc2)cc1,5.0,Train
180,Cc1nnc(/N=C2\NC(=O)/C(=C/c3ccc(F)cc3)S2)s1,7.0,Train
181,CC(C(=O)O)c1cccc(C(=O)c2ccccc2)c1,6.105130343254747,Train
182,CS(=O)(=O)c1ccc(-c2cc(F)c(F)cc2-c2ccc(F)c(Cl)c2)cc1,8.0,Train
183,CS(=O)(=O)c1ccc(-c2nc(O)cc(NCc3ccccc3)n2)cc1,7.30715308072277,Train
184,CS(=O)(=O)c1ccc(N2N=C(C(F)(F)F)CC2c2ccc3c(c2)OCCO3)cc1,6.619788758288394,Train
185,CCCCC(=C(c1ccccc1)c1ccccc1)c1ccccc1,5.102372908709558,Train
186,Cc1ccc(C2=NN(C3=NC(=O)CS3)C(c3ccc(Br)cc3)C2)cc1C,5.7447274948966935,Train
187,Cn1cccc1CCCNc1cc(C(F)(F)F)nc(-c2ccc(S(C)(=O)=O)cc2)n1,4.499998462863552,Train
188,COc1ccc2c(c1)c(CC(=O)N[C@@H](CO)c1ccccc1)c(C)n2C(=O)c1ccc(Cl)cc1,6.356547323513812,Train
189,COc1ccc(Cc2c(C)[nH]c3cc(S(C)(=O)=O)ccc23)cc1,5.930533029871538,Train
190,O=C1CS/C(=N/c2nnc(-c3ccc(O)cc3)s2)N1,6.721246399047171,Train
191,CS(=O)(=O)c1ccc(-c2sc(-c3ccncc3)nc2-c2ccc(F)cc2)cc1,5.795880017344075,Train
192,CCOP(=O)(OCC)C(NC(=O)c1cc(-c2ccsc2)n(-c2ccc(S(N)(=O)=O)cc2)n1)c1ccccc1,6.657577319177793,Train
193,O=C(O)C1=Cc2c(ccc(Cl)c2-c2ccccc2)OC1C(F)(F)F,5.333482019445119,Train
194,Cc1ccc(/C=N/c2ccc(S(N)(=O)=O)cc2)cc1,5.306273051076353,Train
195,NS(=O)(=O)c1ccc(-n2nc(C(F)(F)F)cc2-c2ccc(Cl)s2)cc1,7.587546764348944,Train
196,CCOc1cncc(-c2ccc(C(C(=O)Nc3cccc(C(C)CC(=O)O)c3C)C3CCCC3)cc2)c1,6.96657624451305,Train
197,CC(C(=O)O)c1ccc(-c2cccc(OC(=O)NCCCc3ccccc3)c2)c(F)c1,5.207608310501746,Train
198,NS(=O)(=O)c1ccc(-n2cnc(Cl)c2-c2ccc(F)cc2)cc1,7.744727494896693,Train
199,C/C(=N\Nc1nc(-c2ccc(Cl)cc2)cs1)c1nnn(-c2ccc(S(=O)(=O)Nc3nccs3)cc2)c1C,7.397940008672037,Train
200,COc1ccc2c(c1)c(CC(=O)NCCCCl)c(C)n2C(=O)c1ccc(Cl)cc1,7.301029995663981,Train
201,NS(=O)(=O)c1ccc(-n2nc(C(=O)N/N=C/c3c(Cl)c4ccccc4oc3=O)cc2-c2cccc(F)c2)cc1,6.585026652029182,Train
202,NS(=O)(=O)c1ccc(N2N=C3c4ccccc4CCC3C2c2c(F)cccc2Cl)cc1,5.436518914605589,Train
203,CCOP(=O)(OCC)C(NC(=O)c1cc(-c2ccc(Br)cc2)n(-c2ccc(S(N)(=O)=O)cc2)n1)c1ccc(Br)cc1,6.552841968657781,Train
204,CC1(O)OC(=O)C(c2ccsc2)=C1c1ccc(S(C)(=O)=O)cc1,6.958607314841775,Train
205,O=C1NC(=S)S/C1=C\c1ccc(OCc2cn(-c3ccc(Br)cc3)nn2)cc1,6.958607314841775,Train
206,Cc1cccc(-c2cc(COC(=O)COc3cc(O)c4c(=O)cc(-c5ccccc5)oc4c3)nn2-c2ccccc2)c1,5.866461091629782,Train
207,CCCCCCSc1ccccc1OC(C)=O,5.455931955649724,Train
208,CC1(C)OC(=O)C(Oc2ncccn2)=C1c1ccc(S(C)(=O)=O)cc1,6.207608310501746,Train
209,CS(=O)(=O)c1ccc(/C=C(/C(=O)O)c2ccc(F)cc2)cc1,4.443697499232713,Train
210,Cc1c(Cl)cc2c(c1C)O[C@@H](C(F)(F)F)C(C(=O)O)=C2,4.0,Train
211,Oc1cccc(O)c1O,3.841637507904751,Train
212,COc1cccc(-c2cc(C(=O)OCCOc3cc(=O)oc4ccccc34)nn2-c2ccc(S(N)(=O)=O)cc2)c1,6.366531544420413,Train
213,COc1ccc(-c2cc(C(=O)NCCCN3CCOCC3)nn2-c2ccc(S(N)(=O)=O)cc2)cc1,6.1487416512809245,Train
214,O=C(NS(=O)(=O)c1ccc(F)cc1)c1cccnc1,4.931814138253839,Train
215,Clc1ccc(-c2nn(-c3ccccc3)c3c2CCCCC3)cc1,6.853871964321762,Train
216,COc1ccc(Nc2cnccc2NS(C)(=O)=O)cc1,4.665345233116759,Train
217,O=c1c2ccccc2nc(SCc2cc(-c3ccc(Cl)cc3)no2)n1-c1ccc(Cl)cc1,6.075720713938118,Train
218,CC[C@H](C)[C@H](Nc1nc(Cl)nc(Nc2ccc(N3CCOCC3=O)cc2)n1)C(=O)OC,5.221848749616356,Train
219,Cc1c(NC(=O)C(c2ccc(-c3cncc(C(F)(F)F)c3)cc2)C2CCC2)cccc1C(C)CC(=O)O,7.140861702705469,Train
220,CCCCCCCC(=C(c1ccccc1)c1ccccc1)c1ccc(S(C)(=O)=O)cc1,6.823908740944319,Train
221,CS(=O)(=O)Nc1cc2c(cc1Sc1cccs1)C(=O)CC2,6.0,Train
222,CC1(O)OC(=O)C(c2ccc(F)cc2)=C1c1ccc(S(C)(=O)=O)cc1,6.42021640338319,Train
223,CS(=O)(=O)Nc1ccncc1NC1CCCCCC1,4.8687022034023775,Train
224,COC(=O)CNC(=O)CNC(=O)OCc1ccccc1,6.0,Train
225,CCOP(=O)(OCC)C(NC(=O)c1cc(-c2cccc3ccccc23)n(-c2ccc(S(N)(=O)=O)cc2)n1)c1ccccc1,6.657577319177793,Train
226,COc1ccc(-c2cc(C(=O)N/N=C/c3c(Cl)c4ccccc4oc3=O)nn2-c2ccc(S(N)(=O)=O)cc2)cc1,4.984640244590786,Train
227,NS(=O)(=O)c1ccc(-n2nc(C(=O)N/N=C/c3c(Cl)c4ccccc4oc3=O)cc2-c2ccc(C(F)(F)F)cc2)cc1,7.045757490560675,Train
228,COC(=O)[C@@H](NC(=O)[C@H](C)NC(=O)CN)C(C)C,5.096910013008056,Train
229,CS(=O)(=O)c1ccc(-c2cc(S(C)(=O)=O)sc2-c2ccc(F)cc2)cc1,3.6989700043360183,Train
230,COc1ccc2c(c1)c(CC(=O)NCc1ccccc1C)c(C)n2C(=O)c1ccc(Cl)cc1,6.823908740944319,Train
231,c1ccc(-c2nn(-c3ccccc3)c3c2CCC3)cc1,5.207608310501746,Train
232,Cc1cccc(-n2c(-c3ccc(S(N)(=O)=O)cc3)coc2=O)c1,6.292217038739567,Train
233,COc1cc(/C=N/c2ccc(S(N)(=O)=O)cc2)cc(OC)c1,5.468521082957745,Train
234,CS(=O)(=O)c1ccc(-c2[nH]c3ccccc3c2-c2ccc(Cl)cc2)cc1,6.83582569478691,Train
235,CCOc1ccc(-c2cc(C(F)(F)F)nn2-c2ccc(S(N)(=O)=O)cc2)cc1,6.19191143532696,Train
236,CS(=O)(=O)c1ccc(-c2cnn(Cc3ccccc3)c(=O)c2OCC2CC2)cc1,7.483288122256525,Train
237,COc1ccc2c(c1)c(CC(=O)OCCN1CCOCC1)c(C)n2C(=O)c1ccc(Cl)cc1,6.167491087293763,Train
238,O=C(COc1cc(O)c2c(=O)cc(-c3ccccc3)oc2c1)OCc1cc(-c2ccc(C(F)(F)F)cc2)n(-c2ccccc2)n1,5.363512103646634,Train
239,Cc1c(NC(=O)C(c2ccc(-c3cncc(C(F)(F)F)c3)cc2)C2CCCC2)cccc1C1CC1C(=O)O,7.482804102050026,Train
240,Cc1c(CCC(=O)O)cccc1NC(=O)C(c1ccc(-c2cncc(Cl)c2)cc1)C1CC1,6.3535962737769305,Train
241,Cc1c(C(N)C(=O)OCCCO[N+](=O)[O-])cc(-c2ccc(S(C)(=O)=O)cc2)n1-c1ccc(F)cc1,6.086186147616283,Train
242,NS(=O)(=O)c1ccc(-n2cc(C(F)(F)F)nc2-c2cncc(Br)c2)cc1,6.469263204944301,Train
243,C=CCSS/C=C/C[S+]([O-])CC=C,5.468521082957745,Train
244,NS(=O)(=O)c1ccc(-n2nc(C(F)(F)F)cc2-c2ccncc2)cc1,4.189095719331299,Train
245,COc1ccc(-c2nc(C(F)(F)F)cn2-c2ccc(S(N)(=O)=O)cc2)cc1Cl,7.699513552156626,Train
246,CCCCCCNC(=O)Oc1cccc(-c2ccc(C(C)C(=O)O)cc2C)c1,5.853871964321762,Train
247,CS(=O)(=O)c1ccc(C2=C(C#Cc3ccccc3)C(=O)CC2)cc1,7.207834387816234,Train
248,COC(=O)[C@H](C)NC(=O)[C@H](CC(C)C)NC(=O)CNC(=O)[C@@H](NC(=O)OCc1ccccc1)C(C)C,7.096910013008056,Train
249,Cc1ncc(-c2ccc(C(C(=O)Nc3cccc(C4CC4C(=O)O)c3C)C3CCCC3)cc2)cc1Cl,7.368556230986828,Train
250,NS(=O)(=O)c1ccc(-c2[nH]c3ccc(Cl)cc3c2-c2ccccc2)cc1,9.853871964321762,Train
251,Cc1ccc(-c2sccc2-c2ccc(S(C)(=O)=O)cc2)cc1,4.886056647693163,Train
252,CS(=O)(=O)c1ccc(-c2nc(NCC3CC=CCC3)cc(C(F)(F)F)n2)cc1,7.424163415944648,Train
253,NS(=O)(=O)c1ccc(-c2coc(=O)n2-c2ccc(F)cc2F)cc1,5.638136253468664,Train
254,O=C1COCCN1c1ccc(Nc2nc(Cl)nc(Nc3ccc(O)cc3)n2)cc1,7.397940008672037,Train
255,CCOc1ccc(-c2c(Cl)ncn2-c2ccc(S(N)(=O)=O)cc2)cc1,8.698970004336019,Train
256,COc1ccc(-c2cc(F)c(F)cc2-c2ccc(S(C)(=O)=O)cc2)cc1C,7.888070392334685,Train
257,NS(=O)(=O)c1ccc(-n2nc(C(F)F)cc2-c2ccccc2)cc1,6.888036676436635,Train
258,CCOP(=O)(OCC)C(NC(=O)c1cc(-c2cccc(Cl)c2)n(-c2ccc(S(N)(=O)=O)cc2)n1)c1ccccc1,6.552841968657781,Train
259,NS(=O)(=O)c1ccc(-c2coc(=O)n2-c2ccccc2F)cc1,5.657788647020114,Train
260,CN(C)c1ccc(/C=C2\CCc3ccccc3C2=O)c([N+](=O)[O-])c1,4.553462832926356,Train
261,C/C(=N\Nc1nc(-c2ccc(Cl)cc2)cs1)c1nnn(-c2ccc(Cl)cc2)c1C,7.221848749616356,Train
262,NS(=O)(=O)c1ccc(-c2[nH]c3ccccc3c2-c2ccc(Cl)cc2)cc1,7.474955192963154,Train
263,Cc1cc(=O)c(Oc2ccc(Cl)cc2Cl)c(-c2ccc(S(C)(=O)=O)cc2)o1,5.470999789582312,Train
264,CS(=O)(=O)c1ccc(-c2nc(NCc3cc(F)cc(F)c3)cc(C(F)(F)F)n2)cc1,6.522444667801019,Train
265,NS(=O)(=O)c1ccc(-n2cc(C(F)(F)F)nc2-c2ccc(F)cc2)cc1,8.0,Train
266,CSc1ccc(-c2nc(C(F)(F)F)cn2-c2ccc(S(C)(=O)=O)cc2)cc1,6.797939075968737,Train
267,Cc1cc(-c2ccccc2)n(-c2ccc(S(N)(=O)=O)cc2)n1,4.202040356262804,Train
268,NS(=O)(=O)c1ccc(/N=C/c2ccc(O)c(O)c2)cc1,5.54515513999149,Train
269,Cc1c(COc2cccc(Cl)c2)cc(-c2ccc(S(C)(=O)=O)cc2)n1-c1ccc(F)cc1,7.096910013008056,Train
270,COc1ccc(-n2c(SCc3cn(-c4ccccc4)nn3)nc3ccccc3c2=O)cc1,5.982966660701219,Train
271,CS(=O)(=O)c1ccc(-c2cc(C(F)(F)F)nc(Nc3ccccc3)n2)cc1,8.2518119729938,Train
272,CCN(CC)c1cc(NCc2cccs2)nc(-c2ccc(S(C)(=O)=O)cc2)n1,8.214670164989233,Train
273,CNc1nnc(-c2cc(C(C)(C)C)c(O)c(C(C)(C)C)c2)s1,5.017728766960431,Train
274,CS(=O)(=O)c1ccc(C2=C(c3ccc(C(F)(F)F)c(F)c3)CCC2)cc1,6.11959250969872,Train
275,COc1cc(C2CC(c3cccc(-n4cnnn4)c3)=NN2)cc(OC)c1OC,7.4089353929735005,Train
276,NS(=O)(=O)c1ccc(-n2nc(C(=O)OCCOc3cc(=O)oc4ccccc34)cc2-c2cccc(F)c2)cc1,6.522878745280337,Train
277,COc1ccc(C2=C(c3ccc(S(C)(=O)=O)cc3)CCC2)cc1F,6.920402953422224,Train
278,CCOC(=O)CNC(=O)c1ccccc1Nc1c(Cl)ccc(C)c1Cl,5.3979400086720375,Train
279,CC(C(=O)[O-])c1ccc(CC2CCCC2=O)cc1-c1ccc(O)cc1,4.958607314841775,Train
280,NS(=O)(=O)c1ccc(C2=C(c3ccc(C(F)(F)F)c(F)c3)CCC2)cc1,6.7697811210384575,Train
281,NS(=O)(=O)c1ccc(N2N=C3c4ccccc4CCC3C2c2cccc(F)c2)cc1,5.316052869248487,Train
282,CS(=O)(=O)c1ccc(-c2nc(NCc3ccsc3)cc(C(F)(F)F)n2)cc1,7.332547047110046,Train
283,COc1ccc(/C=C/c2cc(OC)cc(OC)c2/C=C/C(=O)N2CCC(c3ccccc3)CC2)cc1,5.0670191780768015,Train
284,CCCC/C(=C(\c1ccccc1)c1ccc(NS(C)(=O)=O)cc1)c1ccccc1,6.494850021680094,Train
285,CS(=O)(=O)c1ccc(C2=C(c3cncc(Br)c3)C(=O)CC2)cc1,6.146214911951032,Train
286,COc1ccc(-c2cc(F)c(F)cc2-c2ccc(S(N)(=O)=O)cc2)cc1C,8.300509466670935,Train
287,Cc1c(-c2nn(-c3ccccc3)cc2/C=N/O)nnn1-c1ccc(Cl)cc1,7.301029995663981,Train
288,COc1ccc(-c2nn(-c3ccccc3)c3c2CCCCC3)cc1,5.906578314837764,Train
289,COC(=O)CC1NC(=O)c2ccccc2S1(=O)=O,3.5594057381601694,Train
290,Cc1ccc(-c2cc(COC(=O)COc3cc(O)c4c(=O)cc(-c5ccccc5)oc4c3)nn2-c2ccc(Cl)cc2)cc1,5.84163750790475,Train
291,Cc1ccc(-n2nc(-c3ccc(Cl)cc3)c3c2CCCCC3)cc1,6.1938200260161125,Train
292,Cn1c(Cl)c(Cl)c(-c2ccc(F)cc2)c1-c1ccc(S(C)(=O)=O)cc1,4.6020599913279625,Train
293,O=C(CNc1ncnc2sc3c(c12)CCCC3)NN=Cc1ccc(Br)cc1,7.0,Train
294,COc1ccc2c(c1)c(CC(=O)NCCCCCO)c(C)n2C(=O)c1ccc(Cl)cc1,6.537602002101044,Train
295,Cc1ccc(-c2cc(F)c(F)cc2-c2ccc(S(N)(=O)=O)cc2)cc1C,8.300509466670935,Train
296,CCCCCCNC(=O)Oc1cccc(-c2ccc(CC(=O)O)cc2F)c1,6.619788758288394,Train
297,Cc1ccc(S(=O)(=O)n2cc(C(=O)C(=O)NCC(=O)N[C@@H](Cc3c[nH]c4ccccc34)C(=O)O)c3ccccc32)cc1,7.00436480540245,Train
298,NS(=O)(=O)c1ccc(-n2nc(C(=O)N3CCOCC3)cc2-c2cccc(F)c2)cc1,6.638272163982407,Train
299,Cc1nc(-c2nc(C(F)(F)F)cn2-c2ccc(S(C)(=O)=O)cc2)cs1,6.02843707390098,Train
300,COc1ccc2c(c1)c(CC(=O)Oc1ccccc1)c(C)n2C(=O)c1ccc(Cl)cc1,6.3979400086720375,Train
301,CCCCNc1nc(-c2ccc(S(C)(=O)=O)cc2)cc(C(F)(F)F)n1,8.886056647693163,Train
302,Cc1nnc(/N=C2\NC(=O)/C(=C/c3ccc(N(C)C)cc3)S2)s1,7.0,Train
303,CCOc1ccc2nc(NC(=O)CSc3nnc(Cc4c[nH]c5ccccc45)o3)sc2c1,4.425968732272281,Train
304,COC(=O)[C@H](Cc1ccc(O)cc1)n1cc(COc2nc(Cl)nc(Nc3ccc(N4CCOCC4=O)cc3)n2)nn1,5.522878745280337,Train
305,CC(C)c1cc(NCc2cccs2)nc(-c2ccc(S(C)(=O)=O)cc2)n1,8.008773924307505,Train
306,COc1ccc2c(c1)c(CC(=O)NCc1ccc(C)cc1)c(C)n2C(=O)c1ccc(Cl)cc1,7.221848749616356,Train
307,CS(=O)(=O)c1ccc(-c2nccc(NCc3cccs3)n2)cc1,8.036212172654444,Train
308,C=C1C(=O)O[C@@H]2C[C@H](C)[C@@H]3[C@@H](O)CC(=O)[C@@]3(C)C[C@H]12,5.42021640338319,Train
309,CC(C)(C)c1cc(/C=C2\SC(N=C(N)N)=NC2=O)cc(C(C)(C)C)c1O,4.6777807052660805,Train
310,NS(=O)(=O)c1ccc(-n2nc(C(F)(F)F)cc2-c2ccc([N+](=O)[O-])cc2)cc1,5.580044251510242,Train
311,CCOP(=O)(OCC)C(NC(=O)c1cc(-c2cccc(F)c2)n(-c2ccc(S(N)(=O)=O)cc2)n1)c1ccc(Br)cc1,6.552841968657781,Train
312,NS(=O)(=O)c1ccc(-n2cc(C(F)(F)F)nc2-c2ccccc2F)cc1,7.0,Train
313,COc1ccncc1C1=C(c2ccc(S(C)(=O)=O)cc2)CCC1=O,6.934833115752497,Train
314,C=C1C(=O)O[C@@H]2[C@H]1[C@@H](OC(C)=O)C[C@H](C)[C@@H]1CCC(=O)[C@@]21C,5.537602002101044,Train
315,CCOc1cncc(-c2ccc(C(C(=O)Nc3cccc(CCC(=O)O)c3C)C3CCC3)cc2)c1,6.6777807052660805,Train
316,COc1ccc(/C=C/c2cc(OC)cc(OC)c2/C=C/C(=O)NC2CC2)cc1,4.8873949984654255,Train
317,CS(=O)(=O)c1ccc(-c2cc(OCC(F)(F)F)nc(NC3CCCCC3)n2)cc1,7.795880017344075,Train
318,CCCc1cc(OC(F)(F)F)cc2c1OC(C(F)(F)F)C(C(=O)O)=C2,7.366531544420414,Train
319,Cc1cc(C(C(=O)Nc2cccc(CCC(=O)O)c2C)C2CCCC2)ccc1-c1cncc(C(F)(F)F)c1,7.71669877129645,Train
320,CC1(C)OC(=O)C(Oc2ccc(Br)cn2)=C1c1ccc(S(C)(=O)=O)cc1,7.698970004336019,Train
321,O=c1c2ccccc2nc(SCc2cn(-c3ccc(Br)cc3)nn2)n1-c1ccccc1,6.267606240177031,Train
322,O=C1/C(=C/c2ccc(N3CCCC3)cc2)CC/C1=C\c1ccc(N2CCCC2)cc1,4.335170058856909,Train
323,COCc1cccc(-c2nc(C(F)(F)F)cn2-c2ccc(S(C)(=O)=O)cc2)c1,4.166852888087215,Train
324,CCCN(CCC)C(=O)/C=C/c1c(/C=C/c2ccc(OC)cc2)cc(OC)cc1OC,5.093664958194909,Train
325,Cn1c(Br)cc(-c2ccc(F)cc2)c1-c1ccc(S(C)(=O)=O)cc1,4.449771646944906,Train
326,CCCCC#CCOC(=O)Cc1c(C)n(C(=O)c2ccc(Cl)cc2)c2ccc(OC)cc12,6.6020599913279625,Train
327,O=C/C=C/c1ccccc1,3.6108339156354674,Train
328,NS(=O)(=O)c1ccc(-c2coc(=O)n2-c2ccc(C(=O)O)cc2)cc1,4.229147988357856,Train
329,COC(=O)[C@@H](C)NC(=O)Cc1c(C)n(C(=O)c2ccc(Cl)cc2)c2ccc(OC)cc12,6.3979400086720375,Train
330,Cc1[nH]c2cc(S(C)(=O)=O)ccc2c1Cc1ccccc1Cl,6.2072696352457495,Train
331,COc1ccccc1C1C2COc3ccccc3C2=NN1c1ccc(S(N)(=O)=O)cc1,6.481486060122112,Train
332,NS(=O)(=O)c1ccc(-n2nc(C(=O)NCCN3CCOCC3)cc2-c2ccc(F)cc2)cc1,6.795880017344075,Train
333,COc1ccc2c(c1)c(CC(=O)NC[C@H](O)c1ccccc1)c(C)n2C(=O)c1ccc(Cl)cc1,6.6777807052660805,Train
334,NS(=O)(=O)c1ccc(-c2[nH]c3ccc(Cl)cc3c2-c2ccc(Cl)cc2)cc1,9.267807395579052,Train
335,NS(=O)(=O)c1ccc(-c2[nH]c3ccc(Br)cc3c2-c2ccccc2)cc1,8.301029995663981,Train
336,COc1ccc(Oc2c(C)[nH]c3cc(S(C)(=O)=O)ccc23)cc1,6.247425010840047,Train
337,O=C1NC(=S)S/C1=C\c1ccc(OCc2cn(-c3ccccc3)nn2)cc1,6.585026652029182,Train
338,CSc1ccc(-c2cc(C(F)(F)F)nn2-c2ccc(S(N)(=O)=O)c(CO)c2)cc1,6.628932137728263,Train
339,Cc1cc(=O)c(-c2ccc(F)cc2)c(-c2ccc(S(C)(=O)=O)cc2)o1,5.970809102231078,Train
340,O=C1/C(=C/c2ccc(N3CCCC3)cc2)Cc2ccccc21,4.262489309326524,Train
341,O=C1NC(=O)/C(=C/c2ccc(OCc3cn(CC(=O)c4ccc(Cl)cc4)nn3)cc2)S1,6.657577319177793,Train
342,COc1ccc2c(c1)c(CC(=O)O)c(C)n2C(=O)c1ccc(Cl)cc1,6.045757490560675,Train
343,COC(=O)CNC(=O)Cc1c(C)n(C(=O)c2ccc(Cl)cc2)c2ccc(OC)cc12,5.3979400086720375,Train
344,Cc1ccc(Cl)c(Nc2ccccc2C(=O)NCCOc2ccccc2)c1Cl,4.180456064458132,Train
345,NS(=O)(=O)c1ccc(-n2nc(C(F)(F)F)cc2-c2ccccc2F)cc1,7.236572006437063,Train
346,[2H]C([2H])([2H])c1cc2c(c(C([2H])([2H])[2H])c1Cl)C=C(C(=O)O)C(C(F)(F)F)O2,7.267606240177031,Train
347,CS(=O)(=O)c1ccc(-c2cnn(CC3CCCCC3)c(=O)c2-c2ccc(F)cc2)cc1,6.892578075976151,Train
348,CS(=O)(=O)c1ccc(-n2cc(C(F)F)nc2-c2cccnc2)cc1,4.684029654543083,Train
349,Cc1ccccc1-c1nc(C(F)(F)F)cn1-c1ccc(S(C)(=O)=O)cc1,6.099641460858807,Train
350,CS(=O)(=O)c1ccc(C2=C(c3ccc(F)cc3)CC(CF)(CF)C2)cc1,7.291198562418154,Train
351,CC(=O)Nc1ccc(/C(=C\c2ccc(S(C)(=O)=O)cc2)C(=O)O)cc1,5.6020599913279625,Train
352,COc1ccc(-c2sccc2-c2ccc(S(C)(=O)=O)cc2)cc1,5.301029995663981,Train
353,NS(=O)(=O)c1ccc(-c2c(-c3ccccc3)noc2CO)cc1,6.740000204918113,Train
354,NS(=O)(=O)c1ccc(-n2nc(C(=O)OCCOc3ccc4ccc(=O)oc4c3)cc2-c2ccc(F)cc2)cc1,6.275724130399211,Train
355,O=C1CSC(N2N=C(c3ccc(Cl)c(Cl)c3)CC2c2ccc(F)cc2)=N1,4.7121982700697735,Train
356,CCc1cccc(Nc2cnccc2NS(=O)(=O)C(F)(F)F)c1,6.619788758288394,Train
357,COc1ccc(-c2cc3cc(-c4c[se]nn4)c(OC(C)=O)cc3o2)cc1,7.301029995663981,Train
358,CS(=O)(=O)c1ccc(C2=C(c3cc4ccccc4s3)C(=O)CC2)cc1,7.475390988664909,Train
359,Cc1cccc(Oc2c(-c3ccc(S(C)(=O)=O)cc3)oc(C)cc2=O)c1,5.869682317081574,Train
360,COc1ccc(C2=C(c3ccc(S(N)(=O)=O)cc3)CCC2)cc1,8.699513552156626,Train
361,Cc1c(NC(=O)C(c2ccc(-c3cncc(Cl)c3)cc2)C2CCCC2)cccc1C(C)CC(=O)O,7.594132087050472,Train
362,O=S(=O)(Nc1ccncc1Oc1ccc(Cl)cc1)C(F)(F)F,5.815308569182401,Train
363,CCOC(=O)c1cn(-c2ccc(S(C)(=O)=O)cc2)c(-c2ccc(Cl)cc2)n1,5.2420625485173895,Train
364,Cc1ccccc1Nc1cnccc1NS(=O)(=O)C(F)(F)F,5.570247719997592,Train
365,Cc1c(CC(C)C(=O)O)cccc1NC(=O)C(c1ccc(-c2cncc(Cl)c2)cc1)C1CCCC1,6.896196279044043,Train
366,CCCCCNc1cc(C(F)(F)F)nc(-c2ccc(S(C)(=O)=O)cc2)n1,6.137510833094103,Train
367,Cn1c(Br)c(Br)c(-c2ccc(F)cc2)c1-c1ccc(S(C)(=O)=O)cc1,4.254378778693062,Train
368,O=C(CSc1nnc(-c2ccncc2)o1)N/N=C/c1ccc(Cl)cc1,7.161150909262744,Train
369,COC(=O)[C@@H](N)Cc1cn(-c2nc(Cl)nc(N3CCCCC3)n2)c2ccccc12,7.698970004336019,Train
370,NS(=O)(=O)c1ccc(/C=N/c2ccc(C(F)(F)F)cc2)cc1,5.184422251675732,Train
371,COc1ccc(-c2nnc(/N=C3\NC(=O)CS3)s2)cc1OC,6.721246399047171,Train
372,O=C(Nc1ccccc1)Nc1nnc(-c2ccc(Cl)cc2)o1,6.537602002101044,Train
373,COc1cccc(-c2cc(C(=O)OCCOc3ccc4ccc(=O)oc4c3)nn2-c2ccc(S(N)(=O)=O)cc2)c1,6.086186147616283,Train
374,CC(C)C[C@H](NC(=O)CNC(=O)[C@@H](NC(=O)OCc1ccccc1)C(C)C)C(=O)N[C@@H](C)C(=O)O,7.301029995663981,Train
375,NS(=O)(=O)c1ccc(C2=C(c3ccc(OC(F)(F)F)cc3)CC3(CC3)C2)cc1,6.888036676436635,Train
376,Cc1c(-c2nn(-c3ccccc3)cc2/C=N/O)nnn1-c1ccc(S(N)(=O)=O)cc1,7.397940008672037,Train
377,Cc1ncc(-c2nc(C(F)(F)F)cn2-c2ccc(S(N)(=O)=O)cc2)s1,6.368265527259751,Train
378,CS(=O)(=O)c1ccc(-c2cc(C(F)(F)F)nc(NCC3CCOCC3)n2)cc1,8.301029995663981,Train
379,NS(=O)(=O)c1ccc(-n2cc(C(F)(F)F)nc2-c2cccs2)cc1,7.152465023828446,Train
380,CS(=O)(=O)c1ccc(C2=C(c3ccc(C(F)(F)F)cc3)CC3(CC3)C2)cc1,8.698970004336019,Train
381,CCCCOCCSc1ccccc1OC(C)=O,5.154901959985743,Train
382,NS(=O)(=O)c1ccc(-n2nc(C(=O)NCCCN3CCOCC3)cc2-c2ccccc2)cc1,6.376750709602099,Train
383,CS(=O)(=O)c1ccc(-c2ccccc2-c2ccc(Cl)cc2)cc1,6.850011543508524,Train
384,COc1cncc(-c2nc(C(F)(F)F)cn2-c2ccc(S(C)(=O)=O)cc2)c1,4.424812155072339,Train
385,NS(=O)(=O)c1ccc(-n2nc(-c3ccc(Cl)s3)cc2-c2ccc(Cl)cc2)cc1,7.2839966563652,Train
386,Cc1c(CC(=O)NCCCO[N+](=O)[O-])c2cc(O)ccc2n1C(=O)c1ccc(Cl)cc1,5.455931955649724,Train
387,COc1ccc2c(c1)c(CC(=O)Nc1ccc(C(N)=O)cc1)c(C)n2C(=O)c1ccc(Cl)cc1,6.853871964321762,Train
388,CS(=O)(=O)c1ccc(-c2cc(C(F)(F)F)nc(NC3CCOCC3)n2)cc1,7.744727494896693,Train
389,Cc1ccc(C2=NN(C3=NC(=O)CS3)C(c3cccc(Cl)c3)C2)cc1C,5.2839966563652006,Train
390,CCN(CC)CCSc1nnc(-c2cc(C(C)(C)C)c(O)c(C(C)(C)C)c2)s1,4.721246399047171,Train
391,CS(=O)(=O)Nc1ccncc1NC1CCCCC1,5.61261017366127,Train
392,CCOP(=O)(OCC)C(NC(=O)c1cc(-c2cccc3ccccc23)n(-c2ccc(Br)cc2)n1)c1ccc(Br)cc1,6.657577319177793,Train
393,COC(=O)[C@@H](N)Cc1cn(-c2nc(Cl)nc(Nc3ccc(N4CCOCC4=O)cc3)n2)c2ccccc12,7.522878745280337,Train
394,COc1ccc(-c2c(-c3ccc(S(N)(=O)=O)cc3)ccc(F)c2F)cc1OC,7.189969213594161,Train
395,NS(=O)(=O)c1ccc(-c2coc(=O)n2-c2cccc3ccccc23)cc1,5.327951121220737,Train
396,CSc1ccc(-c2cc(C(F)(F)F)nn2-c2ccc(S(N)(=O)=O)cc2)cc1,8.045757490560675,Train
397,CCCCCCNC(=O)Oc1cccc(-c2ccc(C(C)C(=O)O)cc2)c1,6.161150909262744,Train
398,O=C(c1cccs1)c1sc(N(c2ccccc2)c2ccccc2)nc1-c1ccc(C(F)(F)F)cc1,7.045757490560675,Train
399,CS(=O)(=O)c1ccc(C2=C(c3ccc(F)cc3)C(=O)CC2)cc1,7.409078206027614,Train
400,CS(=O)(=O)c1ccc(-c2sc(CCCc3ccccc3)nc2-c2ccc(F)cc2)cc1,6.2839966563652006,Train
401,C[C@H]1C(Cn2ncc(-c3ccc(S(C)(=O)=O)cc3)c(-c3ccc(F)cc3)c2=O)[C@@H]1C,6.727965977824862,Train
402,CC(C)CCc1cc2c(cc1Cl)C=C(C(=O)O)C(C(F)(F)F)O2,7.026872146400302,Train
403,CS(=O)(=O)c1ccc(-c2sc(CC#N)nc2-c2ccc(F)cc2)cc1,6.455931955649724,Train
404,Brc1ccc(-c2nnc(CSc3nnc(-c4ccncc4)o3)o2)cc1,7.275724130399211,Train
405,CS(=O)(=O)c1ccc(-n2cc(C(F)(F)F)nc2-c2cccc(C(F)(F)F)c2)cc1,6.678889950500676,Train
406,COC(=O)CNC(=O)c1ccccc1Nc1c(Cl)ccc(C)c1Cl,5.920818753952375,Train
407,Cc1cc(Cl)cc(-c2nc(C(F)(F)F)cn2-c2ccc(S(C)(=O)=O)cc2)c1,7.098462725229332,Train
408,CCN(C)C(=O)c1cc(C(C)(C)C)c2c(c1)C(C)(C)CO2,5.346787486224656,Train
409,CCOC(=O)[C@H](O)[C@@H](OCc1cnnn1[C@@H](CO)C(=O)OC)C(=O)OCC,4.3979400086720375,Train
410,CCCCC#CC(C)Sc1ccccc1OC(C)=O,5.154901959985743,Train
411,CCONC1=NC(=O)/C(=C/c2cc(C(C)(C)C)c(O)c(C(C)(C)C)c2)S1,5.494850021680094,Train
412,Cc1c(NC(=O)C(c2ccc(-c3cncc(Cl)c3)cc2)C2CCCC2)cccc1OCC(=O)O,7.673008046312965,Train
413,NS(=O)(=O)c1ccc(/C=N/c2ccc(O)cc2)cc1,5.293282217663242,Train
414,CCOc1ccc(-c2cc(C(=O)N/N=C/c3c(Cl)c4ccccc4oc3=O)nn2-c2ccc(S(N)(=O)=O)cc2)cc1,5.054039296422431,Train
415,CCCCC1C(=O)N(c2ccccc2)N(c2ccccc2)C1=O,3.546681659952962,Train
416,NS(=O)(=O)c1ccc(-n2cc(C(F)(F)F)nc2-c2ccc(F)c(F)c2)cc1,7.521435901161594,Train
417,Cc1c(CCC(=O)O)cccc1NC(=O)C(c1ccc(-c2cncc(C(F)F)c2)c(F)c1)C1CCCC1,7.367542707815276,Train
418,CCC(C)Nc1nc(-c2ccc(S(C)(=O)=O)cc2)cc(C(F)(F)F)n1,8.698970004336019,Train
419,Cc1c(CCC(=O)O)cccc1NC(=O)C(c1ccc(-c2cncc(Cl)c2)c(Cl)c1)C1CCCC1,7.154281982033341,Train
420,COc1ccc2c(c1)c(CC(=O)OCCc1ccccc1)c(C)n2C(=O)c1ccc(Cl)cc1,7.397940008672037,Train
421,NS(=O)(=O)c1ccc(N2N=C(C(F)(F)F)CC2c2cccc3c2OCCO3)cc1,7.229147988357855,Train
422,O=C1NC(=S)S/C1=C\c1ccc(OCc2cn(-c3ccc(Cl)cc3)nn2)cc1,6.721246399047171,Train
423,CS(=O)(=O)c1ccc(N2N=C(C(F)(F)F)CC2c2ccc3ccccc3c2)cc1,4.749336080536756,Train
424,Cc1csc(NC(=O)N2C(=O)c3ccccc3S(=O)(=O)C2C)n1,3.534914712442567,Train
425,COc1ccc2c(c1)c(CC(=O)NNCc1ccccc1)c(C)n2C(=O)c1ccc(Cl)cc1,5.6020599913279625,Train
426,COC(=O)[C@H](Cc1ccccc1)n1cc(COc2nc(Cl)nc(Nc3ccc(N4CCOCC4=O)cc3)n2)nn1,5.045757490560675,Train
427,CCOP(=O)(OCC)C(NC(=O)c1cc(-c2cccc3ccccc23)n(-c2ccccc2F)n1)c1ccc(OC)cc1,6.657577319177793,Train
428,CCCCCC(=C(c1ccccc1)c1ccccc1)c1ccc(S(C)(=O)=O)cc1,5.698970004336019,Train
429,CS(=O)(=O)c1ccc(C2=C(c3cc(F)cc(F)c3)C(=O)CC2)cc1,7.015758525723032,Train
430,COc1ccc(-n2c(-c3ccc(S(N)(=O)=O)cc3)coc2=O)cc1Cl,6.107952729430465,Train
431,CS(=O)(=O)c1ccc(-c2occ(Cl)c(=O)c2-c2ccc(-c3ccccc3)c(F)c2)cc1,4.056000008315555,Train
432,CCC(CC(=O)O)c1cccc(NC(=O)C(c2ccc(-c3cncc(F)c3)cc2)C2CCCC2)c1C,6.806875401645538,Train
433,CCOP(=O)(OCC)C(NC(=O)c1cc(-c2cccc3ccccc23)n(-c2ccccc2F)n1)c1ccc(Br)cc1,6.657577319177793,Train
434,Cc1c(NCc2ccccc2)nc(-c2ccc(S(C)(=O)=O)cc2)nc1C(F)(F)F,7.744727494896693,Train
435,Cc1ccccc1-n1c(-c2ccc(S(N)(=O)=O)cc2)coc1=O,5.013114125538203,Train
436,[2H]C([2H])([2H])c1cc2c(c(C([2H])([2H])[2H])c1Br)C=C(C(=O)O)C(C(F)(F)F)O2,7.366531544420414,Train
437,CCCCCOC(=O)Cc1c(C)n(C(=O)c2ccc(Cl)cc2)c2ccc(OC)cc12,7.301029995663981,Train
438,NC(=O)N1N=C(c2ccc(F)cc2)CC1c1cn(-c2ccccc2)nc1-c1ccc(Cl)cc1,5.962573502059376,Train
439,COc1ccc2c(c1)c(CC(=O)NCCCO[N+](=O)[O-])c(C)n2C(=O)c1ccc(Cl)cc1,5.920818753952375,Train
440,Cc1cccc(-c2cc(COC(=O)COc3cc(O)c4c(=O)cc(-c5ccccc5)oc4c3)nn2-c2ccc(Cl)cc2)c1,5.752026733638193,Train
441,CCOP(=O)(OCC)C(NC(=O)c1cc(-c2cccs2)n(-c2ccc(S(N)(=O)=O)cc2)n1)c1ccccc1OC,6.657577319177793,Train
442,O=C1c2ccccc2-n2c1nc1ccccc1c2=O,7.1938200260161125,Train
443,COc1cccc(-c2cc(COC(=O)COc3cc(O)c4c(=O)cc(-c5ccccc5)oc4c3)nn2-c2ccccc2)c1,5.917214629683549,Train
444,NS(=O)(=O)c1ccc(N2N=C3c4ccccc4OCC3C2c2c(F)cccc2Cl)cc1,4.788612447063141,Train
445,COc1ccc(-c2cc(C(=O)OCCCN3CCOCC3)nn2-c2ccc(S(N)(=O)=O)cc2)cc1,5.978810700930062,Train
446,Cc1ncc(-c2ccc([C@H](C(=O)Nc3ccc(F)c(CCC(=O)O)c3C)C3CCCC3)cc2)cc1Cl,7.625251653989896,Train
447,CCO/C=N/c1nnc(-c2ccc(Cl)cc2)o1,7.0,Train
448,Cc1cc(=O)c(-c2ccc(Cl)cc2)c(-c2ccc(S(C)(=O)=O)cc2)o1,5.667780817977148,Train
449,CS(=O)(=O)c1ccc(C2=C(c3cc(Br)ccn3)C(=O)CC2)cc1,6.26428079630535,Train
450,Cc1cc(C)c2c(=O)n(CN3CCN(c4ccccc4F)CC3)sc2n1,2.900000000618938,Train
451,CN(C)c1ccc(-c2cc(F)c(F)cc2-c2ccc(S(C)(=O)=O)cc2)cc1Cl,8.098462725229332,Train
452,CS(=O)(=O)c1ccc(-c2[nH]c(C(=O)C(F)(F)F)cc2-c2ccc(F)cc2)cc1,3.5254923608830246,Train
453,CCOC(=O)[C@H](OCc1cnnn1[C@@H](Cc1ccc(O)cc1)C(=O)OC)[C@@H](OCc1cnnn1[C@@H](Cc1ccc(O)cc1)C(=O)OC)C(=O)OCC,6.154901959985743,Train
454,CC/C(=C(\c1ccccc1)c1ccc(N=[N+]=[N-])cc1)c1ccccc1,6.552841968657781,Train
455,CC(C)[C@H](NC(=O)[C@H](C)NC(=O)CN)C(=O)O,6.698970004336019,Train
456,CS(=O)(=O)c1ccc(-c2cnc(Br)n2-c2ccc(F)cc2)cc1,7.318758762624412,Train
457,NS(=O)(=O)c1ccc(-n2nc(C(=O)N3CCOCC3)cc2-c2ccc(Cl)cc2)cc1,6.455931955649724,Train
458,CS(=O)(=O)c1ccc(N2N=C(C(F)(F)F)CC2c2cccc3ccccc23)cc1,6.958607314841775,Train
459,COc1ccc(/C=C/c2cc(OC)cc(OC)c2/C=C/C(=O)N2CCN(C)CC2)cc1,5.238072161579471,Train
460,CC/C=C/C/C=C/C/C=C/C/C=C/CC/C=C/COCC(=O)O,3.7447274948966935,Train
461,COC1(c2cc(F)cc(OCc3cc(-c4ccccc4)n(-c4ccc(C)cc4)n3)c2)CCOCC1,6.031517051446064,Train
462,CC(C)C[C@H](NC(=O)CNC(=O)[C@@H](N)C(C)C)C(=O)O,5.698970004336019,Train
463,CC(C)Cc1cc2c(cc1Cl)C=C(C(=O)O)C(C(F)(F)F)O2,7.698970004336019,Train
464,CS(=O)(=O)c1ccc(-c2cnn(CCC3CC3)c(=O)c2-c2ccc(F)cc2)cc1,6.118286003218532,Train
465,CCCCCC#CCSc1ccccc1OC(C)=O,5.154901959985743,Train
466,COC(=O)c1ccc(/N=C/c2ccc(S(N)(=O)=O)cc2)cc1,5.429457060118103,Train
467,CCc1c(NCc2cccs2)nc(-c2ccc(S(C)(=O)=O)cc2)nc1C(F)(F)F,6.917573699139228,Train
468,CS(=O)(=O)c1ccc(-c2sc(-c3ccccc3Cl)nc2-c2ccc(F)cc2F)cc1,7.67778070526608,Train
469,CSc1ccc(-n2c(-c3ccc(S(C)(=O)=O)cc3)cc(CC(=O)OCCCCO[N+](=O)[O-])c2C)cc1,6.657577319177793,Train
470,Cc1cn(-c2ccc(S(C)(=O)=O)cc2)c(-c2cccnc2)n1,4.102372908709558,Train
471,CCOC(OCC)c1ccc(/C=C2\CN(C)C/C(=C\c3ccc(C(OCC)OCC)cc3)C2=O)cc1,4.417822962311591,Train
472,CC1(O)OC(=O)C(c2ccc3ccccc3c2)=C1c1ccc(S(C)(=O)=O)cc1,6.346787486224656,Train
473,COC(=O)[C@H](CC(C)C)NC(=O)[C@H](C)NC(=O)[C@@H](NC(=O)CNC(=O)OCc1ccccc1)C(C)C,4.721246399047171,Train
474,CCSc1ccccc1OC(C)=O,3.6989700043360183,Train
475,Cc1cc(-c2nc(C(F)(F)F)cn2-c2ccc(S(C)(=O)=O)cc2)ccc1Cl,7.047866792018674,Train
476,Cc1ccc(-c2cc(COC(=O)COc3cc(O)c4c(=O)cc(-c5ccccc5)oc4c3)nn2-c2ccccc2)cc1,6.031517051446064,Train
477,NS(=O)(=O)c1ccc(-c2nc(NCc3cc4ccccc4s3)cc(C(F)(F)F)n2)cc1,6.852632892206214,Train
478,COc1ccc(C2=C(c3ccc(S(C)(=O)=O)cc3)CCC2)cc1Cl,6.851941753915143,Train
479,COc1cc(NCc2cccs2)nc(-c2ccc(S(C)(=O)=O)cc2)n1,9.397940008672036,Train
480,Cc1c(CCOCCO[N+](=O)[O-])cc(-c2ccc(S(C)(=O)=O)cc2)n1-c1ccc(F)c(F)c1,6.036212172654444,Train
481,CC(C)=CCC12Oc3cc(O)ccc3C1(O)Oc1cc(O)c([C@H]3C=C(C)C[C@@H](c4ccc(O)cc4O)[C@@H]3C(=O)c3ccc(O)cc3O)c(O)c1C2=O,4.136677139879544,Train
482,CN(C)S(=O)(=O)c1ccc(-n2c(CCC(=O)O)ccc2-c2ccc(F)cc2)cc1,5.1249387366083,Train
483,COCCNC(=O)c1cc(C(C)(C)C)c2c(c1)C(C)(C)CO2,7.522878745280337,Train
484,CCCc1cc2c(cc1Cl)C=C(C(=O)O)C(C(F)(F)F)O2,6.823908740944319,Train
485,COc1ccc(-n2c(-c3ccc(S(N)(=O)=O)cc3)coc2=O)cc1F,5.946959993058136,Train
486,CS(=O)(=O)c1ccc2c(Sc3ccc(F)cc3)c(CO)[nH]c2c1,5.802949348979977,Train
487,Cc1cc2c(c(C)c1Br)C=C(C(=O)O)C(C(F)(F)F)O2,6.721246399047171,Train
488,Cc1c(CCC(=O)O)cccc1NC(=O)C(c1ccc(-c2cncc(OC(F)F)c2)cc1)C1CCCC1,6.42021640338319,Train
489,O=C(O)[C@H]1O[C@@H](Oc2c(-c3cc(O)c(O)c(O)c3)oc3cc(O)cc(O)c3c2=O)[C@H](O)[C@@H](O)[C@@H]1O,5.096910013008056,Train
490,Clc1ccc(/C=N/c2nnc(-c3ccc(Cl)cc3)o2)cc1,7.229147988357855,Train
491,Cc1cc(C)c2c(c1)C=C(C(=O)O)[C@@H](C(F)(F)F)O2,6.537602002101044,Train
492,COc1ccc(-c2c(Cl)ncn2-c2ccc(S(N)(=O)=O)cc2)cc1Cl,8.301029995663981,Train
493,C(=N/Nc1nnc(-c2ccncc2)o1)\c1ccccc1,6.366531544420413,Train
494,Cc1c(NC(=O)C(c2ccc(-c3cncc(F)c3)cc2)C2CCCC2)cccc1C(CC(=O)O)C1CC1,7.284832642151542,Train
495,CCCCCCCSc1ccccc1OC(C)=O,5.698970004336019,Train
496,Cc1ccc(-c2cc(F)c(F)cc2-c2ccc(S(N)(=O)=O)cc2)cc1,8.39897391554397,Train
497,O=c1c2ccccc2nc(SCc2cn(-c3ccc(Cl)cc3)nn2)n1-c1ccc(Br)cc1,6.795880017344075,Train
498,Cc1c(CCC(=O)O)cccc1NC(=O)C(c1ccc(-c2cncc(C(F)(F)F)c2)c(F)c1)C1CCC1,7.55129368009492,Train
499,O=C(COc1cc(O)c2c(=O)cc(-c3ccccc3)oc2c1)OCc1cc(-c2ccc(F)cc2)n(-c2ccccc2)n1,5.5951662833800615,Train
500,CS(=O)(=O)c1ccc(-c2cc(N)sc2-c2ccc(F)cc2)cc1,5.522878745280337,Train
501,COC(=O)CNC(=O)CNC(=O)C(=O)c1cn(S(=O)(=O)c2ccc(C)cc2)c2ccccc12,4.985479461242076,Train
502,COc1c(Cl)cc(C2=C(c3ccc(S(C)(=O)=O)cc3)CC3(CC3)C2)cc1Cl,8.22090981113951,Train
503,CS(=O)(=O)c1ccc(-c2cc([N+](=O)[O-])sc2-c2ccc(F)cc2)cc1,4.853871964321762,Train
504,Cc1c(CCC(=O)O)cccc1NC(=O)C(c1ccc(-c2cncc(C(C)(C)O)c2)cc1)C1CCCC1,5.448550002027124,Train
505,CCOc1cncc(-c2ccc(C(C(=O)Nc3cccc(CCC(=O)O)c3C)C3CCCC3)cc2F)c1,7.257274868695301,Train
506,NS(=O)(=O)c1ccc(-c2cc(F)c(F)cc2-c2ccc3c(c2)OCO3)cc1,8.39897391554397,Train
507,CC1(C)OC(=O)C(Oc2ccc3ccccc3n2)=C1c1ccc(S(C)(=O)=O)cc1,6.481486060122112,Train
508,CS(=O)(=O)c1ccc(-n2cc(C(F)(F)F)nc2-c2cnc3ccccc3c2)cc1,6.2003288113642245,Train
509,Oc1c(Cl)cc(Cl)c(Cl)c1Cc1c(O)c(Cl)cc(Cl)c1Cl,6.190911868653654,Train
510,Cc1ccc(-c2cc(F)c(F)cc2-c2ccc(S(N)(=O)=O)cc2)nc1,6.481486060122112,Train
511,Cc1c(CCC(=O)O)cccc1NC(=O)[C@@H](c1ccc(-c2cncc(OC(C)C)c2)cc1)C1CCCC1,7.442492798094342,Train
512,Fc1ccc(-c2nn(-c3ccccc3)cc2-c2nnc(-c3ccc(Cl)cc3)o2)cc1,5.259637310505756,Train
513,Cc1cncc(-c2ccc(C(C(=O)Nc3cccc(C(C)CC(=O)O)c3C)C3CCCC3)cc2)c1,7.490797477668897,Train
514,NS(=O)(=O)c1ccc(-n2cnc(Cl)c2-c2ccc(Cl)nc2)cc1,7.376750709602099,Train
515,Cn1cccc1CNc1cc(C(F)(F)F)nc(-c2ccc(S(C)(=O)=O)cc2)n1,7.145337877803287,Train
516,Cc1nnc(/N=C2\NC(=O)/C(=C/c3ccc(O)cc3)S2)s1,7.0,Train
517,O=c1c2ccccc2nc(SCc2cn(-c3ccccc3)nn2)n1-c1ccc(Br)cc1,6.6020599913279625,Train
518,COC(=O)[C@H](CC(C)C)NC(=O)CNC(=O)[C@@H](NC(=O)OCc1ccccc1)C(C)C,4.251811972993799,Train
519,Cc1c(CCOCCO[N+](=O)[O-])cc(-c2ccc(S(C)(=O)=O)cc2)n1-c1ccc(F)cc1,7.853871964321762,Train
520,N#Cc1cc(-c2ccc(F)cc2)n(-c2ccc(S(N)(=O)=O)cc2)n1,6.468521082957745,Train
521,CS(=O)(=O)c1ccc(-c2nc(Cl)cc(NCc3ccc(F)cc3)n2)cc1,7.472370099128661,Train
522,NS(=O)(=O)c1ccc(-c2[nH]c3ccc(Cl)cc3c2-c2cccc(Cl)c2)cc1,8.504247633785923,Train
523,Cc1[nH]c2cc(S(C)(=O)=O)ccc2c1C(=O)c1ccc(F)cc1,5.972463808775292,Train
524,Cc1cncc(-c2ccc(C(C(=O)Nc3cccc(CCC(=O)O)c3C)C3CCC3)cc2)c1,6.46344155742847,Train
525,NS(=O)(=O)c1ccc(-n2nc(C(F)(F)F)cc2-c2cccc(F)c2)cc1CO,5.151810883008601,Train
526,CS(=O)(=O)c1ccc(-c2nc(C(F)(F)F)cn2-c2ccc(F)cc2)cc1,5.232844133917819,Train
527,NS(=O)(=O)c1ccc(-n2nc(C(F)(F)F)cc2-c2ccccc2)cc1CO,5.462180904926726,Train
528,COc1ccc(/C=C/c2cc(OC)cc(OC)c2/C=C/C(=O)NC(C)C)cc1,5.696803942579511,Train
529,CS(=O)(=O)c1ccc(-n2cc(C=O)nc2-c2ccc(Cl)cc2)cc1,5.797940446073639,Train
530,C=CCONC1=NC(=O)/C(=C/c2cc(C(C)(C)C)c(O)c(C(C)(C)C)c2)O1,4.585026652029182,Train
531,O=C(O)c1ccc(-n2cc(CSc3nc4ccccc4c(=O)n3-c3ccc(Cl)cc3)nn2)cc1,6.958607314841775,Train
532,CCCCCC/C(=C(\c1ccccc1)c1ccc(N=[N+]=[N-])cc1)c1ccccc1,6.958607314841775,Train
533,Cc1cc(-c2c(-c3ccc(S(C)(=O)=O)cc3)ccc(F)c2F)ccc1Cl,8.219970872662662,Train
534,COc1ccc(NC(=O)N2C(=O)c3ccccc3S(=O)(=O)C2C)cc1,3.6430185990068686,Train
535,CC(C)(C)c1cc(-c2cccs2)cc2c1OCC2(C)C,7.154901959985743,Train
536,CS(=O)(=O)c1ccc(N2N=C(C(F)(F)F)CC2c2cccc3c2OCO3)cc1,7.387216143280264,Train
537,NS(=O)(=O)c1ccc(N2N=C(/C=C/c3ccc(Cl)cc3)CCC2=O)cc1,7.3585258894959,Train
538,Cc1c(CC(=O)OCCCO[N+](=O)[O-])cc(-c2ccc(S(C)(=O)=O)cc2)n1-c1cccc(F)c1,8.154901959985743,Train
539,CC(C)(C)c1cc(-c2nnc(NC#N)o2)cc(C(C)(C)C)c1O,4.958607314841775,Train
540,Cc1c(CC(=O)OCCO[N+](=O)[O-])cc(-c2ccc(S(C)(=O)=O)cc2)n1-c1ccccc1,7.366531544420414,Train
541,CCc1ccc(-c2cc(C(F)(F)F)nn2-c2ccc(S(N)(=O)=O)cc2)cc1,6.065501548756432,Train
542,[2H]C([2H])([2H])c1cc2c(c(C([2H])([2H])[2H])c1Br)C=C(C(=O)O)[C@@H](C(F)(F)F)O2,8.045757490560675,Train
543,COc1ccc(/C=C/c2cc(OC)cc(OC)c2/C=C/C(=O)N(C)C)cc1,4.88672530753565,Train
544,Cc1ccc(S(=O)(=O)n2cc(C(=O)C(=O)N[C@H](C(=O)NCC(=O)O)c3c[nH]c4ccccc34)c3ccccc32)cc1,6.267606240177031,Train
545,Cc1[nH]c2cc(S(C)(=O)=O)ccc2c1Oc1ccc(Cl)cc1Cl,6.17291172906102,Train
546,CS(=O)(=O)c1ccc(-c2cccn2-c2ccc(F)cc2)cc1,4.991399828238082,Train
547,CSc1ccc(-c2nc(C(F)(F)F)cn2-c2ccc(S(N)(=O)=O)cc2)cc1Cl,8.0,Train
548,CS(=O)(=O)c1ccc(-n2cc(CC#N)nc2-c2ccc(Cl)cc2)cc1,5.811239165546937,Train
549,Cc1cc(-c2ccc(C(C(=O)Nc3cccc(CCC(=O)O)c3C)C3CCCC3)cc2)cnc1C,7.044312249686494,Train
550,Cc1cccc(-c2nc(C(F)(F)F)cn2-c2ccc(S(C)(=O)=O)cc2)c1,7.219970872662662,Train
551,O=C(COc1cc(O)c2c(=O)cc(-c3ccccc3)oc2c1)OCc1cc(-c2ccc(Cl)c(Cl)c2)n(-c2ccc(Cl)cc2)n1,5.066512712151295,Train
552,NS(=O)(=O)c1ccc(C2=C(c3ccc(Cl)c(Cl)c3)CCC2)cc1,8.699513552156626,Train
553,CSc1ccc(-n2c(-c3ccc(S(C)(=O)=O)cc3)cc(CC(=O)OCCCCO)c2C)cc1,7.259637310505756,Train
554,COc1ccc(-c2cc(-c3ccc(Cl)cc3)n(-c3ccc(S(N)(=O)=O)cc3)n2)cc1,7.0,Train
555,CC(=O)c1nnn(-c2ccc(F)cc2)c1C,6.638272163982407,Train
556,Cc1cc2c(c(C)c1Cl)C=C(C(=O)O)C(C(F)(F)F)O2,7.023603778477954,Train
557,O=C1NC(=O)/C(=C/c2ccc(OCc3cn(-c4ccc(Br)cc4)nn3)cc2)S1,6.920818753952375,Train
558,CC[C@@H](CO)NC(=O)Cc1c(C)n(C(=O)c2ccc(Cl)cc2)c2ccc(OC)cc12,6.552841968657781,Train
559,Cc1c(CO)cc(-c2ccc(S(C)(=O)=O)cc2)n1-c1ccc(F)cc1,5.4105842181321,Train
560,Cc1ccc(-c2nc(C(F)(F)F)cn2-c2ccc(S(C)(=O)=O)cc2)cc1F,6.959299339414116,Train
561,NS(=O)(=O)c1ccc(-c2[nH]c3ccc(Cl)cc3c2-c2ccccc2Cl)cc1,7.0,Train
562,CS(=O)(=O)c1ccc(N2N=C(C(F)(F)F)CC2c2cccc3c2OCCO3)cc1,6.6777807052660805,Train
563,CCOP(=O)(OCC)C(NC(=O)c1cc(-c2cccc3ccccc23)n(-c2ccc(F)cc2)n1)c1ccc(OC)cc1,6.657577319177793,Train
564,COc1ccc(-c2ccccc2-c2ccc(S(N)(=O)=O)cc2)cc1F,7.4800408192479315,Train
565,CS(=O)(=O)c1ccc(-n2cc(C(F)(F)F)nc2-c2nccc3ccccc23)cc1,5.769776006336217,Train
566,Cc1c(CCC(=O)O)cccc1NC(=O)C(c1ccc(-c2cncc(C3CC3)c2)cc1)C1CCCC1,6.939302159646388,Train
567,CS(=O)(=O)c1ccc(C2=C(c3cccc(F)c3)C(=O)CC2)cc1,7.161196523639753,Train
568,Cc1cc(C(C(=O)Nc2cccc(CCC(=O)O)c2C)C2CCCC2)c(F)cc1-c1cnc(C)c(Cl)c1,6.130181792020672,Train
569,COc1ccc(-c2cc(CSc3nc4ccccc4c(=O)n3-c3ccccc3)on2)cc1OC,5.991399828238082,Train
570,COc1ccc(/C=C/c2cc(OC)cc(OC)c2/C=C/C(=O)N2CCC(Cl)CC2)cc1,5.838631997765026,Train
571,O=C(NCCOc1nc(Cl)nc(Nc2ccc(N3CCOCC3=O)cc2)n1)C1CCCN1C(=O)OCc1ccccc1,5.221848749616356,Train
572,NS(=O)(=O)c1ccc(-n2nc(C(=O)N3CCOCC3)cc2-c2ccc(C(F)(F)F)cc2)cc1,6.4089353929735005,Train
573,NS(=O)(=O)c1ccc(-n2nc(C(=O)N/N=C/c3c(Cl)c4ccccc4oc3=O)cc2-c2ccccc2Cl)cc1,5.97469413473523,Train
574,CC(C)CSc1cc2c(cc1Cl)C=C(C(=O)O)C(C(F)(F)F)O2,7.721246399047171,Train
575,CS(=O)(=O)c1ccc(-c2nc(SCc3cccs3)cc(C(F)(F)F)n2)cc1,8.387216143280265,Train
576,CS(=O)(=O)c1ccc(C2=C(c3ccc(F)c(Cl)c3)C(=O)CC2)cc1,7.545757490560675,Train
577,COc1cc2c(CC(=O)O)c(C)n(C(=O)c3ccc(Cl)cc3)c2cc1Cl,5.3872161432802645,Train
578,COc1ccc(/C=C/c2cc(OC)cc(OC)c2/C=C/C(=O)NC2CCCCC2)cc1,5.293282217663242,Train
579,Cc1cc(=O)c(Oc2ccc(F)cc2F)c(-c2ccc(S(C)(=O)=O)cc2)o1,7.096910013008056,Train
580,CS(=O)(=O)c1ccc(C2=C(c3ccc(F)c(F)c3)CC3(CC3)C2)cc1,8.480763439685022,Train
581,NNc1ccccc1,5.8198741248359465,Train
582,COc1ccc(-c2c(-c3ccc(S(N)(=O)=O)cc3)ccc(F)c2F)cc1C,8.299988937677888,Train
583,NS(=O)(=O)c1ccc(/N=C/c2ccc(O)c(C(=O)O)c2)cc1,6.130768280269024,Train
584,COc1ccc2c(c1)c(CC(=O)N[C@H](CO)CCSC)c(C)n2C(=O)c1ccc(Cl)cc1,6.0,Train
585,COc1ccc2c(c1)c(CC(=O)NN1CCC[C@H]1CO)c(C)n2C(=O)c1ccc(Cl)cc1,5.7447274948966935,Train
586,Cc1ncc(-c2ccc(C(C(=O)Nc3cccc(CC(C)C(=O)O)c3C)C3CCCC3)cc2)cc1F,7.042871802323187,Train
587,[2H]C([2H])([2H])c1cc(Br)cc2c1OC(C(F)(F)F)C(C(=O)O)=C2,7.4089353929735005,Train
588,NS(=O)(=O)c1ccc(-n2nc(C(=O)OCCOc3ccc4ccc(=O)oc4c3)cc2-c2ccccc2Cl)cc1,6.113509274827518,Train
589,O=C(NS(=O)(=O)c1ccc(Cl)cc1)c1cccnc1,5.180456064458131,Train
590,CC(C)Oc1ccc(-c2ccc(/C(=C\c3ccc(S(C)(=O)=O)cc3)C(=O)O)cc2)cc1,6.494850021680094,Train
591,COc1ccc(-c2cc(C(F)F)nn2-c2ccc(S(N)(=O)=O)cc2)cc1,7.821891432890133,Train
592,Cc1c(CC(=O)O)c2cc(O)ccc2n1C(=O)c1ccc(Cl)cc1,5.301029995663981,Train
593,C/C(=N\NC(N)=S)c1nnn(-c2ccc(F)cc2)c1C,7.154901959985743,Train
594,CS(=O)(=O)c1ccc(-n2cc(C(F)(F)F)nc2-c2ccc3c(c2)OCO3)cc1,6.661196523639753,Train
595,C[C@@H]1OC(O[C@@H]2[C@@H](O)[C@H](OCCc3ccc(O)c(O)c3)O[C@H](CO[C@@H]3OC[C@@H](O)[C@H](O)[C@H]3O)[C@H]2OC(=O)/C=C/c2ccc(O)c(O)c2)[C@H](O)[C@H](O)[C@H]1O,3.221848749616356,Train
596,CS(=O)(=O)Nc1ccc([N+](=O)[O-])cc1Oc1ccccc1,6.154901959985743,Train
597,CS(=O)(=O)c1ccc(-c2cc(C(F)(F)F)nc(NC3CCCCC3)n2)cc1,9.30102999566398,Train
598,Cc1c(CCC(=O)O)cccc1NC(=O)C(c1ccc(-c2cncc(CC(C)C)c2)c(F)c1)C1CCC1,7.85078088734462,Train
599,Cc1cccnc1-c1nc(C(F)(F)F)cn1-c1ccc(S(C)(=O)=O)cc1,5.238285979572167,Train
600,Cc1ccc(-n2c(-c3ccc(S(C)(=O)=O)cc3)coc2=O)cc1,6.318880942313708,Train
601,C=C1C(=O)O[C@H]2[C@H]1[C@H](OC(=O)[C@]1(C)O[C@@H]1C)[C@@H](OC(C)=O)/C(C(=O)O)=C\[C@H]1O[C@H]1[C@]1(C)O[C@H]21,6.3979400086720375,Train
602,Cn1cccc1C(=O)c1cc(C(C)(C)C)c2c(c1)C(C)(C)CO2,7.346787486224656,Train
603,Cc1cc(-c2cc(F)c(F)cc2-c2ccc(S(N)(=O)=O)cc2)ccc1Cl,8.521435901161594,Train
604,NC(=O)N1N=C(c2ccc(Cl)cc2)CC1c1cn(-c2ccccc2)nc1-c1ccccc1,5.962573502059376,Train
605,Clc1ccc(COC(Cn2ccnc2)c2ccc(Cl)cc2Cl)c(Cl)c1,4.587640267631869,Train
606,COC(=O)c1[nH]c2cc(S(C)(=O)=O)ccc2c1Sc1ccc(F)cc1,6.027758663924915,Train
607,Cc1cccc(Nc2cnccc2NS(=O)(=O)C(F)(F)F)c1,6.346787486224656,Train
608,NS(=O)(=O)c1ccc(-c2cc(C(F)(F)F)nc(NC3CCCCC3)n2)cc1,8.619788758288394,Train
609,O=C(CCn1sc2ccccc2c1=O)N1CCN(c2cccc(Cl)c2)CC1,3.888195416320885,Train
610,Cc1c(CC(=O)OCCCCO)cc(-c2ccc(S(C)(=O)=O)cc2)n1-c1cccc(F)c1,6.958607314841775,Train
611,CCc1cc(OC(F)(F)F)cc2c1O[C@@H](C(F)(F)F)C(C(=O)O)=C2,6.065501548756432,Train
612,CC1N(C(=O)Nc2nccs2)C(=O)c2ccccc2S1(=O)=O,3.938547520912807,Train
613,CNc1ccc(-c2cc(C(F)(F)F)nn2-c2ccc(S(N)(=O)=O)cc2)cc1,7.795880017344075,Train
614,CN(C)c1cc(-c2nc(C(F)(F)F)cn2-c2ccc(S(C)(=O)=O)cc2)ccc1Cl,5.981483029254318,Train
615,Cc1c(CCOCCO[N+](=O)[O-])cc(-c2ccc(S(C)(=O)=O)cc2)n1-c1ccccc1,7.769551078621726,Train
616,COc1ccc(-c2cc(C(=O)NCCN3CCOCC3)nn2-c2ccc(S(N)(=O)=O)cc2)cc1,6.060480747381382,Train
617,Cc1ccc(C(=Cc2ccc(S(C)(=O)=O)cc2)c2ccc(C)cc2)cc1,4.5003129173815966,Train
618,NS(=O)(=O)c1ccc(/C=N/c2ccccc2)cc1,5.507239610973162,Train
619,CC(=O)Oc1cc2oc(-c3cccc(Cl)c3)cc2cc1-c1c[se]nn1,7.301029995663981,Train
620,COC[C@@H](C)NC(=O)Cc1c(C)n(C(=O)c2ccc(Cl)cc2)c2ccc(OC)cc12,6.853871964321762,Train
621,Cc1c(CCC(=O)O)cccc1NC(=O)[C@@H](c1ccc(-c2cncc(CC(F)(F)F)c2)cc1)C1CCCC1,7.221125527997261,Train
622,COC(=O)[C@H](CC(C)C)NC(=O)[C@@H](NC(=O)[C@H](C)NC(=O)CNC(=O)OCc1ccccc1)C(C)C,4.657577319177793,Train
623,NS(=O)(=O)c1ccc(-n2nc(C(F)(F)F)cc2-c2ccc3c(c2)CCO3)cc1,7.678921132642886,Train
624,COc1ccc2c(c1)c(CC(=O)OC(C)C)c(C)n2C(=O)c1ccc(Cl)cc1,6.6020599913279625,Train
625,NS(=O)(=O)c1ccc(-n2nc(C(F)(F)F)c(F)c2-c2ccccc2)cc1,8.769551078621726,Train
626,COc1ccc2c(c1)c(CC(=O)NN1CCC[C@@H]1CO)c(C)n2C(=O)c1ccc(Cl)cc1,5.769551078621726,Train
627,Cc1ccc(Nc2cnccc2NS(C)(=O)=O)cc1,4.919734372660155,Train
628,O=C1CSC(N2N=C(c3ccc(Cl)c(Cl)c3)CC2c2ccc(Cl)cc2)=N1,4.931814138253839,Train
629,NS(=O)(=O)c1ccc(-n2ncc(F)c2-c2ccccc2)cc1,5.33161408331,Train
630,Cc1ccc(S(=O)(=O)n2cc(C(=O)C(=O)NCC(=O)N[C@H](Cc3c[nH]c4ccccc34)C(=O)O)c3ccccc32)cc1,5.6020599913279625,Train
631,NS(=O)(=O)c1ccc(-n2cc(C(F)(F)F)nc2-c2cccc(F)c2)cc1,7.521435901161594,Train
632,COc1ccc(-c2c(Cl)ncn2-c2ccc(S(C)(=O)=O)cc2)cc1,7.958607314841775,Train
633,CS(=O)(=O)c1ccc(-c2[nH]c3ccc(Br)cc3c2-c2ccccc2)cc1,8.850934947117631,Train
634,COc1ccc(-c2cc(F)c(F)cc2-c2ccc(S(C)(=O)=O)cc2)cc1Cl,7.720675709517766,Train
635,Cc1ccc(-c2cc(C(=O)OCCOc3cc(=O)oc4ccccc34)nn2-c2ccc(S(N)(=O)=O)cc2)cc1,6.309803919971486,Train
636,CS(=O)(=O)c1ccc(C2=C(c3ccc(CO)cc3)CCC2)cc1,5.492424780623096,Train
637,CCc1cncc(-c2ccc(C(C(=O)Nc3cccc(CCC(=O)O)c3C)C3CCCC3)cc2)c1,7.106793246940152,Train
638,CC(C(=O)O)c1ccc(C[C@H]2CCC[C@@H]2O)cc1,5.619788758288394,Train
639,NS(=O)(=O)c1ccc(/N=C/c2cccc(O)c2)cc1,5.555955204081924,Train
640,COc1ccc2c(c1)c(CC(=O)N[C@@H](CO)CCSC)c(C)n2C(=O)c1ccc(Cl)cc1,6.6020599913279625,Train
641,c1ccc(-c2nn(-c3ccccc3)c3c2CCCC3)cc1,6.2441251443275085,Train
642,Cc1ccc(-c2c(-c3ccc(S(N)(=O)=O)cc3)ccc(F)c2F)cc1C,8.299988937677888,Train
643,CC(C)CSc1cc2c(cc1Cl)C=C(C(=O)O)[C@H](C(F)(F)F)O2,8.096910013008056,Train
644,COc1ccc(-n2c(-c3ccc(S(C)(=O)=O)cc3)cc(CC(=O)OCCCCO[N+](=O)[O-])c2C)cc1,6.259637310505756,Train
645,CCCSc1ccccc1OC(C)=O,4.180456064458132,Train
646,C#CCOc1ccc(/C=C2\SC(=O)NC2=O)cc1,6.481486060122112,Train
647,COc1ccc2c(c1)c(CC(=O)OCCNC(=O)OC(C)(C)C)c(C)n2C(=O)c1ccc(Cl)cc1,7.346787486224656,Train
648,Cc1c(CCC(=O)O)cc(F)cc1NC(=O)C(c1ccc(-c2cncc(Cl)c2)cc1)C1CCCC1,5.924453038607469,Train
649,Cc1ncc(-c2ccc(C(C(=O)Nc3cccc(C(CC(=O)O)C4CC4)c3C)C3CCCC3)cc2)cc1Cl,7.496209316942819,Train
650,COc1ccc2c(c1)c(CC(=O)NOCc1ccccc1)c(C)n2C(=O)c1ccc(Cl)cc1,7.301029995663981,Train
651,CCS(=O)(=O)Nc1ccncc1Oc1ccc(Cl)cc1,5.484126156288321,Train
652,CC/C(=C(\c1ccccc1)c1cc(C(C)(C)C)c(O)c(C(C)(C)C)c1)c1ccc(S(C)(=O)=O)cc1,5.752026733638193,Train
653,CC(C)Nc1cc(NCc2ccccc2)nc(-c2ccc(S(C)(=O)=O)cc2)n1,6.562566556202029,Train
654,CCOc1ccc(-c2nn3ncccc3c2-c2ccc(S(N)(=O)=O)cc2)cc1,9.356547323513812,Train
655,CCc1cc(-c2cc(C(F)(F)F)nn2-c2ccc(S(N)(=O)=O)cc2)ccc1OC,6.366531544420413,Train
656,CS(=O)(=O)c1ccc(-n2nc(COc3cccc(N4CCOCC4)c3)cc2-c2ccccc2)cc1,6.036212172654444,Train
657,[2H]C([2H])([2H])c1cc2c(c(C([2H])([2H])[2H])c1Cl)C=C(C(=O)O)[C@@H](C(F)(F)F)O2,7.795880017344075,Train
658,CS(=O)(=O)c1ccc(-c2nc(NC3CCCCC3)cc(C(F)(F)F)n2)cc1,6.610039135202278,Train
659,Cc1oc(=O)n(-c2ccc(Cl)c(Cl)c2)c1-c1ccc(S(N)(=O)=O)cc1,6.638140027612296,Train
660,CSc1cc(-c2ccc(F)cc2)c(-c2ccc(S(C)(=O)=O)cc2)[nH]1,4.462180904926726,Train
661,NS(=O)(=O)c1ccc(-n2nc(C(=O)N3CCSCC3)cc2-c2ccc(Cl)cc2)cc1,6.638272163982407,Train
662,CS(=O)(=O)c1ccc2c(Sc3ccc(F)cc3F)c(C#N)[nH]c2c1,5.961534212722172,Train
663,Cc1cc(=O)c(-c2ccc(S(C)(=O)=O)cc2)c(-c2ccc(F)cc2)o1,5.010102769187175,Train
664,Cc1cc(Cl)cc2c1OC(C(F)(F)F)C(C(=O)O)=C2,7.184075268920091,Train
665,CCCOc1ccc(-c2c(Cl)ncn2-c2ccc(S(C)(=O)=O)cc2)cc1,5.0,Train
666,CCOc1ccc(-c2cc(C(=O)NCCCN3CCOCC3)nn2-c2ccc(S(N)(=O)=O)cc2)cc1,6.040958607678906,Train
667,Cc1c(CC(F)(F)F)cc(-c2ccc(S(C)(=O)=O)cc2)n1-c1ccc(F)cc1,6.851941753915143,Train
668,CS(=O)(=O)c1ccc(-n2cnc(Cl)c2-c2ccc(N)cc2)cc1,6.7281583934635005,Train
669,COc1ccc(C(=O)NNc2ccc(Cl)cc2)cc1,6.327902142064282,Train
670,Cc1ccc(-n2nc(COC(=O)COc3cc(O)c4c(=O)cc(-c5ccccc5)oc4c3)cc2-c2ccc(F)cc2)cc1,5.546681659952963,Train
671,CS(=O)(=O)c1ccc(-c2occ(Cl)c(=O)c2-c2cccnc2)cc1,2.1519000001387623,Train
672,CC(C(=O)[O-])c1ccc(CC2CCCC2=O)c(-c2ccccc2)c1,3.5376020021010435,Train
673,O=S(=O)(Nc1ccncc1Oc1ccccc1Cl)C(F)(F)F,6.823908740944319,Train
674,COc1ccc(-n2c(-c3ccc(S(C)(=O)=O)cc3)cc(CC(=O)OCCO)c2C)cc1,5.958607314841775,Train
675,NS(=O)(=O)c1ccc(-n2cc(C(F)(F)F)nc2-c2ccc(Cl)cc2)cc1,8.0,Train
676,CC(=O)OCCCCCSc1ccccc1OC(C)=O,4.301029995663981,Train
677,Cc1ccc(-c2nc(C(F)(F)F)cn2-c2ccc(S(N)(=O)=O)cc2)nc1,6.138337358989223,Train
678,Cc1c(NC(=O)C(c2ccc(-c3cncc(Cl)c3)cc2)C2CCC2)cccc1C(C)CC(=O)O,6.97061622231479,Train
679,Cc1ccc(S(=O)(=O)NCCOc2nc(Cl)nc(Nc3ccc(N4CCOCC4=O)cc3)n2)cc1,4.096910013008056,Train
680,CC(C)(C)c1cc(-c2nsc(N=C(N)N)n2)cc(C(C)(C)C)c1O,4.568636235841013,Train
681,O=C(O)/C=C\C(=O)NNC(=O)CNc1ncnc2sc3c(c12)CCCC3,6.346787486224656,Train
682,CS(=O)(=O)Nc1cc2c(cc1Sc1ccc(Br)cc1)C(=O)CC2,8.0,Train
683,Cc1ccc(-c2nnc(/N=C3\NC(=O)CS3)s2)cc1,6.721246399047171,Train
684,Cc1ccc(-c2nc(C(F)(F)F)cn2-c2ccc(S(N)(=O)=O)cc2)cc1Cl,8.521435901161594,Train
685,CS(=O)(=O)Nc1ccncc1Oc1cccc(Cl)c1,5.701146923590294,Train
686,COC(=O)[C@H](C)NC(=O)c1ccccc1Nc1c(Cl)ccc(C)c1Cl,5.585026652029182,Train
687,NS(=O)(=O)c1ccc(-c2c(-c3ccc(OC(F)(F)F)cc3)nn3ncccc23)cc1,6.411168274405792,Train
688,C/C(=C(\c1ccccc1)c1ccc(S(C)(=O)=O)cc1)c1cc(C(C)(C)C)c(O)c(C(C)(C)C)c1,5.443697499232712,Train
689,Cc1ncc(-c2ccc(S(C)(=O)=O)cc2)n1-c1ccc(F)cc1,7.292429823902063,Train
690,CCCCCCCNC(=O)Oc1cccc(-c2ccc(C(C)C(=O)O)cc2F)c1,6.494850021680094,Train
691,CCOP(=O)(OCC)C(NC(=O)c1cc(-c2ccsc2)n(-c2ccc(S(N)(=O)=O)cc2)n1)c1ccc(OC)cc1,6.657577319177793,Train
692,CS(=O)(=O)c1ccc(-n2cc(C(F)(F)F)nc2-c2cccnc2)cc1,5.771057114718517,Train
693,COc1cc(-c2cc(C(=O)OCCOc3ccc4ccc(=O)oc4c3)nn2-c2ccc(S(N)(=O)=O)cc2)cc(OC)c1OC,6.638272163982407,Train
694,C/C(=N\Nc1nc(-c2ccc(Cl)cc2)cs1)c1nnn(-c2ccc(F)cc2)c1C,7.301029995663981,Train
695,COc1ccc(-c2cc(C(F)(F)F)nn2-c2ccc(Cl)cc2)cc1,6.122468674143265,Train
696,COc1ccc2c(c1)c(CC(=O)Oc1cccnc1)c(C)n2C(=O)c1ccc(Cl)cc1,7.301029995663981,Train
697,Cc1cc(C(C#N)c2ccc(Cl)cc2)c(Cl)cc1NC(=O)c1cc(I)cc(I)c1O,5.735418270761922,Train
698,CC1(O)OC(=O)C(c2cc3ccccc3s2)=C1c1ccc(S(C)(=O)=O)cc1,6.187086643357144,Train
699,Cc1cc(Cl)c2c(c1)C=C(C(=O)O)C(C(F)(F)F)O2,6.914575898178345,Train
700,CS(=O)(=O)c1ccc(-c2sc(CCc3ccccc3)nc2-c2ccc(F)cc2)cc1,7.494850021680094,Train
701,CCCOC(=O)Cc1c(C)n(C(=O)c2ccc(Cl)cc2)c2ccc(OC)cc12,7.0,Train
702,COC(=O)CC1N(C(=O)Nc2ccccc2)C(=O)c2ccccc2S1(=O)=O,3.351347304868777,Train
703,CS(=O)(=O)c1ccc(-c2cnn(Cc3ccccc3)c(=O)c2-c2ccccc2)cc1,6.784318117920506,Train
704,Cc1ccc(-c2cc(C(=O)OCCOc3ccc4ccc(=O)oc4c3)nn2-c2ccc(S(N)(=O)=O)cc2)cc1,6.3979400086720375,Train
705,CCN(CC)C(=O)/C=C/c1c(/C=C/c2ccc(OC)cc2)cc(OC)cc1OC,5.330683119433887,Train
706,CC(C)CNc1cc(C(F)(F)F)nc(-c2ccc(S(C)(=O)=O)cc2)n1,5.606310574670642,Train
707,Cc1ccc(-c2cc(COC(=O)COc3cc(O)c4c(=O)cc(-c5ccccc5)oc4c3)nn2-c2ccc(C)cc2)cc1,6.376750709602099,Train
708,CS(=O)(=O)c1ccc(-c2nc(Cl)cc(NCc3ccccc3)n2)cc1,7.962573502059376,Train
709,NS(=O)(=O)c1ccc(N2N=C3c4ccccc4OCC3C2c2ccccc2F)cc1,5.140261433802853,Train
710,COc1cccc(C2C3CCc4ccccc4C3=NN2c2ccc(S(N)(=O)=O)cc2)c1,5.950781977329818,Train
711,CS(=O)(=O)c1ccc(-c2ccsc2-c2ccc(F)cc2)cc1,5.096910013008056,Train
712,CC(C)C[C@H](NC(=O)[C@H](C)NC(=O)[C@@H](NC(=O)CNC(=O)OCc1ccccc1)C(C)C)C(=O)O,6.522878745280337,Train
713,NC(=O)N1N=C(c2ccc(F)cc2)CC1c1cn(-c2ccccc2)nc1-c1ccc(F)cc1,5.962573502059376,Train
714,Cc1c(CCC(=O)O)cccc1NC(=O)C(c1ccc(-c2cncc(C(F)(F)F)c2)c(Cl)c1)C1CCCC1,7.460923901207224,Train
715,NS(=O)(=O)c1ccc(-n2nc(C(F)(F)F)cc2-c2ccc(Br)s2)cc1,7.920457143142827,Train
716,Cc1ccc(-c2cc(F)c(F)cc2-c2ccc(S(C)(=O)=O)cc2)cc1C,7.639123537396505,Train
717,N#Cc1ccc(-c2cs/c(=N\C(=O)c3cccs3)n2-c2ccccc2)cc1,7.045757490560675,Train
718,Cc1ccc(-c2cc(F)c(F)cc2-c2ccc(S(C)(=O)=O)cc2)nc1,4.281498311132726,Train
719,NS(=O)(=O)c1ccc(/N=C/c2ccc(C(F)(F)F)cc2)cc1,5.337242168318426,Train
720,O=C(O)CNC(=O)CNC(=O)OCc1ccccc1,5.698970004336019,Train
721,Cc1c(CCC(=O)O)cccc1NC(=O)C(c1ccc(-c2cncc(Cl)c2)cc1)C1CCCCC1,6.707743928643524,Train
722,O=C(O)C1=Cc2c(ccc(Cl)c2Sc2ccccc2)OC1C(F)(F)F,6.468521082957745,Train
723,Cc1cc(Cl)c(C)c2c1OC(C(F)(F)F)C(C(=O)O)=C2,6.6777807052660805,Train
724,Cc1ccc2c(-c3ccc(S(C)(=O)=O)cc3)c(-c3ccc(F)cc3)nn2n1,7.619788758288394,Train
725,NS(=O)(=O)c1ccc(N2N=C(C(F)(F)F)CC2c2cccc3ccccc23)cc1,7.0,Train
726,COc1ccc2c(c1)c(CC(=O)O)c(C)n2Cc1ccc(Br)cc1,5.6020599913279625,Train
727,NS(=O)(=O)c1ccc(N2N=C3c4ccccc4CCC3C2c2ccc(Br)cc2)cc1,4.579384229374235,Train
728,CCNC(=O)/C=C/c1c(/C=C/c2ccc(OC)cc2)cc(OC)cc1OC,4.907981529247203,Train
729,Cn1cc(-c2nc(C(F)(F)F)cn2-c2ccc(S(C)(=O)=O)cc2)c2ccccc21,5.959303300184228,Train
730,Oc1ccc(-c2nnc(CSc3nnc(-c4ccncc4)o3)o2)cc1,7.0,Train
731,CCOP(=O)(OCC)C(NC(=O)c1cc(-c2ccc(C)cc2)n(-c2ccc(S(N)(=O)=O)cc2)n1)c1ccccc1,6.552841968657781,Train
732,Cc1c(CC(=O)OCCCCO[N+](=O)[O-])cc(-c2ccc(S(C)(=O)=O)cc2)n1-c1cccc(F)c1,7.161150909262744,Train
733,Nc1c(CC(=O)O)cccc1C(=O)c1ccc(Br)cc1,8.318487413361037,Train
734,CCC(C)NC(=O)/C=C/c1c(/C=C/c2ccc(OC)cc2)cc(OC)cc1OC,5.341035157335565,Train
735,Cc1c(CCC(=O)O)cccc1NC(=O)C(c1ccc(-c2cncc(C(F)(F)F)c2)cc1)C1CCC1,7.507417045466727,Train
736,COc1ccc2c(c1)c(CC(=O)Nc1ncc(C)s1)c(C)n2C(=O)c1ccc(Cl)cc1,5.3979400086720375,Train
737,O=C(O)C1=Cc2c(ccc(Cl)c2Oc2ccccc2)OC1C(F)(F)F,6.275724130399211,Train
738,CCCCN(CCCC)C(=O)/C=C/c1c(/C=C/c2ccc(OC)cc2)cc(OC)cc1OC,4.996539467890494,Train
739,O=S(=O)(Nc1ccncc1Oc1ccccc1)C(F)(F)F,6.207608310501746,Train
740,Cc1cc(=O)c(Oc2ccccc2C)c(-c2ccc(S(C)(=O)=O)cc2)o1,6.769525533390127,Train
741,COc1ccccc1-c1cc(C(F)(F)F)nn1-c1ccc(S(N)(=O)=O)c(CO)c1,4.543633966870957,Train
742,COc1c(F)cc(-c2nc(C(F)(F)F)cn2-c2ccc(S(N)(=O)=O)cc2)cc1F,7.521435901161594,Train
743,NS(=O)(=O)c1ccc(-n2nc(C(=O)OCCN3CCOCC3)cc2-c2ccc(Cl)cc2)cc1,6.6020599913279625,Train
744,CCOC(OCC)c1ccc(/C=C2\CCC/C(=C\c3ccc(C(OCC)OCC)cc3)C2=O)cc1,4.759201228882668,Train
745,COC(=O)CC1N(C(=O)Nc2nnc(C)s2)C(=O)c2ccccc2S1(=O)=O,3.096964303211503,Train
746,O=C(c1cccs1)c1sc(N2CCOCC2)nc1-c1ccccc1,7.045757490560675,Train
747,COc1ccc(/C=C/c2cc(OC)cc(OC)c2/C=C/C(=O)Nc2cc(OC)c(OC)c(OC)c2)cc1,5.176525770829699,Train
748,CS(=O)(=O)Nc1cc2c(cc1Nc1ccc(F)cc1F)C(=O)CC2,6.0,Train
749,Cc1ccc2[nH]c(-c3ccc(S(N)(=O)=O)cc3)c(-c3ccccc3)c2c1,10.69897000433602,Train
750,CS(=O)(=O)c1ccc(N2N=C(C(F)(F)F)CC2c2ccc3c(c2)OCO3)cc1,6.853871964321762,Train
751,COc1ccc(/C=C/c2cc(OC)cc(OC)c2/C=C/C(=O)N2CCOCC2)cc1,5.72584215073632,Train
752,COc1ccc(-n2c(-c3ccc(S(C)(=O)=O)cc3)cc(CC(=O)OCCO[N+](=O)[O-])c2C)cc1,6.769551078621726,Train
753,CS(=O)(=O)c1ccc(-c2cc(F)c(F)cc2-c2ccc3c(c2)OCCO3)cc1,6.469263204944301,Train
754,Cc1ccc(CNc2nc(-c3ccc(S(C)(=O)=O)cc3)nc(Cl)c2C)cc1,7.435333935747911,Train
755,CS(=O)(=O)c1ccc(-c2[nH]c(C#N)cc2-c2ccc(F)cc2)cc1,4.191114132640188,Train
756,Cc1cc(-c2cc(F)c(F)cc2-c2ccc(S(C)(=O)=O)cc2)ccc1F,8.300509466670935,Train
757,Cc1oc(=O)n(-c2ccc(F)cc2)c1-c1ccc(S(N)(=O)=O)cc1,6.292217038739567,Train
758,Cc1cc(=O)c(Oc2ccc(F)c(F)c2)c(-c2ccc(S(C)(=O)=O)cc2)o1,5.353598234483218,Train
759,CC(C)(C)c1cc(/C=C\c2cccs2)cc2c1OCC2(C)C,7.455931955649724,Train
760,COc1ccc2c(c1)c(CC(=O)NCC(C)(C)CO[N+](=O)[O-])c(C)n2C(=O)c1ccc(Cl)cc1,5.920818753952375,Train
761,Cc1ccncc1C1=C(c2ccc(S(C)(=O)=O)cc2)CCC1=O,6.351667404869234,Train
762,CS(=O)(=O)Nc1ccncc1Oc1ccc(Cl)cc1,5.7281583934635005,Train
763,CCOC(=O)Cn1nncc1CO[C@@H](C(=O)OCC)[C@@H](O)C(=O)OCC,4.259637310505756,Train
764,NS(=O)(=O)c1ccc(-n2nc(C(=O)Oc3ccc4ccc(=O)oc4c3)cc2-c2ccccc2)cc1,5.6020599913279625,Train
765,COc1cc(Cl)c2c(c1)C=C(C(=O)O)C(C(F)(F)F)O2,6.619788758288394,Train
766,COc1ccc(/C=N/c2ccc(S(N)(=O)=O)cc2)cc1,5.005243055412372,Train
767,CSc1ccc(-c2cc(C(F)(F)F)nn2-c2ccc(S(N)(=O)=O)cc2)cc1C,8.431798275933005,Train
768,CS(=O)(=O)Nc1cc2c(cc1Oc1ccc(F)cc1F)C(=O)CC2,7.67778070526608,Train
769,CS(=O)(=O)c1ccc(C2=C(/C=C/c3ccc(F)cc3)C(=O)CC2)cc1,6.528995973488843,Train
770,NS(=O)(=O)c1ccc(-c2nc(NCc3ccccc3)cc(C(F)(F)F)n2)cc1,5.400116927926312,Train
771,CC(C)=CCn1ncc(-c2ccc(S(C)(=O)=O)cc2)c(-c2ccc(F)cc2)c1=O,6.761439372640169,Train
772,NS(=O)(=O)c1ccc(-c2coc(=O)n2-c2ccccc2Cl)cc1,5.18704321825132,Train
773,Cc1nc(-c2nc(C(F)(F)F)cn2-c2ccc(S(=O)(=O)N(C)C)cc2)co1,5.380000399499541,Train
774,Cc1c(CCOCCCO[N+](=O)[O-])cc(-c2ccc(S(C)(=O)=O)cc2)n1-c1ccccc1,7.823908740944319,Train
775,NS(=O)(=O)c1ccc(C2=C(c3cc(F)c(F)c(F)c3)CCC2)cc1,5.537602002101044,Train
776,O=C1CS/C(=N/c2nnc(-c3ccc(Br)cc3)s2)N1,6.721246399047171,Train
777,CS(=O)(=O)c1ccc(C2=C(c3ccc(OC(F)(F)F)cc3)CC3(CC3)C2)cc1,6.869827140916545,Train
778,NS(=O)(=O)c1ccc(-c2ccccc2-c2ccc(F)cc2)cc1,7.209996479609511,Train
779,COc1ccc(-c2c(Cl)ncn2-c2ccc(S(N)(=O)=O)cc2)cc1F,8.301029995663981,Train
780,CS(=O)(=O)c1ccc(-c2sc(-c3cccnc3)nc2-c2ccc(F)cc2)cc1,6.366531544420413,Train
781,CS(=O)(=O)c1ccc(C=C(c2ccccc2)c2ccccc2)cc1,6.508638306165727,Train
782,COc1ccc(OC(=O)Cc2c(C)n(C(=O)c3ccc(Cl)cc3)c3ccc(OC)cc23)cc1,7.397940008672037,Train
783,C#CCSc1nc2ccccc2c(=O)n1-c1ccc(Cl)cc1,6.4089353929735005,Train
784,Cc1cc(=O)c(Cc2ccccc2)c(-c2ccc(S(C)(=O)=O)cc2)o1,5.1938200260161125,Train
785,Cc1c(NC(=O)[C@@H](c2ccc(-c3cncc(Cl)c3)cc2)C2CCCC2)cccc1N(C)CC(=O)O,7.359518563029578,Train
786,COc1ccc(-c2ccc(CCC(=O)O)n2-c2ccc(C(C)=O)cc2)cc1,5.337242168318426,Train
787,COC1(c2cc(F)cc(OCc3cc(-c4ccccc4)n(-c4ccccc4)n3)c2)CCOCC1,6.214670164989233,Train
788,Cc1cc(=O)c(-c2ccc(Cl)cc2F)c(-c2ccc(S(C)(=O)=O)cc2)o1,5.688222836588247,Train
789,CC(C)(C)c1cc(NCc2ccccc2)nc(-c2ccc(S(C)(=O)=O)cc2)n1,7.027334407733889,Train
790,COc1ccc(C2=C(c3ccc(S(N)(=O)=O)cc3)CC3(CC3)C2)cc1Cl,8.699513552156626,Train
791,CCCNC(=O)/C=C/c1c(/C=C/c2ccc(OC)cc2)cc(OC)cc1OC,5.170696227168975,Train
792,O=[N+]([O-])c1ccc(/C=N/Nc2nnc(-c3ccncc3)o2)cc1,7.387216143280264,Train
793,CS(=O)(=O)c1ccc(C2=C(c3ccc(F)cc3)CC3(CC3)C2)cc1,8.108448587320641,Train
794,O=C1NC(=S)S/C1=C\c1ccc(OCc2cn(Cc3ccccc3)nn2)cc1,6.481486060122112,Train
795,C#Cc1ccc2c(c1)C=C(C(=O)O)C(C(F)(F)F)O2,7.136677139879544,Train
796,Cc1nc(-c2ccc(F)cc2)c(-c2ccc(S(C)(=O)=O)cc2)s1,6.958607314841775,Train
797,CC1(O)OC(=O)C(c2ccc(Br)cc2)=C1c1ccc(S(C)(=O)=O)cc1,6.853871964321762,Train
798,NS(=O)(=O)c1ccc(C2=C(c3ccc(C(F)(F)F)cc3)CC3(CC3)C2)cc1,9.0,Train
799,Cc1ccc(Cl)c(Nc2ccccc2C(=O)NOCc2ccc([N+](=O)[O-])cc2)c1Cl,4.180456064458132,Train
800,CS(=O)(=O)c1ccc(-n2cc(C(F)(F)F)nc2-c2cccc3c2OCO3)cc1,6.328948815373956,Train
801,O=C(NS(=O)(=O)c1ccc(Br)cc1)c1cncc(C(=O)NS(=O)(=O)c2ccc(Br)cc2)c1,5.552841968657781,Train
802,Cc1c(CC(=O)NC(CCO[N+](=O)[O-])C(=O)O)cc(-c2ccc(S(C)(=O)=O)cc2)n1-c1ccc(F)cc1,5.795880017344075,Train
803,COc1ccc(NC(=O)Cc2c(C)n(C(=O)c3ccc(Cl)cc3)c3ccc(OC)cc23)cc1,7.251811972993799,Train
804,CCn1nccc1NC(=O)Cc1c(C)n(C(=O)c2ccc(Cl)cc2)c2ccc(OC)cc12,6.154901959985743,Train
805,COC(=O)[C@H](Cc1c[nH]c2ccccc12)NC(=O)CNC(=O)C(=O)c1cn(S(=O)(=O)c2ccc(C)cc2)c2ccccc12,5.051098239029786,Train
806,CC1(C)OC(=O)C(Oc2ccc(C3CC3)cn2)=C1c1ccc(S(C)(=O)=O)cc1,7.522878745280337,Train
807,NS(=O)(=O)c1ccc(-c2coc(=O)n2-c2ccc(Cl)c(Cl)c2)cc1,6.397972583201331,Train
808,CCCCCCC[Se]c1ccccc1OC(C)=O,4.920818753952375,Train
809,COc1ccc2c(c1)c(CC(=O)Oc1ccccc1SC)c(C)n2C(=O)c1ccc(Cl)cc1,7.221848749616356,Train
810,NC(=O)N1N=C(c2ccc(Cl)cc2)CC1c1cn(-c2ccccc2)nc1-c1ccc(Cl)cc1,5.962573502059376,Train
811,O=C1CSC(N2N=C(c3ccc(Cl)c(Cl)c3)CC2c2ccccc2Cl)=N1,4.735182176990463,Train
812,CS(=O)(=O)c1ccc(-c2nc(NCc3ccc(F)cc3)cc(C(F)(F)F)n2)cc1,7.112382699664264,Train
813,CN1C/C(=C\c2ccc(N(C)C)cc2[N+](=O)[O-])C(=O)/C(=C/c2ccc(N(C)C)cc2[N+](=O)[O-])C1,5.040005161671584,Train
814,CC(C)C[C@H](NC(=O)[C@H](Cc1ccccc1)NC(=O)CNC(=O)CN)C(=O)O,6.3979400086720375,Train
815,CCOP(=O)(OCC)C(NC(=O)c1cc(-c2ccccc2F)n(-c2ccc(S(N)(=O)=O)cc2)n1)c1ccc(Br)cc1,6.552841968657781,Train
816,COc1ccc2c(c1)c(CC(=O)N[C@H](CO)Cc1ccccc1)c(C)n2C(=O)c1ccc(Cl)cc1,7.070581074285707,Train
817,Cc1c(CCC(=O)O)cccc1NC(=O)C(c1ccc(-c2cncc(OC3CCOCC3)c2)cc1)C1CCCC1,6.943095148663527,Train
818,CCSc1nnc(-c2cc(C(C)(C)C)c(O)c(C(C)(C)C)c2)o1,5.187086643357144,Train
819,Cc1c(CCOCCCO)cc(-c2ccc(S(C)(=O)=O)cc2)n1-c1ccc(F)cc1,6.026872146400301,Train
820,CNc1ccc(-c2nc(C(F)(F)F)cn2-c2ccc(S(C)(=O)=O)cc2)cc1,5.832682665251824,Train
821,CS(=O)(=O)c1ccc(-n2cccc2-c2ccc(F)cc2)cc1,6.291215497938437,Train
822,CCOP(=O)(OCC)C(NC(=O)c1cc(-c2ccc(OC)cc2)n(-c2ccc(S(N)(=O)=O)cc2)n1)c1ccc(Br)cc1,6.552841968657781,Train
823,COC(=O)Cc1ccc(NC(=O)Cc2c(C)n(C(=O)c3ccc(Cl)cc3)c3ccc(OC)cc23)cc1,7.236572006437063,Train
824,O=C(NNc1ccc(Cl)cc1)c1ccccc1,6.275724130399211,Train
825,Cc1ccc(OC2=C(c3ccc(S(C)(=O)=O)cc3)C(C)(C)OC2=O)nc1,6.823908740944319,Train
826,Nc1ccc(-c2cc(C(F)(F)F)nn2-c2ccc(S(N)(=O)=O)cc2)cc1,6.468521082957745,Train
827,COc1ccc(/C=C/c2cc(OC)cc(OC)c2/C=C/C(=O)NCCCCl)cc1,5.896196279044043,Train
828,O=C1COCCN1c1ccc(Nc2nc(Cl)nc(OCCCl)n2)cc1,6.0,Train
829,CS(=O)(=O)Nc1ccncc1Oc1ccc(Br)cc1,5.119186407719209,Train
830,CS(=O)(=O)c1ccc(C2=C(c3ccc(Cl)c(Cl)c3)CC3(CC3)C2)cc1,8.521435901161594,Train
831,Cc1ccc(CNc2cc(C(F)(F)F)nc(-c3ccc(S(C)(=O)=O)cc3)n2)cc1,7.315154638355588,Train
832,COc1cc(-c2c(Cl)ncn2-c2ccc(S(N)(=O)=O)cc2)ccc1F,8.096910013008056,Train
833,NS(=O)(=O)c1ccc(-n2nc(C(F)(F)F)cc2-c2cc3ccccc3o2)cc1,6.050305225247582,Train
834,CC(C)CCc1cc2c(cc1Cl)C=C(C(=O)O)[C@@H](C(F)(F)F)O2,5.94692155651658,Train
835,O=C(CNc1ncnc2sc3c(c12)CCCC3)NN=Cc1ccc(Cl)c(Cl)c1,7.154901959985743,Train
836,Cc1ccc(-c2cc(C(=O)N/N=C/c3c(Cl)c4ccccc4oc3=O)nn2-c2ccc(S(N)(=O)=O)cc2)cc1C,5.204119982655925,Train
837,CCOP(=O)(OCC)C(NC(=O)c1cc(-c2cccs2)n(-c2ccc(S(N)(=O)=O)cc2)n1)c1ccc(Br)cc1,6.657577319177793,Train
838,COc1ccc(/C=C/C(=O)c2cccc(-n3cnnn3)c2)cc1OC,7.0,Train
839,COC(=O)c1ccccc1Nc1c(Cl)ccc(C)c1Cl,5.3979400086720375,Train
840,CCCCCCNC(=O)Oc1cccc(-c2ccc(C(C)C(=O)O)cc2Cl)c1,6.136677139879544,Train
841,CCOP(=O)(OCC)C(NC(=O)c1cc(-c2cccc3ccccc23)n(-c2ccc(Br)cc2)n1)c1ccccc1,6.657577319177793,Train
842,CC(C(=O)[O-])c1ccc(CC2CCCC2=O)cc1,5.0,Train
843,O=C(CSc1nnc(-c2ccncc2)o1)N/N=C/c1ccc([N+](=O)[O-])cc1,7.42021640338319,Train
844,O=c1c2ccccc2nc(SCc2cn(-c3ccc(Br)cc3)nn2)n1-c1ccc(Br)cc1,6.769551078621726,Train
845,CC(C)(C)c1cc(Nc2ccccc2C(=O)O)cc2c1OCC2(C)C,5.3979400086720375,Train
846,Cc1c(CC(=O)NCCO[N+](=O)[O-])cc(-c2ccc(S(C)(=O)=O)cc2)n1-c1ccc(F)cc1,6.619788758288394,Train
847,Cc1c(Cl)cc(-c2ccc(S(C)(=O)=O)cc2)n1-c1ccc(F)cc1,7.300509466670935,Train
848,Cc1ncc(-c2ccc(C(C(=O)Nc3cccc(C(C)CC(=O)O)c3C)C3CCCC3)cc2)cc1Cl,7.886056647693163,Train
849,NS(=O)(=O)c1ccc(-n2nc(C(=O)OCCOc3ccc4ccc(=O)oc4c3)cc2-c2ccccc2)cc1,6.107905397309519,Train
850,Cc1cccc(Nc2ccccc2C(=O)O)c1C,6.220403508742176,Train
851,COc1ccc(-c2cc(C(F)(F)F)nn2-c2ccc(S(C)(=O)=O)c(CO)c2)cc1,5.494850021680094,Train
852,CSc1ccc(-n2c(-c3ccc(S(C)(=O)=O)cc3)cc(CC(=O)OCCO)c2C)cc1,7.070581074285707,Train
853,Cc1cc(C(C(=O)Nc2cccc(CCC(=O)O)c2C)C2CCCC2)c(Cl)cc1-c1cncc(Cl)c1,5.730487055782083,Train
854,CCCCC(=C(c1ccccc1)c1ccccc1)c1ccc(S(C)(=O)=O)cc1,7.853871964321762,Train
855,Cc1cc(C)c2c(=O)n(CN3CCN(C4CCCCC4)CC3)sc2n1,3.5275737842014943,Train
856,Cc1ncn(-c2ccc(S(C)(=O)=O)cc2)c1-c1ccc(F)cc1,6.84163750790475,Train
857,COc1ccc2c(c1)c(CC(=O)N[C@H](C)CO)c(C)n2C(=O)c1ccc(Cl)cc1,6.769551078621726,Train
858,CSc1cccc(-c2nc(C(F)(F)F)cn2-c2ccc(S(C)(=O)=O)cc2)c1,6.457964005399849,Train
859,NS(=O)(=O)c1ccc(-n2nc(C(=O)N/N=C/c3c(Cl)c4ccccc4oc3=O)cc2-c2ccccc2F)cc1,6.327902142064282,Train
860,NS(=O)(=O)c1ccc(-c2ccc(F)c(F)c2-c2ccc3c(c2)OCO3)cc1,8.400007822415901,Train
861,Cc1c(CCC(=O)O)cccc1NC(=O)C(c1ccc(-c2cncc(C(F)F)c2)cc1)C1CCCC1,7.106793246940152,Train
862,CCONC1=NC(=O)/C(=C/c2cc(C(C)(C)C)c(O)c(C(C)(C)C)c2)O1,4.102372908709558,Train
863,CCCc1cc(OC(F)(F)F)cc2c1O[C@H](C(F)(F)F)C(C(=O)O)=C2,7.376750709602099,Train
864,NC(=O)N1N=C(c2ccccc2)CC1c1cn(-c2ccccc2)nc1-c1ccc(F)cc1,5.962573502059376,Train
865,O=C(O)C1=Cc2cc(Cl)ccc2OC1C(F)(F)F,6.494850021680094,Train
866,CS(=O)(=O)c1ccc(-c2nc(NCc3ccc(C(F)(F)F)cc3)cc(C(F)(F)F)n2)cc1,5.71669877129645,Train
867,COc1ccc2c(c1)c(CC(=O)N[C@@H](C)CO)c(C)n2C(=O)c1ccc(Cl)cc1,6.568636235841012,Train
868,COc1ccc(-n2c(-c3ccc(S(C)(=O)=O)cc3)cc(CC(=O)OCCCO[N+](=O)[O-])c2C)cc1,8.698970004336019,Train
869,Cc1cc(=O)c(Oc2ccc(Br)cc2Cl)c(-c2ccc(S(C)(=O)=O)cc2)o1,6.508617292933356,Train
870,CCCS(=O)(=O)Nc1ccncc1Oc1ccc(Cl)cc1,5.013676222949234,Train
871,CCCCSc1ccccc1OC(C)=O,4.468521082957745,Train
872,Cc1ccccc1/C=C/C1=NNC(S)CC1,7.3585258894959,Train
873,C#CCSc1nc2ccccc2c(=O)n1-c1ccccc1,6.568636235841012,Train
874,COc1ccc2c(c1)c(CC(=O)NC[C@@H](C)O)c(C)n2C(=O)c1ccc(Cl)cc1,6.481486060122112,Train
875,CC(C)[C@H](NC(=O)[C@H](C)NC(=O)CNC(=O)OCc1ccccc1)C(=O)O,5.522878745280337,Train
876,CCCC/C(=C(\c1ccccc1)c1ccc(N=[N+]=[N-])cc1)c1ccccc1,6.0,Train
877,Cc1ncc(-c2ccc(C(C(=O)Nc3cccc(CCC(=O)O)c3C)C3CCCC3)cc2Cl)cc1Cl,6.703334809738469,Train
878,NCCOc1nc(Cl)nc(Nc2ccc(N3CCOCC3=O)cc2)n1,4.045757490560675,Train
879,COc1ccc2c(c1)c(CC(=O)NCc1ccc(C(C)=O)cc1)c(C)n2C(=O)c1ccc(Cl)cc1,7.096910013008056,Train
880,CCCC#CCSc1ccccc1OC(C)=O,5.522878745280337,Train
881,COc1ccc(C2=C(c3ccc(S(N)(=O)=O)cc3)CC3(CC3)C2)cc1F,8.699513552156626,Train
882,CC(C)=CCc1c(-c2ccc(O)cc2O)oc2c3c(cc(O)c2c1=O)OC(C)(C)C=C3,4.0,Train
883,CCCCOc1nnc(CNc2ncnc3sc4c(c23)CCCC4)o1,5.320572103387882,Train
884,COc1c(Cl)cc(-c2nc(C(F)(F)F)cn2-c2ccc(S(C)(=O)=O)cc2)cc1Cl,6.851941753915143,Train
885,O=C(COc1cc(O)c2c(=O)cc(-c3ccccc3)oc2c1)OCc1cc(-c2ccc(Cl)c(Cl)c2)n(-c2ccccc2)n1,5.165579296318468,Train
886,Cc1ccc(-c2c(-c3ccc(S(N)(=O)=O)cc3)[nH]c3ccccc23)cc1,10.154964010919429,Train
887,COC(=O)CC1N(C(=O)Nc2cccc(C)n2)C(=O)c2ccccc2S1(=O)=O,3.54030602352203,Train
888,CC(C)=CCc1c(O)cc2oc3cc(O)c(O)c(CC=C(C)C)c3c(=O)c2c1O,5.698970004336019,Train
889,CC(C)(C)c1cc(-c2noc(NC#N)n2)cc(C(C)(C)C)c1O,7.1938200260161125,Train
890,CN(C)c1ccc(/C=C/C(=O)/C=C/c2ccc(N(C)C)cc2[N+](=O)[O-])c([N+](=O)[O-])c1,4.823908740944319,Train
891,CC1(O)OC(=O)C(c2ccccc2)=C1c1ccc(S(C)(=O)=O)cc1,6.795880017344075,Train
892,COc1ccc(-c2cc(C(F)(F)F)nn2-c2ccc(OC)cc2)cc1,6.122468674143265,Train
893,O=C(NS(=O)(=O)c1ccc(Br)cc1)c1ccncc1,5.107905397309519,Train
894,NS(=O)(=O)c1ccc(-n2nc(C(=O)N/N=C/c3c(Cl)c4ccccc4oc3=O)cc2-c2ccc([N+](=O)[O-])cc2)cc1,6.886056647693163,Train
895,CCCNc1nc(-c2ccc(S(C)(=O)=O)cc2)cc(C(F)(F)F)n1,8.301029995663981,Train
896,CSc1ccccc1OC(C)=O,3.6020599913279625,Train
897,NS(=O)(=O)c1ccc(N2N=C3c4ccccc4OCC3C2c2ccc(Br)cc2)cc1,5.162411561764489,Train
898,Cc1c(NC(=O)C(c2ccc(-c3cncc(C(F)F)c3)cc2)C2CCCC2)cccc1C(C)CC(=O)O,7.471083299722345,Train
899,COc1ccc(-c2cc(-c3cccc(-n4cnnn4)c3)no2)cc1OC,7.387216143280264,Train
900,COc1ccc(C2=C(c3ccc(S(N)(=O)=O)cc3)CCC2)cc1Cl,8.047866792018674,Train
901,CC1(C)CC[C@]2(C(=O)O)CC[C@]3(C)C(=CC[C@@H]4[C@@]5(C)CC[C@H](O)C(C)(C)[C@@H]5CC[C@]43C)[C@@H]2C1,3.5301779840218366,Train
902,COC(=O)CNC(=O)[C@@H](Cc1c[nH]c2ccccc12)NC(=O)C(=O)c1cn(S(=O)(=O)c2ccc(C)cc2)c2ccccc12,4.986741334716483,Train
903,COc1ccc2c(c1)c(CC(=O)Oc1ccc(NC(C)=O)cc1)c(C)n2C(=O)c1ccc(Cl)cc1,7.301029995663981,Train
904,CCc1ccc2c(-c3ccc(S(C)(=O)=O)cc3)c(-c3ccc(F)cc3)nn2n1,7.318758762624412,Train
905,Cc1ccc(-c2c(-c3ccc(S(C)(=O)=O)cc3)ccc(F)c2F)cc1C,7.639974910810602,Train
906,Cc1cc(OC(F)(F)F)cc2c1OC(C(F)(F)F)C(C(=O)O)=C2,7.795880017344075,Train
907,COc1c(C)cc(-c2cc(C(F)(F)F)nn2-c2ccc(S(N)(=O)=O)cc2)cc1Cl,7.180456064458131,Train
908,Brc1ccc(/C=N/Nc2nnc(-c3ccncc3)o2)cc1,6.958607314841775,Train
909,NS(=O)(=O)c1ccc(-n2nc(C(=O)Nc3cccc(Cl)c3)cc2-c2ccc(F)cc2)cc1,7.251811972993799,Train
910,CCOc1nnc(-c2cc(C(C)(C)C)c(O)c(C(C)(C)C)c2)s1,5.214670164989233,Train
911,Cc1[nH]c2cc(S(C)(=O)=O)ccc2c1Sc1ccc(F)cc1,6.678273661756906,Train
912,C#CCNC(=O)/C=C/c1c(/C=C/c2ccc(OC)cc2)cc(OC)cc1OC,5.041914151478915,Train
913,Cc1ccsc1CNc1cc(C(F)(F)F)nc(-c2ccc(S(C)(=O)=O)cc2)n1,6.277530614115969,Train
914,NC(=O)N1N=C(c2ccc(Cl)cc2)CC1c1cn(-c2ccccc2)nc1-c1ccc(F)cc1,5.962573502059376,Train
915,CN1C(C(=O)Nc2ccccn2)=C(O)c2ccccc2S1(=O)=O,3.9880068853407433,Train
916,CC1=CCC[C@H]2[C@](C)(Cc3cc(O)ccc3O)[C@@H](C)CC[C@]12C,5.638272163982407,Train
917,CS(=O)(=O)c1ccc(-c2ccc(F)c(F)c2-c2ccc(F)cc2)cc1,7.849857838151442,Train
918,CN(C)c1ccc(C2=C(c3ccc(S(N)(=O)=O)cc3)CCC2)cc1Cl,8.699513552156626,Train
919,CCC(C(=O)N1CCN(c2ccccc2)CC1)n1sc2nc(C)cc(C)c2c1=O,3.5319734251443338,Train
920,COc1ccc2c(c1)c(CC(=O)NC[C@@H](O)c1ccccc1)c(C)n2C(=O)c1ccc(Cl)cc1,7.327902142064282,Train
921,Cc1cc(=O)c(Oc2ccc(F)cc2)c(-c2ccc(S(C)(=O)=O)cc2)o1,6.0087872194435406,Train
922,CS(=O)(=O)c1ccc(-c2sc(C(F)(F)F)nc2-c2ccc(F)cc2)cc1,7.638272163982407,Train
923,Cc1ccc(-c2cc(C(F)(F)F)nn2-c2ccc(S(N)(=O)=O)c(CO)c2)cc1,6.119186407719209,Train
924,Cc1cc(=O)c(-c2ccccc2F)c(-c2ccc(S(C)(=O)=O)cc2)o1,5.815304311435105,Train
925,COc1ccc(C2=C(c3ccc(S(N)(=O)=O)cc3)CC3(CC3)C2)cc1Br,8.699513552156626,Train
926,NS(=O)(=O)c1ccc(-n2nc(C(=O)OCCOc3cc(=O)oc4ccccc34)cc2-c2cccc(Cl)c2)cc1,5.844663962534938,Train
927,NS(=O)(=O)c1ccc(-c2[nH]c3ccccc3c2-c2ccc(F)cc2)cc1,8.288108458303526,Train
928,Cc1cc(C)c2c(c1)C=C(C(=O)O)C(C(F)(F)F)O2,7.0,Train
929,CCCCCCC/C(=C(\c1ccccc1)c1ccc(OC(C)=O)cc1)c1ccc(S(C)(=O)=O)cc1,5.102372908709558,Train
930,COc1c(O)cc(O)c2c(=O)cc(-c3ccccc3)oc12,4.337242168318426,Train
931,NS(=O)(=O)c1ccc(-c2coc(=O)n2-c2ccc(Cl)cc2)cc1,5.920909250824263,Train
932,O=C(O)c1ccc(-n2cc(CSc3nc4ccccc4c(=O)n3-c3ccc(Br)cc3)nn2)cc1,6.050609993355087,Train
933,N#CCc1cc(-c2ccc(Cl)cc2)n(-c2ccc(S(N)(=O)=O)cc2)n1,6.920402953422224,Train
934,CCCCNC(=O)c1cc(C(C)(C)C)c2c(c1)C(C)(C)CO2,6.657577319177793,Train
935,Cc1[nH]c2cc(S(C)(=O)=O)ccc2c1Oc1ccc(F)cc1,6.610924374808178,Train
936,Cc1ccc(-c2cc(F)c(F)cc2-c2ccc(S(C)(=O)=O)cc2)cc1Cl,7.888070392334685,Train
937,COc1cc2c(CC(=O)NCCCO[N+](=O)[O-])c(C)n(C(=O)c3ccc(Cl)cc3)c2cc1Cl,5.236572006437063,Train
938,NS(=O)(=O)c1ccc(-n2nc(C(F)(F)F)cc2-c2ccc(Br)cc2)cc1,7.301029995663981,Train
939,CCOP(=O)(OCC)C(NC(=O)c1cc(-c2cccs2)n(-c2ccc(S(N)(=O)=O)cc2)n1)c1ccccc1,6.657577319177793,Train
940,COC(=O)[C@H](CC(C)C)NC(=O)[C@H](Cc1ccccc1)NC(=O)CNC(=O)CN,7.221848749616356,Train
941,Oc1ccc(/C=C/c2cc(O)cc(O)c2)cc1,4.477824211192983,Train
942,NS(=O)(=O)c1ccc(-n2nc(C(F)(F)F)cc2-c2ccc(Cl)cc2)cc1,8.0,Train
943,COC1(c2cc(F)cc(OCc3cc(-c4ccccc4)n(-c4ccc(F)cc4)n3)c2)CCOCC1,6.017728766960431,Train
944,Cc1ccc(-c2c(-c3ccc(S(C)(=O)=O)cc3)[nH]c3ccccc23)cc1C,9.769806696356897,Train
945,Cc1c(CCC(=O)O)cccc1NC(=O)C(c1ccc(-c2cncc(Cl)c2)cc1)C1CCCC1,7.2247537402597635,Train
946,CC1(OCC(F)(F)F)OC(=O)C(c2ccc(F)cc2)=C1c1ccc(S(C)(=O)=O)cc1,6.494850021680094,Train
947,Cc1cc(=O)c(-c2ccc3ccccc3c2)c(-c2ccc(S(C)(=O)=O)cc2)o1,5.586700235918748,Train
948,CS(=O)(=O)c1ccc(-n2cc(C(F)(F)F)nc2-c2cc(Br)cs2)cc1,7.587546764348944,Train
949,O=C1NC(=O)/C(=C/c2ccc(OCc3cn(-c4ccccc4)nn3)cc2)S1,6.42021640338319,Train
950,Cc1cc(-c2c(-c3ccc(S(C)(=O)=O)cc3)ccc(F)c2F)ccc1F,8.299988937677888,Train
951,CC(=O)Oc1ccccc1SCCc1ccccc1,4.0,Train
952,NS(=O)(=O)c1ccc(-c2ccc(F)c(F)c2-c2ccc3c(c2)OCCO3)cc1,7.489991487059765,Train
953,C/C(=N\NC(N)=S)c1nnn(-c2ccc(C(=O)O)cc2)c1C,7.301029995663981,Train
954,CS(=O)(=O)c1ccc(C2=C(Oc3cc(F)cc(F)c3)C(=O)CC2)cc1,6.86407919673175,Train
955,CC(C)CN(C)c1cc2c(cc1Cl)C=C(C(=O)O)C(C(F)(F)F)O2,7.154901959985743,Train
956,CN(C)c1ccc(/C=C2\CNC/C(=C\c3ccc(N(C)C)cc3[N+](=O)[O-])C2=O)c([N+](=O)[O-])c1,5.103473782510445,Train
957,COc1ccc(/C=C/c2cc(OC)cc(OC)c2/C=C/C(=O)N2CCCCC2C)cc1,5.174573882232177,Train
958,Clc1ccc(Nc2nc(Cl)nc(OCc3cn(Cc4ccccc4)nn3)n2)cc1,5.154901959985743,Train
959,CC(C(=O)[O-])c1ccc(CC2CCCC2=O)c(-c2ccc(OC(F)(F)F)cc2)c1,4.142667503568732,Train
960,CS(=O)(=O)c1ccc(C2=C(c3ccc(Cl)cc3Cl)CCC2)cc1,7.277865152015803,Train
961,Cc1ncccc1-c1nc(C(F)(F)F)cn1-c1ccc(S(C)(=O)=O)cc1,5.018864289349345,Train
962,Cc1cncc(-c2ccc(C(C(=O)Nc3cccc(CC(C)C(=O)O)c3C)C3CCCC3)cc2)c1,6.764471553092451,Train
963,O=C(c1cccs1)c1sc(N2CCOCC2)nc1-c1ccc(F)cc1,7.045757490560675,Train
964,Cc1c(Cl)cc2c(c1C)OC(C(F)(F)F)C(C(=O)O)=C2,6.920818753952375,Train
965,CC[C@H](CO)NC(=O)Cc1c(C)n(C(=O)c2ccc(Cl)cc2)c2ccc(OC)cc12,7.0,Train
966,NS(=O)(=O)c1ccc(C2=C(c3ccc(Cl)cc3)CC3(CC3)C2)cc1,9.0,Train
967,O=C1COCCN1c1ccc(Nc2nc(Cl)nc(NCc3ccccc3)n2)cc1,4.221848749616356,Train
968,Clc1ccc(-c2nn(-c3ccccc3)c3c2CCCC3)cc1,6.207608310501746,Train
969,Cc1nnc(/N=C2\NC(=O)CS2)s1,6.721246399047171,Train
970,O=c1c2ccccc2nc(SCc2cn(-c3ccc(Br)cc3)nn2)n1-c1ccc(Cl)cc1,6.619788758288394,Train
971,CCOC(=O)[C@H](OCc1cnnn1[C@@H](Cc1c[nH]c2ccccc12)C(=O)OC)[C@@H](OCc1cnnn1[C@@H](Cc1c[nH]c2ccccc12)C(=O)OC)C(=O)OCC,6.301029995663981,Train
972,COc1ccc(-c2cc(F)c(F)cc2-c2ccc(S(N)(=O)=O)cc2)cc1Cl,7.888070392334685,Train
973,Cc1cc(C)c2c(OC(C)C(=O)O)nsc2n1,3.572792542086939,Train
974,CS(=O)(=O)c1ccc(-c2[nH]c3ccc(Cl)cc3c2-c2ccccc2Cl)cc1,8.0,Train
975,CS(=O)(=O)c1ccc(-c2[nH]c3ccccc3c2-c2ccc(F)cc2)cc1,10.69897000433602,Train
976,Cc1ccc(-c2nc(C(F)(F)F)cn2-c2ccc(S(C)(=O)=O)cc2)cc1Cl,7.521435901161594,Train
977,C[C@H]1O[C@H](O[C@@H]2[C@@H](O)[C@H](OCCc3ccc(O)c(O)c3)O[C@H](CO[C@H]3OCC(O)(CO)[C@@H]3O)[C@H]2OC(=O)/C=C/c2ccc(O)c(O)c2)[C@@H](O)[C@@H](O)[C@@H]1O,3.309803919971486,Train
978,Cc1ncc(-c2ccc([C@@H](C(=O)Nc3cccc(CCC(=O)O)c3C)C3CCCC3)cc2)cc1Cl,5.647817481888637,Train
979,Cc1c(Cl)cc2c(c1C)O[C@H](C(F)(F)F)C(C(=O)O)=C2,7.522878745280337,Train
980,COc1cc(-c2cc(-c3cccc(-n4cnnn4)c3)no2)cc(OC)c1OC,7.387216143280264,Train
981,CCOC(=O)[C@H](OCc1cnnn1[C@H](Cc1ccc(O)cc1)C(=O)OC)[C@@H](OCc1cnnn1[C@@H](Cc1ccc(O)cc1)C(=O)OC)C(=O)OCC,6.154901959985743,Train
982,NS(=O)(=O)c1ccc(-n2nc(CO)cc2-c2ccc(Cl)cc2)cc1,6.080921907623926,Train
983,CS(=O)(=O)c1ccc(C2=C(c3cc(Cl)cc(Cl)c3)C(=O)CC2)cc1,7.203356966489771,Train
984,CC(C(=O)O)c1ccc(-c2cccc(OC(=O)NCCC3CCCCC3)c2)c(F)c1,4.966576244513051,Train
985,C/C(=N\NC(N)=S)c1nnn(-c2ccc(S(=O)(=O)Nc3nccs3)cc2)c1C,7.301029995663981,Train
986,NS(=O)(=O)c1ccc(-c2coc(=O)n2-c2ccccc2)cc1,5.619894643379946,Train
987,CN(C)c1ccc(-c2cc(C(F)(F)F)nn2-c2ccc(S(N)(=O)=O)cc2)cc1F,8.244125144327509,Train
988,COc1ccc(-c2cc(C(F)(F)F)nn2-c2ccc(S(N)(=O)=O)c(CNC(C)=O)c2)cc1,5.552841968657781,Train
989,CC(=O)OCc1cc(-c2ccc(S(C)(=O)=O)cc2)n(-c2ccc(F)cc2)c1C,6.328948815373956,Train
990,CONC(=O)c1ccccc1Nc1c(Cl)ccc(C)c1Cl,4.259637310505756,Train
991,CCCCCCNC(=O)Oc1cccc(-c2ccc([C@H](C)C(=O)O)cc2F)c1,7.301029995663981,Train
992,COc1ccc(-c2cc(C(=O)N3CCSCC3)nn2-c2ccc(S(N)(=O)=O)cc2)cc1,5.917214629683549,Train
993,Cc1ccc(-c2nc(C(F)(F)F)cn2-c2ccc(S(C)(=O)=O)cc2)nc1,5.888028248280025,Train
994,COC1(c2cc(F)cc(OCc3cc(-c4ccccc4)n(-c4ccc(S(C)(=O)=O)cc4)n3)c2)CCOCC1,7.346787486224656,Train
995,C#CCOc1ccc(/C=C2\SC(=S)NC2=O)cc1,6.920818753952375,Train
996,CS(=O)(=O)c1ccc(C2=CC3(C=C2c2ccc(F)cc2)CC3)cc1,8.087546764348943,Train
997,COc1ccc(/C=C/c2cc(OC)cc(OC)c2/C=C/C(=O)N(CC(C)C)CC(C)C)cc1,5.164943898279883,Train
998,CS(=O)(=O)c1ccc(-c2cc(Cl)c(Cl)cc2-c2ccc(F)cc2)cc1,6.619897359061326,Train
999,CCCc1cc2c(cc1Cl)C=C(C(=O)O)[C@H](C(F)(F)F)O2,8.301029995663981,Train
1000,CC#CCSc1ccccc1OC(C)=O,4.698970004336019,Train
1001,NS(=O)(=O)c1ccc(N2N=C(C(F)(F)F)CC2c2ccc3c(c2)OCO3)cc1,7.823908740944319,Train
1002,CC(C)(C)c1cc(-c2nnc(N=C(N)N)s2)cc(C(C)(C)C)c1O,4.769551078621726,Train
1003,CCO/C=N/c1nnc(-c2ccccc2)o1,6.958607314841775,Train
1004,CS(=O)(=O)c1ccc(-c2cnn(-c3ccccc3)c(=O)c2-c2ccccc2)cc1,6.212406077536169,Train
1005,CCC#CCC(C)OC(=O)Cc1c(C)n(C(=O)c2ccc(Cl)cc2)c2ccc(OC)cc12,6.920818753952375,Train
1006,CC1(O)OC(=O)C(c2cc(F)cc(F)c2)=C1c1ccc(S(C)(=O)=O)cc1,6.259637310505756,Train
1007,CS(=O)(=O)c1ccc(-c2occ(Cl)c(=O)c2-c2ccccc2)cc1,2.966199998880782,Train
1008,Cc1ccc(C2CC(c3ccc(Cl)c(Cl)c3)=NN2C2=NC(=O)CS2)cc1,5.327902142064282,Train
1009,Cc1cccc(Nc2cnccc2NS(C)(=O)=O)c1,5.055024091587953,Train
1010,COc1ccc(-n2nc(-c3ccc(Cl)cc3)c3c2CCCCC3)cc1,5.806875401645538,Train
1011,CS(=O)(=O)c1ccc(-c2coc(=O)n2-c2ccc(F)cc2)cc1,6.292217038739567,Train
1012,Cc1ccc(-c2c(-c3ccc(S(N)(=O)=O)cc3)ccc(F)c2F)cc1,8.400007822415901,Train
1013,O=C(Nc1ccccc1)Nc1nnc(-c2ccccc2)o1,7.200659450546418,Train
1014,NS(=O)(=O)c1ccc(C2=C(c3ccc(C(F)(F)F)cc3)CCC2)cc1,6.821948810943301,Train
1015,CCN(CC)c1ccc(-c2c(Cl)ncn2-c2ccc(S(C)(=O)=O)cc2)cc1,7.096910013008056,Train
1016,CN(C)c1ccc(-c2c(Cl)ncn2-c2ccc(S(C)(=O)=O)cc2)cc1Cl,7.568636235841012,Train
1017,CC1Cc2cc(-c3c(Cl)ncn3-c3ccc(S(C)(=O)=O)cc3)ccc2O1,7.130768280269024,Train
1018,COc1c(C(F)(F)F)nn(-c2ccc(S(N)(=O)=O)cc2)c1-c1ccccc1,7.096910013008056,Train
1019,NS(=O)(=O)c1ccc(-n2nc(C(F)(F)F)cc2-c2ccc(CO)cc2)cc1,4.0301183562535,Train
1020,Cc1c(CCC(=O)O)cccc1NC(=O)C(c1ccc(-c2cncc(OC(F)F)c2)cc1)C1CCC1,6.987162775294828,Train
1021,CN(C)c1ccc(/C=C/C(=O)c2cccc(-n3cnnn3)c2)cc1,7.0,Train
1022,O=c1c2ccccc2nc(SCc2cc(-c3ccc(Cl)cc3)no2)n1-c1ccc(Br)cc1,6.251811972993799,Train
1023,COC(=O)[C@H](Cc1ccccc1)Nc1nc(Cl)nc(Nc2ccc(N3CCOCC3=O)cc2)n1,5.096910013008056,Train
1024,Cc1cc(-c2c(-c3ccc(S(N)(=O)=O)cc3)ccc(F)c2F)ccc1F,8.700057099977233,Train
1025,Cc1ccc(-c2ccc(S(C)(=O)=O)cc2)n1-c1ccc(C(F)(F)F)cc1,7.098462725229332,Train
1026,Cc1c(CCC(=O)O)cccc1NC(=O)C(c1ccc(-c2cncc(OC(C)C)c2)c(F)c1)C1CCC1,7.405607449624574,Train
1027,CS(=O)(=O)c1ccc(-c2ccsc2-c2ccccc2)cc1,5.3979400086720375,Train
1028,Cc1ccccc1-c1c(Cl)ccc2c1C=C(C(=O)O)C(C(F)(F)F)O2,5.703334809738469,Train
1029,CC(=O)Oc1cc2oc(-c3ccccc3)cc2cc1-c1c[se]nn1,7.301029995663981,Train
1030,NS(=O)(=O)c1ccc(-n2nc(C(F)F)cc2-c2ccc3c(c2)OCO3)cc1,7.619788758288394,Train
1031,CC(C(=O)[O-])c1ccc(CC2CCCC2=O)cc1-c1ccccc1,4.154901959985743,Train
1032,COc1cc(-c2cc(C(=O)CCCOc3ccc4ccc(=O)oc4c3)nn2-c2ccccc2)cc(OC)c1OC,6.638272163982407,Train
1033,Cc1cc(=O)c(Oc2ccc(OC(F)(F)F)cc2)c(-c2ccc(S(C)(=O)=O)cc2)o1,5.726319041392117,Train
1034,NS(=O)(=O)c1ccc(N2N=C3c4ccccc4CCC3C2c2ccc(Cl)cc2Cl)cc1,4.491335636947057,Train
1035,CCCCCCCCNC(=O)Cc1c(C)n(C(=O)c2ccc(Cl)cc2)c2ccc(OC)cc12,7.397940008672037,Train
1036,Cc1cc(=O)c(-c2ccc(Cl)c(Cl)c2)c(-c2ccc(S(C)(=O)=O)cc2)o1,6.167245339087412,Train
1037,CCOC(=O)[C@H](O)[C@@H](OCc1cnnn1[C@@H](Cc1ccc(O)cc1)C(=O)OC)C(=O)OCC,4.455931955649724,Train
1038,O=c1c2ccccc2nc(SCc2cn(-c3ccc(Cl)cc3)nn2)n1-c1ccccc1,6.721246399047171,Train
1039,Cc1c(CCC(=O)O)cccc1NC(=O)C(c1ccc(-c2ccc(C(F)(F)F)nc2)cc1)C1CCCC1,5.98952947006884,Train
1040,Cc1cc[s+](-c2c(C3CCC(S(C)(=O)=O)CC3)occ(Cl)c2=O)c1,3.1330999994458946,Train
1041,COc1ccc(C2=C(c3ccc(S(N)(=O)=O)cc3)CCC2)cc1F,7.797925375395152,Train
1042,CS(=O)(=O)c1ccc(-n2cnc(Cl)c2-c2ccc(F)cc2)cc1,7.853871964321762,Train
1043,Clc1ccc(-c2nnc(-c3cn(-c4ccccc4)nc3-c3ccccc3)o2)cc1,4.42021640338319,Train
1044,CC(C)(C)c1cc(-c2nnc(S)s2)cc(C(C)(C)C)c1O,5.259637310505756,Train
1045,C=CCN(CC=C)C(=O)/C=C/c1c(/C=C/c2ccc(OC)cc2)cc(OC)cc1OC,5.096367483915762,Train
1046,CC(C)(C)c1cc(/C=C2\SC(NO)=NC2=O)cc(C(C)(C)C)c1O,5.823908740944319,Train
1047,CC1(C)OC(=O)C(Oc2cccnc2)=C1c1ccc(S(C)(=O)=O)cc1,6.585026652029182,Train
1048,Cc1c(NC(=O)C(c2ccc(-c3cncc(Cl)c3)cc2)C2CCCC2)cccc1C(CC(=O)O)C1CC1,7.26440110030182,Train
1049,CC(=O)Nc1cc(C(C)(C)C)c2c(c1)C(C)(C)CO2,5.455931955649724,Train
1050,CN(Cc1ccccc1)c1cc(C(F)(F)F)nc(-c2ccc(S(C)(=O)=O)cc2)n1,6.342466112442014,Train
1051,CC(=O)c1cc(-c2ccc(S(C)(=O)=O)cc2)n(-c2ccc(F)cc2)c1C,5.791587075019648,Train
1052,Cc1cc(=O)c(Oc2ccc(N)cc2)c(-c2ccc(S(C)(=O)=O)cc2)o1,5.829719211698555,Train
1053,NS(=O)(=O)c1ccc(-n2nc(CO)c(Cl)c2-c2ccc(Cl)cc2)cc1,6.468521082957745,Train
1054,Cc1ccccc1C1C2CCc3ccccc3C2=NN1c1ccc(S(N)(=O)=O)cc1,5.484126156288321,Train
1055,Cc1c(CCC(=O)O)cccc1NC(=O)C(c1ccc(-c2cncc(F)c2)cc1)C1CCC1,6.320572103387882,Train
1056,CC/C(=C(\c1ccccc1)c1ccc(NS(C)(=O)=O)cc1)c1ccccc1,5.7447274948966935,Train
1057,CC(C)=CCC1C(=O)C(C(=O)CC(C)C)=C(O)C(O)(CC=C(C)C)C1=O,5.795880017344075,Train
1058,COc1ccc2c(c1)c(CC(=O)NC[C@H](C)O)c(C)n2C(=O)c1ccc(Cl)cc1,6.494850021680094,Train
1059,COc1ccc(-n2nc(CCC(=O)N(C)O)cc2-c2ccc(Cl)cc2)cc1,5.54515513999149,Train
1060,CC(C)(C)c1cc2c(cc1Cl)C=C(C(=O)O)C(C(F)(F)F)O2,8.301029995663981,Train
1061,CC(C(=O)O)c1ccc(-c2ccccc2)c(F)c1,6.209799843078455,Train
1062,NS(=O)(=O)c1ccc(-n2nc(C(=O)O)c(Cl)c2-c2ccc(Cl)cc2)cc1,4.154901959985743,Train
1063,COc1ccc(-c2cscc2-c2ccc(S(C)(=O)=O)cc2)cc1,5.301029995663981,Train
1064,CN(C)c1ccc(C2=C(c3ccc(S(C)(=O)=O)cc3)CCC2)cc1Cl,8.300509466670935,Train
1065,CS(=O)(=O)c1ccc(-c2[nH]c(S(C)(=O)=O)cc2-c2ccc(F)cc2)cc1,4.034798298974088,Train
1066,Cc1cc(C(C(=O)Nc2cccc(CCC(=O)O)c2C)C2CCCC2)c(Cl)cc1-c1cncc(C(F)(F)F)c1,5.906578314837764,Train
1067,CS(=O)(=O)Nc1cc2c(cc1OC1CCCCC1)C(=O)CC2,7.301029995663981,Train
1068,NS(=O)(=O)c1ccc(C2=C(c3ccc(F)c(F)c3)CCC2)cc1,7.742328053455809,Train
1069,CC(C)Nc1cc(NCc2cccs2)nc(-c2ccc(S(C)(=O)=O)cc2)n1,7.987162775294828,Train
1070,CCC(CC(=O)O)c1cccc(NC(=O)C(c2ccc(-c3cncc(CC(C)C)c3)c(F)c2)C2CCCC2)c1C,8.16621562534352,Train
1071,C[C@H](C(=O)O)c1cccc(C(=O)c2ccccc2)c1,6.638272163982407,Train
1072,CCOc1ccc(-c2cc(C(F)(F)F)nn2-c2ccc(S(N)(=O)=O)c(CO)c2)cc1,6.045275209020938,Train
1073,Cc1ccc(S(=O)(=O)n2cc(C(=O)C(=O)N[C@H](Cc3c[nH]c4ccccc34)C(=O)NCC(=O)O)c3ccccc32)cc1,6.0,Train
1074,COc1ccc(C2CC(c3cccc(-n4cnnn4)c3)=NN2C(C)=O)cc1OC,7.4089353929735005,Train
1075,Cc1c(C(N)C(=O)OCCCCO[N+](=O)[O-])cc(-c2ccc(S(C)(=O)=O)cc2)n1-c1ccc(F)cc1,6.0,Train
1076,Cc1ccc(-c2ccc(S(C)(=O)=O)cc2)n1C1CCC(F)CC1,6.279997898282849,Train
1077,CC(C(=O)[O-])c1ccc(CC2CCCC2=O)cc1[N+](=O)[O-],4.309803919971486,Train
1078,NS(=O)(=O)c1ccc(-n2nc(C(=O)N3CCSCC3)cc2-c2ccc(Br)cc2)cc1,5.892790030352131,Train
1079,COc1ccc(/C=C/c2cc(OC)cc(OC)c2/C=C/C(=O)N2CCC(C)CC2)cc1,4.988006885340743,Train
1080,COc1ccc(-c2cc(CSc3nc4ccccc4c(=O)n3-c3ccc(Br)cc3)on2)cc1,6.251811972993799,Train
1081,Cc1ccc(Cl)c(Nc2ccccc2C(=O)NCCCCl)c1Cl,5.619788758288394,Train
1082,Cc1cccc(NC(=O)N2C(=O)c3ccccc3S(=O)(=O)C2C)n1,3.305482546188844,Train
1083,CC(C)(C)c1cc(-c2cn3ccsc3n2)cc2c1OCC2(C)C,7.823908740944319,Train
1084,CCOc1ccc(-c2c(Cl)ncn2-c2ccc(S(C)(=O)=O)cc2)cc1Cl,8.154901959985743,Train
1085,CC(=O)c1nnn(-c2ccc(S(N)(=O)=O)cc2)c1C,6.958607314841775,Train
1086,COC(=O)Cc1c(C)n(C(=O)c2ccc(Cl)cc2)c2ccc(OC)cc12,6.6020599913279625,Train
1087,Cc1ccc(-c2cc(F)c(F)cc2-c2ccc(S(C)(=O)=O)cc2)cn1,6.769551078621726,Train
1088,O=C(/C=C/c1cccnc1)c1cccc(-n2cnnn2)c1,7.0,Train
1089,CS(=O)(=O)c1ccc(/C=C(\c2ccccc2)c2ccc(Cl)cc2)cc1,6.943095148663527,Train
1090,COc1ccc2c(c1)c(CC(=O)N[C@H](C)c1ccc(C)cc1)c(C)n2C(=O)c1ccc(Cl)cc1,7.221848749616356,Train
1091,CSc1nnc(-c2nc(C(C)(C)C)c(O)c(C(C)(C)C)n2)s1,5.853871964321762,Train
1092,O=C1NC(=O)/C(=C/c2ccc(OCc3cn(-c4ccc(C(=O)O)cc4)nn3)cc2)S1,6.346787486224656,Train
1093,O=C(CNc1ncnc2sc3c(c12)CCCC3)NN=Cc1ccc([N+](=O)[O-])cc1,6.275724130399211,Train
1094,NS(=O)(=O)c1ccc(N2N=C3c4ccccc4CCC3C2c2ccc(C(F)(F)F)cc2)cc1,4.73849922680172,Train
1095,COc1ccc(-c2nc(C(F)(F)F)cn2-c2ccc(S(C)(=O)=O)cc2)cc1F,6.821948810943301,Train
1096,CS(=O)(=O)Nc1cc2c(cc1Sc1ccc(F)cc1)C(=O)CC2,6.0,Train
1097,CCOP(=O)(OCC)C(NC(=O)c1cc(-c2ccc(F)cc2)n(-c2ccc(S(N)(=O)=O)cc2)n1)c1ccc(Br)cc1,6.552841968657781,Train
1098,CC1N(C(=O)Nc2ccccn2)C(=O)c2ccccc2S1(=O)=O,4.114638779968488,Train
1099,O=C(O)c1ccccc1Nc1nc(Cl)nc(Nc2ccc(N3CCOCC3=O)cc2)n1,6.0,Train
1100,CCCCC#CCSc1ccccc1OC(=O)CBr,4.585026652029182,Train
1101,C[C@@H]1C[C@H]2O[C@@H]2/C=C\C=C\C(=O)Cc2c(Cl)c(O)cc(O)c2C(=O)O1,7.568636235841012,Train
1102,NS(=O)(=O)c1ccc(N2N=C3c4ccccc4CCC3C2c2ccccc2F)cc1,4.924818145381308,Train
1103,CC(C)(C)c1cc(/C=C2\CCOC2=O)cc2c1OCC2(C)C,8.455931955649724,Train
1104,CCOc1ccc(-c2c(Cl)ncn2-c2ccc(S(N)(=O)=O)cc2)cc1Cl,8.154901959985743,Train
1105,COc1cc(/C=C/C(=O)c2cccc(-n3cnnn3)c2)cc(OC)c1OC,7.0,Train
1106,CCC(CC(=O)O)c1cccc(NC(=O)C(c2ccc(-c3cncc(Cl)c3)cc2)C2CCCC2)c1C,7.104091540075629,Train
1107,NS(=O)(=O)c1ccc(-n2cc(C(F)(F)F)nc2-c2ccccc2)cc1,7.398973915543969,Train
1108,Cc1cc(OC(F)(F)F)cc2c1O[C@@H](C(F)(F)F)C(C(=O)O)=C2,4.0,Train
1109,c1ccc(-c2nn(-c3ccccc3)cc2-c2nnc(-c3ccncc3)o2)cc1,4.954677021213342,Train
1110,CC(C(=O)[O-])c1ccc(CC2CCCC2=O)cc1Cl,5.698970004336019,Train
1111,Cc1ccc(-n2nc(COC(=O)COc3cc(O)c4c(=O)cc(-c5ccccc5)oc4c3)cc2-c2ccc(Cl)c(Cl)c2)cc1,5.29929628285498,Train
1112,C/C(=N\Nc1nc(-c2ccc(Cl)cc2)cs1)c1nnn(-c2ccc(S(N)(=O)=O)cc2)c1C,7.397940008672037,Train
1113,NS(=O)(=O)c1ccc(-n2nc(C(=O)N/N=C/c3c(Cl)c4ccccc4oc3=O)cc2-c2ccc(Cl)c(Cl)c2)cc1,6.522878745280337,Train
1114,O=C(CNc1ncnc2sc3c(c12)CCCC3)NN=Cc1ccc(Cl)cc1,6.180456064458131,Train
1115,CCOc1ccc(-c2nn3nc(S(C)(=O)=O)ccc3c2-c2ccc(S(N)(=O)=O)cc2)cc1,6.578396073130168,Train
1116,Cc1c(NC(=O)C(c2ccc(-c3cncc(Cl)c3)c(F)c2)C2CCC2)cccc1C(C)CC(=O)O,7.283162276700476,Train
1117,COc1ccc(-c2cc(C(=O)N/N=C/c3c(Cl)c4ccccc4oc3=O)nn2-c2ccc(S(N)(=O)=O)cc2)cc1OC,4.982549270489464,Train
1118,Cc1ccc(Cl)c(Nc2ccccc2C(=O)O)c1Cl,7.678273661756906,Train
1119,NS(=O)(=O)c1ccc(-n2nc(C(F)(F)F)cc2-c2ccc3c(c2)CCCS3)cc1,6.639133015876654,Train
1120,Bc1ccc(C(NC(=O)c2cc(-c3ccccc3Cl)n(-c3ccc(S(N)(=O)=O)cc3)n2)P(=O)(OCC)OCC)cc1,6.552841968657781,Train
1121,Clc1ccc(-c2nn(-c3ccccc3)cc2-c2nnc(-c3ccncc3)o2)cc1,5.356547323513812,Train
1122,CS(=O)(=O)c1ccc(-c2cscc2-c2ccccc2)cc1,5.3979400086720375,Train
1123,CS(=O)(=O)c1ccc(-c2nc(Cl)cc(NCc3cccs3)n2)cc1,8.408507516498208,Train
1124,Cc1ccc(-c2nn(-c3ccccc3)cc2-c2nnc(-c3ccncc3)o2)cc1,4.275724130399211,Train
1125,CC(C(=O)O)c1ccc(C[C@H]2CCC[C@H]2O)cc1,4.913640169325252,Train
1126,Cc1c(NCC(=O)O)cccc1NC(=O)C(c1ccc(-c2cncc(C(F)(F)F)c2)cc1)C1CCCC1,6.496209316942819,Train
1127,Cc1ccc(S(=O)(=O)n2cc(C(=O)C(=O)N[C@H](Cc3cnc[nH]3)C(=O)N[C@H](CCC(=O)O)C(=O)O)c3ccccc32)cc1,4.671416550285798,Train
1128,COc1cc(/C=N/c2ccc(S(N)(=O)=O)cc2)cc(OC)c1OC,5.53313237964589,Train
1129,Cc1cncc(-c2nc(C(F)(F)F)cn2-c2ccc(S(N)(=O)=O)cc2)c1,6.291215497938437,Train
1130,NS(=O)(=O)c1ccc(-n2cc(C(F)(F)F)nc2-c2cccc(Br)c2)cc1,8.152465023828446,Train
1131,CS(=O)(=O)c1ccc(-c2cc(C(F)(F)F)nc(Nc3ccc(F)cc3)n2)cc1,8.142667503568731,Train
1132,Cc1c(NC(=O)C(c2ccc(-c3cncc(C(F)(F)F)c3)c(F)c2)C2CCC2)cccc1C(C)CC(=O)O,7.456877048787022,Train
1133,COc1ccc(-c2nnc(/N=C3\NC(=O)CS3)s2)cc1,6.721246399047171,Train
1134,Cc1ccc(-c2nc(C(F)(F)F)cn2-c2ccc(S(C)(=O)=O)cc2)cc1,6.795880017344075,Train
1135,Cc1ccc(S(=O)(=O)NC(=O)c2cncc(C(=O)NS(=O)(=O)c3ccc(C)cc3)c2)cc1,5.070581074285707,Train
1136,CN(C(=O)c1cc(C(C)(C)C)c2c(c1)C(C)(C)CO2)C1CC1,6.0,Train
1137,NS(=O)(=O)c1ccc(-n2nc(C(=O)OCCN3CCOCC3)cc2-c2ccc(F)cc2)cc1,6.6777807052660805,Train
1138,CCOP(=O)(OCC)C(NC(=O)c1cc(-c2cccc3ccccc23)n(-c2ccc(F)cc2)n1)c1ccc(Cl)cc1,6.657577319177793,Train
1139,CCOP(=O)(OCC)C(NC(=O)c1cc(-c2ccc(C)cc2)n(-c2ccc(S(N)(=O)=O)cc2)n1)c1ccc(Br)cc1,6.552841968657781,Train
1140,Cc1cccc(-c2nc(C(F)(F)F)cn2-c2ccc(S(N)(=O)=O)cc2)c1,7.521435901161594,Train
1141,Cc1nc(-c2nc(C(F)(F)F)cn2-c2ccc(S(C)(=O)=O)cc2)co1,5.381951903287908,Train
1142,CC(C)(C)c1cc(-c2nnc(N)s2)cc(C(C)(C)C)c1O,5.455931955649724,Train
1143,O=C1COCCN1c1ccc(Nc2nc(Cl)nc(N3CCOCC3)n2)cc1,4.0,Train
1144,COc1cc(OC(F)(F)F)cc2c1OC(C(F)(F)F)C(C(=O)O)=C2,6.167491087293763,Train
1145,Cc1ccccc1-c1cc(C(F)(F)F)nn1-c1ccc(S(N)(=O)=O)cc1,7.161150909262744,Train
1146,COc1ccc(/C=C2\S/C(=N/c3nnc(C)s3)NC2=O)cc1,7.0,Train
1147,CS(=O)(=O)c1ccc(C2=C(c3cc(Cl)ccn3)C(=O)CC2)cc1,6.502621527706186,Train
1148,CC(=O)Oc1ccccc1SCCCCCBr,5.022276394711152,Train
1149,CSc1ccc(-c2cscc2-c2ccc(S(C)(=O)=O)cc2)cc1,5.221848749616356,Train
1150,COc1ccc(C2C3COc4ccccc4C3=NN2c2ccc(S(N)(=O)=O)cc2)cc1,5.991399828238082,Train
1151,Cc1ncc(-c2ccc(C(C(=O)Nc3cccc(CCC(=O)O)c3C)C3CCCC3)cc2F)cc1CC(C)C,7.698970004336019,Train
1152,CS(=O)(=O)c1ccc(C2=C(c3ccc(F)cc3)CC(C(F)(F)F)(C(F)(F)F)C2)cc1,7.171957130681528,Train
1153,CC1(O)OC(=O)C(c2cccc(F)c2)=C1c1ccc(S(C)(=O)=O)cc1,6.6020599913279625,Train
1154,CC(C)CN(C)c1cc2c(cc1Cl)C=C(C(=O)O)[C@@H](C(F)(F)F)O2,6.060480747381382,Train
1155,CS(=O)(=O)c1ccc(-c2cnn(Cc3ccccc3)c(=O)c2Oc2ccc(Cl)cn2)cc1,6.315392071294928,Train
1156,CCOC(OCC)c1ccc(/C=C2\COC/C(=C\c3ccc(C(OCC)OCC)cc3)C2=O)cc1,4.9503943874050265,Train
1157,NS(=O)(=O)c1ccc(-c2[nH]c3ccccc3c2-c2ccccc2)cc1,10.045878161439552,Train
1158,CS(=O)(=O)c1ccc(-c2occ(Cl)c(=O)c2-c2cccc(Cl)c2)cc1,2.8487000010785124,Train
1159,O=C1COCCN1c1ccc(Nc2nc(Nc3ccc(Cl)cc3)nc(N3CCOCC3)n2)cc1,5.221848749616356,Train
1160,NS(=O)(=O)c1ccc(-n2nc(C(=O)OCCOc3ccc4ccc(=O)oc4c3)cc2-c2ccc(Cl)cc2)cc1,6.040958607678906,Train
1161,CS(=O)(=O)c1ccc(C2=C(c3ccccc3)C(=O)OC2)cc1,7.0852837831912,Train
1162,CS(=O)(=O)c1ccc(C2=C(c3ccc(F)cc3)CC3(CCC3)C2)cc1,8.39897391554397,Train
1163,NS(=O)(=O)c1ccc(C2=C(c3ccc(F)cc3)CCC2)cc1,8.152465023828446,Train
1164,Cc1ccc(Nc2nc(Cl)nc(Nc3ccc(N4CCOCC4=O)cc3)n2)cc1,4.154901959985743,Train
1165,C#CCSc1nc2ccccc2c(=O)n1-c1ccc(Br)cc1,6.7447274948966935,Train
1166,CCOc1ccc(-c2nn3nc(SC)ccc3c2-c2ccc(S(N)(=O)=O)cc2)cc1,7.886056647693163,Train
1167,COc1ccc(-c2c(Cl)ncn2-c2ccc(S(C)(=O)=O)cc2)cc1Cl,8.096910013008056,Train
1168,CCC1(CC)CC(c2ccc(F)cc2)=C(c2ccc(S(C)(=O)=O)cc2)C1,4.187086643357144,Train
1169,COc1ccc2c(-c3ccc(S(C)(=O)=O)cc3)c(-c3ccc(F)cc3)nn2n1,7.292429823902063,Train
1170,Cc1ccc(-c2cc(F)c(F)cc2-c2ccc(S(C)(=O)=O)cc2)cc1,8.152465023828446,Train
1171,CCOP(=O)(OCC)C(NC(=O)c1cc(-c2ccc(F)cc2)n(-c2ccc(S(N)(=O)=O)cc2)n1)c1ccccc1,6.552841968657781,Train
1172,Cc1ccccc1Cn1ncc(-c2ccc(S(C)(=O)=O)cc2)c(-c2ccccc2)c1=O,6.455931955649724,Train
1173,O=C1CS/C(=N/c2nnc(-c3ccccc3)s2)N1,6.721246399047171,Train
1174,Cc1ccc(-c2c(-c3ccc(S(C)(=O)=O)cc3)[nH]c3ccccc23)cc1,10.045878161439552,Train
1175,COc1ccc2c(c1)c(CC(=O)NOCc1ccc([N+](=O)[O-])cc1)c(C)n2C(=O)c1ccc(Cl)cc1,7.221848749616356,Train
1176,COc1ccc2c(c1)c(CC(=O)Nc1cc(C)c(C(=O)Nc3ccccc3)cc1OC)c(C)n2C(=O)c1ccc(Cl)cc1,6.221848749616356,Train
1177,COc1ccc(-c2cc(F)c(F)cc2-c2ccc(S(N)(=O)=O)cc2)cc1OC,7.1885279284756525,Train
1178,Cc1ccc(-n2c(-c3ccc(S(N)(=O)=O)cc3)coc2=O)cc1,6.102186077557199,Train
1179,CCOc1cncc(-c2ccc(C(C(=O)Nc3cccc(C(CC)CC(=O)O)c3C)C3CCCC3)cc2)c1,6.97469413473523,Train
1180,Clc1ccc(-c2nn(-c3ccccc3)c3c2CCC3)cc1,5.586700235918748,Train
1181,CS(=O)(=O)c1ccc(/C=C(/C(=O)O)c2ccc(-c3ccc(S(C)(=O)=O)cc3)cc2)cc1,6.494850021680094,Train
1182,CS(=O)(=O)c1ccc(-n2cc(C#N)nc2-c2cccnc2)cc1,4.61261017366127,Train
1183,COc1cccc(-c2cc(C(=O)N/N=C/c3c(Cl)c4ccccc4oc3=O)nn2-c2ccc(S(N)(=O)=O)cc2)c1,5.215382707367125,Train
1184,CCc1ccc(Nc2cnccc2NS(C)(=O)=O)cc1,5.088842391260023,Train
1185,COc1ccc(-c2cc(CSc3nc4ccccc4c(=O)n3-c3ccc(Cl)cc3)on2)cc1,5.872895201635192,Train
1186,C=C1C(=O)O[C@H]2[C@H]1[C@H](OC(=O)[C@@]1(C)O[C@H]1C)[C@@H](OC(C)=O)/C(C(=O)OC)=C\CC[C@@]1(C)O[C@H]21,6.221848749616356,Train
1187,COc1ccc(Nc2cnccc2NS(=O)(=O)C(F)(F)F)cc1,6.795880017344075,Train
1188,COc1ccc(-c2cc(C(F)F)nn2-c2ccc(S(N)(=O)=O)cc2)cc1Cl,7.569280590144537,Train
1189,CN(C)c1ccc(/C=N/c2ccc(S(N)(=O)=O)cc2)cc1,5.473660722610156,Train
1190,CS(=O)(=O)c1ccc(-n2cc(CSc3ccc(Cl)cc3)nc2-c2ccc(Cl)cc2)cc1,7.301029995663981,Train
1191,Cc1[nH]c2cc(S(C)(=O)=O)ccc2c1Cc1ccc(F)cc1F,5.83037368298365,Train
1192,COc1ccc(-c2c(-c3ccc(S(C)(=O)=O)cc3)ccc(F)c2F)cc1F,7.680061560019691,Train
1193,Cn1ncc(-c2ccc(S(C)(=O)=O)cc2)c(-c2ccccc2)c1=O,5.600329725273209,Train
1194,Clc1ccc(-c2nnc(-c3cn(-c4ccccc4)nc3-c3ccc(Cl)cc3)o2)cc1,5.060480747381382,Train
1195,Cc1c(CC(=O)NCCO)cc(-c2ccc(S(C)(=O)=O)cc2)n1-c1cccc(F)c1,6.537602002101044,Train
1196,CS(=O)(=O)c1ccc(-c2occ(Cl)c(=O)c2-c2ccccc2F)cc1,2.2000000003305216,Train
1197,CS(=O)(=O)c1ccc(-c2[nH]c3ccccc3c2-c2ccccc2)cc1,9.221921144096424,Train
1198,CCOC(OCC)c1ccc(/C=C2\CNC/C(=C\c3ccc(C(OCC)OCC)cc3)C2=O)cc1,4.5583048643592825,Train
1199,COc1cc(-c2cc(C(=O)N/N=C/c3c(Cl)c4ccccc4oc3=O)nn2-c2ccc(S(N)(=O)=O)cc2)cc(OC)c1OC,4.658961368322477,Train
1200,Cc1c(CCC(=O)O)cccc1NC(=O)[C@@H](c1ccc(-c2cncc(C(F)(F)F)c2)cc1)C1CCCC1,7.684075268920091,Train
1201,NS(=O)(=O)c1ccc(-n2nc(C(F)(F)F)cc2-c2ccccc2Cl)cc1,7.251811972993799,Train
1202,CCOC(=O)Cn1nncc1COc1ccc2ccccc2c1-c1c(OCc2cnnn2CC(=O)OCC)ccc2ccccc12,4.638272163982407,Train
1203,COc1cccc(Nc2cnccc2NS(=O)(=O)C(F)(F)F)c1,5.801342913045577,Train
1204,COc1ccc(-n2c(SCc3cc(-c4ccc(OC)c(OC)c4)no3)nc3ccccc3c2=O)cc1,6.113509274827518,Train
1205,COc1ccc(-c2cc(COC(=O)COc3cc(O)c4c(=O)cc(-c5ccccc5)oc4c3)nn2-c2ccc(Cl)cc2)cc1,6.455931955649724,Train
1206,Cc1c(Br)cc(-c2ccc(S(C)(=O)=O)cc2)n1-c1ccc(F)cc1,7.699513552156626,Train
1207,CS(=O)(=O)c1ccc(-c2c(-c3cccc(F)c3)nn3ncccc23)cc1,7.468521082957745,Train
1208,COc1ccccc1-c1nc(C(F)(F)F)cn1-c1ccc(S(C)(=O)=O)cc1,5.049999517423265,Train
1209,CCS(=O)(=O)c1cc(NCc2ccccc2)nc(-c2ccc(S(C)(=O)=O)cc2)n1,7.042392712939905,Train
1210,NS(=O)(=O)c1ccc(-n2nc(C(=O)OCCCN3CCOCC3)cc2-c2ccccc2)cc1,6.251811972993799,Train
1211,O=C(O)Cc1ccccc1Nc1c(Cl)cccc1Cl,7.431798275933005,Train
1212,O=C(NS(=O)(=O)c1ccc(F)cc1)c1ccncc1,4.91721462968355,Train
1213,Cc1c(CCC(=O)O)cccc1NC(=O)C(c1ccc(-c2ccc(C#N)nc2)cc1)C1CCCC1,5.500312917381596,Train
1214,Cc1cc(=O)c(Oc2ccc(I)cc2)c(-c2ccc(S(C)(=O)=O)cc2)o1,6.387205550990272,Train
1215,Cc1cccc(-c2cc(C(=O)N/N=C/c3c(Cl)c4ccccc4oc3=O)nn2-c2ccc(S(N)(=O)=O)cc2)c1,5.319664486585436,Train
1216,O=C(/N=c1\scc(-c2ccc([N+](=O)[O-])cc2)n1-c1ccccc1)c1cccs1,7.045757490560675,Train
1217,Cc1cc(C(C(=O)Nc2cccc(CCC(=O)O)c2C)C2CCCC2)c(F)cc1-c1cncc(Cl)c1,5.638272163982407,Train
1218,C[C@@H]1C[C@H]1Cn1ncc(-c2ccc(S(C)(=O)=O)cc2)c(-c2ccc(F)cc2)c1=O,6.495699914119041,Train
1219,NS(=O)(=O)c1ccc(-n2nc(C(F)(F)F)cc2-c2cccc(Cl)c2)cc1CO,5.709965388637482,Train
1220,NS(=O)(=O)c1ccc(-n2nc(C(=O)OCCOc3cc(=O)oc4ccccc34)cc2-c2ccc([N+](=O)[O-])cc2)cc1,6.481486060122112,Train
1221,Cc1c(CCC(=O)O)cccc1NC(=O)C(c1ccc(-c2cncc(F)c2)cc1)C1CCCC1,6.790484985457369,Train
1222,Cc1c(NC(=O)C(c2ccc(-c3cncc(C(F)(F)F)c3)cc2)C2CCCC2)cccc1C(C)CC(=O)O,7.692503962086787,Train
1223,Cc1cc(C)c2c(=O)n(CCCC(=O)N3CCN(c4ccccc4)CC3)sc2n1,3.374093660018949,Train
1224,NS(=O)(=O)c1ccc(-c2cc(C(F)(F)F)nn2-c2ccc(F)cc2)cc1,8.0,Train
1225,CS(=O)(=O)c1ccc(C2=C(c3ccc(Cl)c(F)c3)C(=O)CC2)cc1,7.323908740944319,Train
1226,CS(=O)(=O)c1ccc(C2=C(c3ccc(Cl)cc3)CCC2)cc1,8.522878745280337,Train
1227,O=S(=O)(Nc1ccncc1NC1CCCC1)C(F)(F)F,5.427128397799519,Train
1228,O=C(NS(=O)(=O)c1ccc(Br)cc1)c1cccnc1,5.309803919971486,Train
1229,CS(=O)(=O)c1ccc(C2=C(Oc3ccccc3)C(=O)CC2)cc1,6.98369061957464,Train
1230,COc1ccc2c(c1)c(CC(=O)N(C)C)c(C)n2C(=O)c1ccc(Cl)cc1,4.7447274948966935,Train
1231,CC(C(=O)O)c1ccc(-c2cccc(OC(=O)Nc3ccccc3)c2)c(F)c1,5.568636235841012,Train
1232,CS(=O)(=O)c1ccc(-n2cc(C(F)(F)F)nc2-c2ccc(Cl)cc2)cc1,6.959299339414116,Train
1233,COc1ccc(/C=C/c2cc(OC)cc(OC)c2/C=C/C(=O)N2CCSCC2)cc1,5.096367483915762,Train
1234,O=C(COc1cc(O)c2c(=O)cc(-c3ccccc3)oc2c1)OCc1cc(-c2cccc(C(F)(F)F)c2)n(-c2ccccc2)n1,5.319664486585436,Train
1235,COc1cc(-c2nc(C(F)(F)F)cn2-c2ccc(S(N)(=O)=O)cc2)ccc1Cl,7.699513552156626,Train
1236,O=c1c2ccccc2nc(SCc2cc(-c3ccc(Cl)cc3)no2)n1-c1ccccc1,6.251811972993799,Train
1237,NS(=O)(=O)c1ccc(-n2ncc(Cl)c2-c2ccccc2)cc1,7.309803919971486,Train
1238,CC(=O)Oc1cc2oc(-c3ccc(F)cc3)cc2cc1-c1c[se]nn1,7.301029995663981,Train
1239,CC(C)(C)c1cc2c(cc1Cl)C=C(C(=O)O)[C@@H](C(F)(F)F)O2,7.207608310501746,Train
1240,CS(=O)(=O)c1ccc(-c2occ(Cl)c(=O)c2-c2ccc(F)cc2)cc1,2.8302000001176983,Train
1241,COc1ccc2c(c1)c(CC(=O)Nc1cccnc1Cl)c(C)n2C(=O)c1ccc(Cl)cc1,7.301029995663981,Train
1242,COc1ccc2c(c1)c(CC(=O)Nc1ccc(F)cc1)c(C)n2C(=O)c1ccc(Cl)cc1,7.221848749616356,Train
1243,COc1ccc(/C=C/c2cc(OC)cc(OC)c2/C=C/C(=O)NCc2ccco2)cc1,5.014573525916998,Train
1244,Cc1c(CCC(=O)O)cccc1NC(=O)[C@@H](c1ccc(-c2cncc(CC(C)C)c2)cc1)C1CCCC1,7.823908740944319,Train
1245,NS(=O)(=O)c1ccc(-n2nc(C(=O)OCCN3CCOCC3)cc2-c2ccc(C(F)(F)F)cc2)cc1,6.721246399047171,Train
1246,Cc1cc(=O)c(Oc2ccc(Cl)cc2F)c(-c2ccc(S(C)(=O)=O)cc2)o1,6.69898086196951,Train
1247,CS(=O)(=O)c1ccc(-n2cnc(Cl)c2-c2ccccc2)cc1,6.910094888560602,Train
1248,CCc1ccc2c(c1)C=C(C(=O)O)C(C(F)(F)F)O2,6.481486060122112,Train
1249,O=c1c2ccccc2nc2n1CCc1c-2[nH]c2ccccc12,6.522878745280337,Train
1250,CCNC(=O)c1cc(C(C)(C)C)c2c(c1)C(C)(C)CO2,5.221848749616356,Train
1251,CCOP(=O)(OCC)C(NC(=O)c1cc(-c2ccc(Cl)cc2)n(-c2ccc(S(N)(=O)=O)cc2)n1)c1ccc(Br)cc1,6.552841968657781,Train
1252,CS(=O)(=O)c1ccc(-c2[nH]c3ccc(Cl)cc3c2-c2cccc(Cl)c2)cc1,9.096964306605276,Train
1253,Cc1c(CC(=O)OCCO)cc(-c2ccc(S(C)(=O)=O)cc2)n1-c1ccccc1,7.568636235841012,Train
1254,COc1ccc2c(c1)c(CC(=O)NCCO)c(C)n2C(=O)c1ccc(Cl)cc1,6.698970004336019,Train
1255,COc1ccc(/C=N/c2ccc(S(N)(=O)=O)cc2)cc1O,5.455931955649724,Train
1256,O=S(=O)(Nc1ccncc1Nc1ccccc1Cl)C(F)(F)F,5.675717544702307,Train
1257,CCSc1ccc(-c2cc(C(F)(F)F)nn2-c2ccc(S(N)(=O)=O)c(CO)c2)cc1,4.29073003902417,Train
1258,Cc1ccc(C2=NN(C3=NC(=O)CS3)C(c3ccc(F)cc3)C2)cc1C,5.1938200260161125,Train
1259,NS(=O)(=O)c1ccc(-n2nc(C(=O)N3CCOCC3)cc2-c2ccc(Br)cc2)cc1,6.508638306165727,Train
1260,NS(=O)(=O)c1ccc(-n2nc(C(=O)N/N=C/c3c(Cl)c4ccccc4oc3=O)cc2-c2cccc(Cl)c2)cc1,6.267606240177031,Train
1261,NS(=O)(=O)c1ccc(-c2nc(NCc3csc4ccccc34)cc(C(F)(F)F)n2)cc1,5.0,Train
1262,Fc1ccc(-c2nn(-c3ccccc3)cc2-c2nnc(-c3ccncc3)o2)cc1,5.638272163982407,Train
1263,COc1c(Cl)cc(-c2cc(F)c(F)cc2-c2ccc(S(N)(=O)=O)cc2)cc1Cl,7.678921132642886,Train
1264,CC(C)[C@]12O[C@H]1[C@@H]1O[C@]13[C@]1(O[C@H]1C[C@H]1C4=C(CC[C@@]13C)C(=O)OC4)[C@@H]2O,7.397940008672037,Train
1265,Cc1c(NC(=O)C(c2ccc(-c3cncc(Cl)c3)cc2)C2CCCC2)cccc1C1CC1C(=O)O,7.530177984021837,Train
1266,CS(=O)(=O)c1ccc(-c2sc(-c3ccc(Cl)cc3)nc2-c2ccc(F)cc2)cc1,7.301029995663981,Train
1267,C=C1C(=O)O[C@@H]2[C@H]1CC[C@H](C)[C@]1(CCC(=O)O1)[C@@]2(C)O,5.337242168318426,Train
1268,Cc1cc(C)c2c(=O)n(CCC(=O)N3CCN(c4ccccc4)CC3)sc2n1,3.4919581103248265,Train
1269,COc1ccc(-c2cc(-c3cccc(-n4cnnn4)c3)no2)cc1,7.387216143280264,Train
1270,CC(C(=O)[O-])c1ccc(CC2CCCC2=O)cc1-c1ccc(F)cc1,4.443697499232713,Train
1271,CC(C)Oc1c(-c2ccc(S(C)(=O)=O)cc2)cnn(Cc2ccccc2)c1=O,6.734260541478872,Train
1272,CS(=O)(=O)c1ccc(-n2cnc(Cl)c2-c2ccc(Cl)cc2)cc1,7.744727494896693,Train
1273,COc1ccc(Oc2c(C)[nH]c3cccc(S(C)(=O)=O)c23)cc1,6.247425010840047,Train
1274,Cc1ncc(-c2ccc(C(C(=O)Nc3cccc(CCC(=O)O)c3C)C3CCCC3)cc2)cc1Cl,7.657577319177793,Train
1275,O=C(NS(=O)(=O)c1ccccc1)c1ccccn1,5.055517327849831,Train
1276,O=S(=O)(Nc1ccncc1Nc1ccccc1)C(F)(F)F,7.045757490560675,Train
1277,CS(=O)(=O)c1ccc(-c2cnn(Cc3nccs3)c(=O)c2-c2ccc(F)cc2)cc1,5.725498368987106,Train
1278,CS(=O)(=O)c1ccc(-c2sc(-c3ccccc3Cl)nc2-c2cccs2)cc1,7.244125144327507,Train
1279,CSc1nnc(-c2cc(C(C)(C)C)c(O)c(C(C)(C)C)c2)o1,5.3872161432802645,Train
1280,Cc1nnc(/N=C2\NC(=O)/C(=C/C3CCCCC3)S2)s1,6.6020599913279625,Train
1281,Cc1c(-c2nn(-c3ccccc3)cc2/C=N/O)nnn1-c1ccc(F)cc1,7.301029995663981,Train
1282,CCc1cncc(-c2ccc(C(C(=O)Nc3cccc(C(CC)CC(=O)O)c3C)C3CCCC3)cc2)c1,7.889410289700751,Train
1283,Cc1ccc(C2=NN(C(N)=O)C(c3cn(-c4ccccc4)nc3-c3ccccc3)C2)cc1,5.962573502059376,Train
1284,CCc1ccc(-n2c(-c3ccc(S(N)(=O)=O)cc3)coc2=O)cc1,5.806938049308891,Train
1285,Cc1ncc(-c2ccc([C@H](C(=O)Nc3cccc(CCC(=O)O)c3C)C3CCCC3)cc2)cc1C(F)(F)F,7.8696662315049934,Train
1286,Cc1c(CC(C)C(=O)O)cccc1NC(=O)C(c1ccc(-c2cncc(C(F)(F)F)c2)cc1)C1CCCCC1,7.332547047110046,Train
1287,Cc1cc(=O)c(C(C)C)c(-c2ccc(S(C)(=O)=O)cc2)o1,5.183758700008217,Train
1288,Cc1ccc(/C(=C/c2ccc(S(C)(=O)=O)cc2)c2ccccc2)cc1,6.920818753952375,Train
1289,CCCc1ccc(/C=C2\S/C(=N/c3nnc(C)s3)NC2=O)cc1,7.0,Train
1290,O=[N+]([O-])c1ccc(/C=N/c2nnc(-c3ccccc3)o2)cc1,7.026872146400302,Train
1291,CS(=O)(=O)c1ccc(-n2cc(C(F)(F)F)nc2-c2cccs2)cc1,6.328948815373956,Train
1292,C/C(=N\NC(N)=S)c1nnn(-c2ccc(S(N)(=O)=O)cc2)c1C,7.301029995663981,Train
1293,Cc1cc(=O)c(Oc2ccccc2)c(-c2ccc(S(C)(=O)=O)cc2)o1,6.0,Train
1294,CS(=O)(=O)c1ccc(-n2cnc(Cl)c2-c2cnccc2Cl)cc1,7.366531544420414,Train
1295,Cc1ccsc1-c1nc(C(F)(F)F)cn1-c1ccc(S(C)(=O)=O)cc1,5.959303300184228,Train
1296,COc1ccc(-n2nc(C(F)(F)F)cc2-c2ccc(Cl)cc2)cc1,4.125518182300533,Train
1297,COc1ccc2c(c1)c(CC(=O)Oc1ccc(F)cc1)c(C)n2C(=O)c1ccc(Cl)cc1,7.1249387366083,Train
1298,NS(=O)(=O)c1ccc(-n2nc(C(=O)N3CCOCC3)cc2-c2cccc(Cl)c2)cc1,6.619788758288394,Train
1299,CC(C)[C@H](NC(=O)OCc1ccccc1)C(=O)NCC(=O)O,4.259637310505756,Train
1300,N#Cc1nn(-c2ccc(S(N)(=O)=O)cc2)c(-c2ccc(Cl)cc2)c1Cl,8.0,Train
1301,Cc1ccc(C2=C(c3ccc(S(C)(=O)=O)cc3)CC3(CC3)C2)cc1,8.821891432890133,Train
1302,CS(=O)(=O)c1ccc(-n2cc(CF)nc2-c2ccc(Cl)cc2)cc1,6.388608219719017,Train
1303,Cc1cc(Br)cc2c1OC(C(F)(F)F)C(C(=O)O)=C2,7.552841968657781,Train
1304,CS(=O)(=O)c1ccc(C2=C(c3ccc(Cl)cc3Cl)CC3(CC3)C2)cc1,7.480763439685022,Train
1305,N#CCC(=O)Nc1nnc(-c2ccc(Cl)cc2)o1,6.6020599913279625,Train
1306,COc1ccc2c(c1)c(CC(=O)N[C@@H](CO)C(C)C)c(C)n2C(=O)c1ccc(Cl)cc1,6.958607314841775,Train
1307,CCc1cc(C)c2c(c1)C=C(C(=O)O)C(C(F)(F)F)O2,6.568636235841012,Train
1308,COc1ccc2c(c1)c(CCNC(=O)NCCCO[N+](=O)[O-])c(C)n2C(=O)c1ccc(Cl)cc1,5.0,Train
1309,CS(=O)(=O)c1ccc(-c2coc(=O)n2-c2ccc(F)cc2F)cc1,5.869833579773784,Train
1310,CS(=O)(=O)c1ccc(-c2[nH]ccc2-c2ccc(F)cc2)cc1,4.897223385116559,Train
1311,COC(=O)[C@H](C)NC(=O)Cc1c(C)n(C(=O)c2ccc(Cl)cc2)c2ccc(OC)cc12,6.721246399047171,Train
1312,COc1ccc(-c2cc(F)c(F)cc2-c2ccc(S(N)(=O)=O)cc2)cc1F,7.888070392334685,Train
1313,COc1c(Cl)cc(C2=C(c3ccc(S(N)(=O)=O)cc3)CCC2)cc1Cl,8.047866792018674,Train
1314,CC1N(C(=O)Nc2ccccc2)C(=O)c2ccccc2S1(=O)=O,3.4943074925878,Train
1315,COc1ccc(-c2cc(C(F)F)nn2-c2ccc(S(N)(=O)=O)cc2)cc1F,7.300509466670935,Train
1316,[N-]=[N+]=NCCOc1nc(Cl)nc(Nc2ccc(N3CCOCC3=O)cc2)n1,4.1249387366083,Train
1317,CS(=O)(=O)c1ccc(-n2cc(C(F)(F)F)nc2-c2ccccn2)cc1,5.821954549582578,Train
1318,CS(=O)(=O)c1ccc(-c2sc(-c3ccccc3Cl)nc2-c2ccsc2)cc1,7.102372908709558,Train
1319,NS(=O)(=O)c1ccc(-n2nc(C(=O)N/N=C/c3c(Cl)c4ccccc4oc3=O)cc2-c2ccccc2O)cc1,5.120904120499928,Train
1320,NS(=O)(=O)c1ccc(-n2nc(C(=O)N3CCOCC3)cc2-c2ccc(F)cc2)cc1,6.638272163982407,Train
1321,NS(=O)(=O)c1ccc(N2N=C3c4ccccc4CCC3C2c2ccccc2Cl)cc1,5.308034897232639,Train
1322,COc1ccc2c(c1)c(CC(=O)Nc1cncc(Cl)c1)c(C)n2C(=O)c1ccc(Cl)cc1,7.327902142064282,Train
1323,CS(=O)(=O)c1ccc(-n2cnc(Cl)c2-c2ccc(OC(F)(F)F)cc2)cc1,5.0,Train
1324,CS(=O)(=O)c1ccc(-c2ccc(F)c(F)c2-c2ccc3c(c2)OCO3)cc1,7.92009553233328,Train
1325,Cc1ccc(Oc2c(-c3ccc(S(C)(=O)=O)cc3)oc(C)cc2=O)c(F)c1,7.22181256142513,Train
1326,CC(C)(C)c1cc(-c2nnc(NN)s2)cc(C(C)(C)C)c1O,5.886056647693163,Train
1327,CS(=O)(=O)c1ccc(-c2ccc(F)c(F)c2-c2ccc(F)c(Cl)c2)cc1,8.0,Train
1328,COC(=O)CC[C@@H](NC(=O)[C@@H](Cc1cnc[nH]1)NC(=O)C(=O)c1cn(S(=O)(=O)c2ccc(C)cc2)c2ccccc12)C(=O)OC,5.079354998593212,Train
1329,CS(=O)(=O)c1ccc(-n2cc(C#N)nc2-c2ccc(Cl)cc2)cc1,6.639133015876654,Train
1330,CS(=O)(=O)c1ccc(-n2cc(C(F)(F)F)nc2-c2ccc(F)cc2)cc1,7.0,Train
1331,Cc1ccc(-c2c(-c3ccc(S(C)(=O)=O)cc3)oc(C)cc2=O)cc1,5.661271744427465,Train
1332,Cc1cc(=O)c(-c2ccc(C(F)(F)F)cc2)c(-c2ccc(S(C)(=O)=O)cc2)o1,5.159897043531825,Train
1333,Cc1cc(-c2cc(F)c(F)cc2-c2ccc(S(C)(=O)=O)cc2)ccc1Cl,8.22090981113951,Train
1334,COc1ccc2c(c1)c(CC(=O)NCCCCO)c(C)n2C(=O)c1ccc(Cl)cc1,6.236830361305078,Train
1335,COc1ccc2c(c1)c(CC(=O)Oc1ccc(SC)cc1)c(C)n2C(=O)c1ccc(Cl)cc1,6.522878745280337,Train
1336,CS(=O)(=O)c1ccc(-c2cc(CC#N)sc2-c2ccc(F)cc2)cc1,4.309803919971486,Train
1337,Cc1ncc(-c2ccc(C(C(=O)Nc3cccc(CCC(=O)O)c3C)C3CCCC3)cc2)cc1F,6.721246399047171,Train
1338,Clc1ccc(-c2nn(-c3ccc(Cl)cc3)c3c2CCCCC3)cc1,5.0,Train
1339,O=C(COc1cc(O)c2c(=O)cc(-c3ccccc3)oc2c1)OCc1cc(-c2ccc(Cl)cc2)n(-c2ccccc2)n1,5.85078088734462,Train
1340,COc1ccc2c(c1)C=C(C(=O)O)C(C(F)(F)F)O2,4.0,Train
1341,CC(C)CCc1cc2c(cc1Cl)C=C(C(=O)O)[C@H](C(F)(F)F)O2,7.167491087293763,Train
1342,O=[N+]([O-])c1ccc(/C=N/c2nnc(-c3ccc(Cl)cc3)o2)cc1,6.886056647693163,Train
1343,NS(=O)(=O)c1ccc(-n2nc(C(F)(F)F)cc2-c2cccnc2)cc1,4.346787486224656,Train
1344,COc1ccc(C2=NN(C(N)=O)C(c3cn(-c4ccccc4)nc3-c3ccc(F)cc3)C2)cc1,5.962573502059376,Train
1345,Cc1ccc(-c2c(-c3ccc(S(C)(=O)=O)cc3)cnn(Cc3ccccc3)c2=O)cn1,5.939713034397075,Train
1346,Cc1c(CCC(=O)O)cccc1NC(=O)C(c1ccc(-c2cncc(C(F)(F)F)c2)cc1)C1CCCC1,7.838631997765026,Train
1347,COc1ccc(-c2cc(COC(=O)COc3cc(O)c4c(=O)cc(-c5ccccc5)oc4c3)nn2-c2ccc(C)cc2)cc1,6.638272163982407,Train
1348,COc1ccc(-c2cc(C(=O)N3CCOCC3)nn2-c2ccc(S(N)(=O)=O)cc2)cc1,5.696803942579511,Train
1349,O=S(=O)(CCC(F)(F)F)Nc1ccncc1Nc1ccccc1,4.96537154337468,Train
1350,CCOc1cccc(NC(=O)Cc2c(C)n(C(=O)c3ccc(Cl)cc3)c3ccc(OC)cc23)c1,6.187086643357144,Train
1351,CCCC/C=C/CSc1ccccc1OC(C)=O,4.958607314841775,Train
1352,CC(=O)n1c(Br)cc(-c2ccc(F)cc2)c1-c1ccc(S(C)(=O)=O)cc1,3.5228787452803374,Train
1353,CS(=O)(=O)c1ccc(C2=C(c3ccc(F)c(Cl)c3)CC3(CC3)C2)cc1,8.152465023828446,Train
1354,CCOc1ccc(-c2cc(C(=O)OCCCN3CCOCC3)nn2-c2ccc(S(N)(=O)=O)cc2)cc1,5.11690664142431,Train
1355,CCOP(=O)(OCC)C(NC(=O)c1cc(-c2cccc(F)c2)n(-c2ccc(S(N)(=O)=O)cc2)n1)c1ccccc1,6.552841968657781,Train
1356,NS(=O)(=O)c1ccc(-c2coc(=O)n2-c2ccc(F)cc2)cc1,5.823955070631064,Train
1357,CC(C)c1cc2c(cc1Cl)C=C(C(=O)O)C(C(F)(F)F)O2,6.522878745280337,Train
1358,CS(=O)(=O)c1ccc(-c2cc(C(F)(F)F)nc(NCC3CCCCC3)n2)cc1,7.537602002101044,Train
1359,O=C(NS(=O)(=O)c1ccccc1)c1cccnc1,4.801342913045578,Train
1360,N#Cc1ccc(-c2cc(C(F)F)nn2-c2ccc(S(N)(=O)=O)cc2)cc1,4.527243550682788,Train
1361,NS(=O)(=O)c1ccc(-n2nc(C(F)(F)F)cc2-c2ccc(Cl)cc2Cl)cc1,7.251811972993799,Train
1362,N#Cc1ccc2c(c1)C=C(C(=O)O)C(C(F)(F)F)O2,6.958607314841775,Train
1363,COC(=O)[C@H](CC(C)C)NC(=O)[C@H](Cc1ccccc1)NC(=O)CNC(=O)CNC(=O)OCc1ccccc1,4.698970004336019,Train
1364,CC(=O)Oc1ccccc1C(=O)O,2.9744237387763093,Train
1365,CS(=O)(=O)c1cnn(-c2ccc(S(N)(=O)=O)cc2)c1-c1ccc(Cl)cc1,4.703334809738469,Train
1366,Cc1ncc(-c2ccc(C(C(=O)Nc3cccc(CCC(=O)O)c3C)C3CCC3)cc2)cc1Cl,7.492144128304169,Train
1367,COc1ccc(OCc2cc(-c3ccccc3)n(-c3ccc(S(C)(=O)=O)cc3)n2)cc1OC,6.154901959985743,Train
1368,NS(=O)(=O)c1ccc(-n2nc(C(=O)OCCOc3cc(=O)oc4ccccc34)cc2-c2ccc(F)cc2)cc1,6.356547323513812,Train
1369,CC1(O)OC(=O)C(c2ccc(Cl)c(Cl)c2)=C1c1ccc(S(C)(=O)=O)cc1,7.154901959985743,Train
1370,CCCCCCCCCNC(=O)Cc1c(C)n(C(=O)c2ccc(Cl)cc2)c2ccc(OC)cc12,7.397940008672037,Train
1371,Cc1cc(C(C(=O)Nc2cccc(CCC(=O)O)c2C)C2CCCC2)c(F)cc1-c1cncc(C(F)(F)F)c1,6.0,Train
1372,Cc1ccc(S(=O)(=O)N2N=C(C(F)(F)F)CC2c2ccc3c(c2)OCCO3)cc1,5.8794260687941495,Train
1373,Cc1c(CCC(=O)O)cc(F)cc1NC(=O)C(c1ccc(-c2cncc(C(F)(F)F)c2)cc1)C1CCCC1,6.530177984021837,Train
1374,Cc1csc(-c2nc(C(F)(F)F)cn2-c2ccc(S(N)(=O)=O)cc2)n1,6.959299339414116,Train
1375,C=C1C(=O)O[C@@H]2C[C@@]3(C)C=CC(=O)C(=C)[C@@H]3C[C@H]12,6.3979400086720375,Train
1376,O=C(NS(=O)(=O)c1ccc(F)cc1)c1ccccn1,5.200659450546418,Train
1377,CS(=O)(=O)c1ccc(-n2cnc(Cl)c2-c2cccc(F)c2)cc1,7.187086643357144,Train
1378,COc1cc(-c2c(Cl)ncn2-c2ccc(S(C)(=O)=O)cc2)ccc1C,7.823908740944319,Train
1379,NNC(=O)CNc1nc(-c2ccccc2)nc2sc3c(c12)CCCC3,6.154901959985743,Train
1380,O=C1CCc2cc(NS(=O)(=O)C(F)(F)F)c(Sc3ccc(F)cc3F)cc21,7.397940008672037,Train
1381,NS(=O)(=O)c1ccc(-c2nc(NCc3cccs3)cc(C(F)(F)F)n2)cc1,6.802443786846464,Train
1382,COc1cncc(-c2ccc(C(C(=O)Nc3cccc(CCC(=O)O)c3C)C3CCCC3)cc2)c1,6.467245621007502,Train
1383,Cc1cc(F)cc(-c2nc(C(F)(F)F)cn2-c2ccc(S(N)(=O)=O)cc2)c1,7.521435901161594,Train
1384,CS(=O)(=O)c1ccc(-c2nc(NCc3ccc(O)cc3)cc(C(F)(F)F)n2)cc1,6.197226274708024,Train
1385,Cc1ccc(Nc2nc(-c3ccc(S(C)(=O)=O)cc3)cc(C(F)(F)F)n2)cc1,7.958607314841775,Train
1386,COc1ccc(-c2cc(CSc3nc4ccccc4c(=O)n3-c3ccc(Br)cc3)on2)cc1OC,6.468521082957745,Train
1387,CC1(C)CC(c2ccc(F)cc2)=C(c2ccc(S(C)(=O)=O)cc2)C1,7.819874124835946,Train
1388,COc1ccc2c(c1)c(CC(=O)N[C@H](CO)C(C)C)c(C)n2C(=O)c1ccc(Cl)cc1,6.431798275933005,Train
1389,CCOc1ccncc1-c1c(Cl)ncn1-c1ccc(S(C)(=O)=O)cc1,6.562249437179612,Train
1390,Cc1c(CCC(=O)O)cccc1NC(=O)C(c1ccc(-c2cncc(CF)c2)cc1)C1CCCC1,6.72584215073632,Train
1391,COc1cc(/C=N/c2ccc(S(N)(=O)=O)cc2)cc(OC)c1O,5.567030709125595,Train
1392,COc1ccc(-c2nc(C(F)(F)F)cn2-c2ccc(S(C)(=O)=O)cc2)cc1,6.2420625485173895,Train
1393,O=C1COCCN1c1ccc(Nc2nc(Cl)nc(Cl)n2)cc1,5.154901959985743,Train
1394,NS(=O)(=O)c1ccc(N2N=C3c4ccccc4CCC3C2c2ccccc2Br)cc1,4.896880746454286,Train
1395,COc1ccc(-c2cc(C(F)(F)F)nn2-c2ccc(S(N)(=O)=O)cc2)cc1C,8.031517051446064,Train
1396,Nc1nc(Cl)nc(Nc2ccc(N3CCOCC3=O)cc2)n1,6.301029995663981,Train
1397,Cc1c(CCC(=O)O)cccc1NC(=O)C(c1ccc(-c2cccnc2F)cc1)C1CCCC1,5.279014255846261,Train
1398,CCOP(=O)(OCC)C(NC(=O)c1cc(-c2cccc3ccccc23)n(-c2ccc(S(N)(=O)=O)cc2)n1)c1ccccc1OC,6.657577319177793,Train
1399,CS(=O)(=O)c1ccc(-c2coc(=O)n2-c2ccccc2)cc1,5.7959397410477225,Train
1400,Cc1cc(=O)c(-c2ccccc2)c(-c2ccc(S(C)(=O)=O)cc2)o1,5.735091324599267,Train
1401,Cc1ccc(-c2ncc(Cl)cc2-c2ccc(S(C)(=O)=O)cc2)cn1,6.459670525209127,Train
1402,Cc1cc(=O)c(Oc2ccc(Br)cc2F)c(-c2ccc(S(C)(=O)=O)cc2)o1,6.823952174736033,Train
1403,COc1ccc(/C=C/c2cc(OC)cc(OC)c2/C=C/C(=O)O)cc1,5.161780778092375,Train
1404,NS(=O)(=O)c1ccc(-n2nc(C(=O)OCCOc3ccc4ccc(=O)oc4c3)cc2-c2cccc(Cl)c2)cc1,6.309803919971486,Train
1405,COC(=O)c1nn(-c2ccc(S(N)(=O)=O)cc2)c(-c2ccc(Cl)cc2)c1Cl,6.797939075968737,Train
1406,CC(C)(C)c1cc(-c2nsc(NC#N)n2)cc(C(C)(C)C)c1O,7.327902142064282,Train
1407,CCOP(=O)(OCC)C(NC(=O)c1cc(-c2cccc3ccccc23)n(-c2ccccc2F)n1)c1ccccc1OC,6.657577319177793,Train
1408,O=S(=O)(c1ccccc1)N1N=C(C(F)(F)F)CC1c1cccc2c1OCCO2,4.567190994966832,Train
1409,Cc1ccc(-c2cc(F)c(F)cc2-c2ccc(S(N)(=O)=O)cc2)cn1,7.292429823902063,Train
1410,COc1ccccc1-c1cc(C(F)(F)F)nn1-c1ccc(S(N)(=O)=O)cc1,6.537602002101044,Train
1411,COC(=O)[C@H](Cc1ccccc1)n1cc(COc2nc(Cl)nc(N3CCCC3)n2)nn1,5.221848749616356,Train
1412,O=[N+]([O-])c1ccc(-c2nn(-c3ccccc3)cc2-c2nnc(-c3ccncc3)o2)cc1,6.301029995663981,Train
1413,CC(C(=O)[O-])c1ccc(CC2CCCC2=O)cc1-c1ccc(C(=O)[O-])cc1,4.119186407719209,Train
1414,COc1ccc(C2=CC3(C=C2c2ccc(S(C)(=O)=O)cc2)CC3)cc1Cl,7.569280590144537,Train
1415,COc1ccc(-c2cc(C(F)(F)F)nn2-c2ccc(S(N)(=O)=O)c(CO)c2)cc1,6.437707135543525,Train
1416,O=[N+]([O-])c1ccc(-c2nn(-c3ccccc3)cc2-c2nnc(-c3ccccc3)o2)cc1,6.508638306165727,Train
1417,COc1ccc(-c2ccc(C(C(=O)Nc3cccc(CCC(=O)O)c3C)C3CCCC3)cc2)cn1,6.627087997029893,Train
1418,CCc1ccc(-n2c(-c3ccc(S(C)(=O)=O)cc3)coc2=O)cc1,6.1610753929201465,Train
1419,CS(=O)(=O)c1ccc(C2=C(c3ccccn3)C(=O)CC2)cc1,5.412041246744953,Train
1420,CSc1nnc(-c2cc(C(C)(C)C)c(O)c(C(C)(C)C)c2)s1,6.823908740944319,Train
1421,Cc1ccc(-c2ccc(S(C)(=O)=O)cc2)n1-c1ccc(F)c(F)c1,6.601028822700004,Train
1422,C#CCSc1nc2ccccc2c(=O)n1-c1ccc(OC)cc1,6.356547323513812,Train
1423,CCOP(=O)(OCC)C(NC(=O)c1cc(-c2cccc(OC)c2)n(-c2ccc(S(N)(=O)=O)cc2)n1)c1ccc(Br)cc1,6.552841968657781,Train
1424,CCCCCCCCc1ccc(O)cc1,5.543330370576243,Train
1425,Oc1ccc(OCc2ccccc2)cc1,5.428757149439776,Train
1426,CS(=O)(=O)c1ccc(-c2ccc3c(c2-c2ccc(F)cc2)OCO3)cc1,7.079981083971085,Train
1427,Clc1ccc(/C=N/Nc2nnc(-c3ccncc3)o2)cc1,6.537602002101044,Train
1428,CS(=O)(=O)c1ccc(-n2cc(C(F)(F)F)nc2-c2cncc(Br)c2)cc1,6.021138785368707,Train
1429,Cc1c(CCOCCCO[N+](=O)[O-])cc(-c2ccc(S(C)(=O)=O)cc2)n1-c1cccc(F)c1,6.366531544420413,Train
1430,Cc1ccc(-c2cc(C(=O)N/N=C/c3c(Cl)c4ccccc4oc3=O)nn2-c2ccc(S(N)(=O)=O)cc2)cc1,5.158640529545146,Train
1431,Clc1ccc(-c2nn(-c3ccccc3)cc2-c2nnc(-c3ccccc3)o2)cc1,5.327902142064282,Train
1432,O=C(Nc1ccc(Cl)c(Cl)c1)c1cc(Cl)cc(Cl)c1O,6.266000713461613,Train
1433,O=C(NS(=O)(=O)c1ccccc1)c1cncc(C(=O)NS(=O)(=O)c2ccccc2)c1,5.102372908709558,Train
1434,Cc1c(CN(C)C)cc(-c2ccc(S(C)(=O)=O)cc2)n1-c1ccc(F)cc1,4.0,Train
1435,COc1cc(OCc2cc(-c3ccccc3)n(-c3ccc(S(C)(=O)=O)cc3)n2)cc(OC)c1OC,6.657577319177793,Train
1436,NS(=O)(=O)c1ccc(N2N=C3c4ccccc4OCC3C2c2ccc(Cl)cc2)cc1,5.084072788302884,Train
1437,Cc1cc(Cl)cc(-c2nc(C(F)(F)F)cn2-c2ccc(S(N)(=O)=O)cc2)c1,7.398973915543969,Train
1438,O=Cc1ccc2c(c1)C=C(C(=O)O)C(C(F)(F)F)O2,6.136677139879544,Train
1439,O=C1NC(=O)/C(=C/c2ccc(OCc3cn(Cc4ccc(Br)cc4)nn3)cc2)S1,7.0,Train
1440,COc1cc(OC)cc(OCc2cc(-c3ccccc3)n(-c3ccc(S(C)(=O)=O)cc3)n2)c1,6.060480747381382,Train
1441,Cc1ccc(C2=NN(C3=NC(=O)CS3)C(c3ccccc3Cl)C2)cc1C,5.142667503568731,Train
1442,COc1ccc(C2=NN(C(N)=O)C(c3cn(-c4ccccc4)nc3-c3ccccc3)C2)cc1,5.962573502059376,Train
1443,Cc1cc(-c2ccc(C(C(=O)Nc3cccc(CCC(=O)O)c3C)C3CCC3)cc2)cnc1C,6.714442690992226,Train
1444,CC(C)Cc1cc2c(cc1Cl)C=C(C(=O)O)[C@@H](C(F)(F)F)O2,6.040958607678906,Train
1445,COc1ccc2c(c1)c(CC(=O)NCCOC(=O)/C=C/c1ccc(N(C)C)cc1)c(C)n2C(=O)c1ccc(Cl)cc1,6.721246399047171,Train
1446,CCc1ccc(-c2cc(C(F)(F)F)nn2-c2ccc(S(N)(=O)=O)c(CO)c2)cc1,5.860120913598763,Train
1447,CCCC#CCCSc1ccccc1OC(C)=O,5.187086643357144,Train
1448,Cc1ccnc(-c2nc(C(F)(F)F)cn2-c2ccc(S(N)(=O)=O)cc2)c1,6.358271588491376,Train
1449,CCCc1cc2c(cc1Cl)C=C(C(=O)O)[C@@H](C(F)(F)F)O2,6.853871964321762,Train
1450,O=S(=O)(Nc1ccncc1NC1CCCCCC1)C(F)(F)F,5.790484985457369,Train
1451,CS(=O)(=O)c1ccc(-c2cc(C(F)(F)F)nc(N)n2)cc1,6.565431095965801,Train
1452,CCc1nc(-c2ccc(F)cc2)c(-c2ccc(S(C)(=O)=O)cc2)s1,7.638272163982407,Train
1453,Cc1c(-c2nn(-c3ccccc3)cc2/C=N/O)nnn1-c1ccc(C(=O)O)cc1,7.397940008672037,Train
1454,CS(=O)(=O)c1ccc(-c2[nH]c(Cl)c(Br)c2-c2ccc(F)cc2)cc1,4.055517327849832,Train
1455,COc1ccc(-c2nn(-c3ccccc3)cc2-c2nnc(-c3ccc(Cl)cc3)o2)cc1,4.173925197299174,Train
1456,O=C(O)C1=Cc2c(ccc(Cl)c2Cl)OC1C(F)(F)F,8.0,Train
1457,CCOc1ccc(-c2cc(C(=O)N3CCSCC3)nn2-c2ccc(S(N)(=O)=O)cc2)cc1,6.013228265733755,Train
1458,NS(=O)(=O)c1ccc(-n2nc(C(=O)NCCOc3ccc4ccc(=O)oc4c3)cc2-c2ccccc2)cc1,6.309803919971486,Train
1459,COc1ccc(-c2nc(C(F)(F)F)cn2-c2ccc(S(C)(=O)=O)cc2)cc1Cl,6.888036676436635,Train
1460,NS(=O)(=O)c1ccc(-c2cc(F)c(F)cc2-c2ccc(F)c(Cl)c2)cc1,8.699513552156626,Train
1461,CS(=O)(=O)c1ccc(C2=C(c3ccc(C(F)(F)F)cc3)CCC2)cc1,6.060480747381382,Train
1462,CS(=O)(=O)c1ccc(-n2cnc(Br)c2-c2ccc(F)cc2)cc1,7.443697499232712,Train
1463,O=C(COc1cc(O)c2c(=O)cc(-c3ccccc3)oc2c1)OCc1cc(-c2cccc(F)c2)n(-c2ccccc2)n1,5.452225294612178,Train
1464,CS(=O)(=O)c1ccc(-c2nc(NCc3ccccc3)cc(C(F)(F)F)n2)cc1,7.001306807801344,Train
1465,Clc1ccc(-c2nnc(-c3cn(-c4ccccc4)nc3-c3ccc(Br)cc3)o2)cc1,4.301029995663981,Train
1466,Cc1ccnc(-c2nc(C(F)(F)F)cn2-c2ccc(S(C)(=O)=O)cc2)c1,6.277861014341029,Train
1467,CN(C)c1ccc(-c2c(-c3ccc(S(C)(=O)=O)cc3)ccc(F)c2F)cc1Cl,8.100015437450608,Train
1468,Cc1ccncc1-c1ccc(C(C(=O)Nc2cccc(CCC(=O)O)c2C)C2CCCC2)cc1,6.237321436272564,Train
1469,C/C(=N\NC(N)=O)c1nnn(-c2ccc(S(=O)(=O)Nc3nccs3)cc2)c1C,6.468521082957745,Train
1470,CCOC(=O)Cn1nncc1CO[C@@H](C(=O)OCC)[C@@H](OCc1cnnn1CC(=O)OCC)C(=O)OCC,7.0,Train
1471,O=C1/C(=C/c2ccc(N3CCCC3)cc2)CN(Cc2ccccc2)C/C1=C\c1ccc(N2CCCC2)cc1,4.2424521465307565,Train
1472,CS(=O)(=O)c1ccc(C2=C(c3cccnc3)C(=O)CC2)cc1,6.481685552318919,Train
1473,CSc1ccc(-n2c(-c3ccc(S(C)(=O)=O)cc3)cc(CC(=O)OCCCO)c2C)cc1,6.585026652029182,Train
1474,Cc1ccc(-c2cs/c(=N\C(=O)c3cccs3)n2-c2ccccc2)cc1,7.045757490560675,Train
1475,CNC(=O)Cc1c(C)n(C(=O)c2ccc(Cl)cc2)c2ccc(OC)cc12,6.154901959985743,Train
1476,CCN(C)Cc1cc2c(cc1Cl)C=C(C(=O)O)C(C(F)(F)F)O2,4.671620396561262,Train
1477,CCOc1cc(/C=N/c2ccc(S(N)(=O)=O)cc2)ccc1O,5.432973633840939,Train
1478,CCSc1cc(NCc2cccs2)nc(-c2ccc(S(C)(=O)=O)cc2)n1,8.920818753952375,Train
1479,CC1(O)OC(=O)C(c2ccc(Cl)cc2)=C1c1ccc(S(C)(=O)=O)cc1,6.958607314841775,Train
1480,COc1ccc2c(c1)c(CC(=O)N[C@@H](C)c1ccc(C)cc1)c(C)n2C(=O)c1ccc(Cl)cc1,6.698970004336019,Train
1481,CS(=O)(=O)c1ccc(/C=C(/C(=O)O)c2cccc(-c3ccc(S(C)(=O)=O)cc3)c2)cc1,5.6777807052660805,Train
1482,NS(=O)(=O)c1ccc(C2=C(c3ccc(F)c(F)c3)CC3(CC3)C2)cc1,8.521435901161594,Train
1483,CS(=O)(=O)Nc1ccncc1Sc1ccccc1,5.924453038607469,Train
1484,COc1ccc2cc([C@H](C)C(=O)O)ccc2c1,4.769525532638841,Train
1485,Cc1ccccc1C1CC(c2ccc(Cl)c(Cl)c2)=NN1C1=NC(=O)CS1,4.787812395596042,Train
1486,CC(C(=O)[O-])c1ccc(CC2CCCC2=O)cc1Br,4.187086643357144,Train
1487,CS(=O)(=O)Nc1ccncc1Oc1ccc(Cl)cc1Cl,6.920818753952375,Train
1488,CS(=O)(=O)c1ccc(-c2ccccc2-c2ccccc2)cc1,4.958607314841775,Train
1489,CS(=O)(=O)c1ccc(-c2cnn(Cc3cccs3)c(=O)c2-c2ccc(F)cc2)cc1,7.301029995663981,Train
1490,NS(=O)(=O)c1ccc(C2=C(c3ccc(Cl)c(Cl)c3)CC3(CC3)C2)cc1,9.0,Train
1491,CSc1ccc(-c2nc(C(F)(F)F)cn2-c2ccc(S(C)(=O)=O)cc2)cc1Cl,7.397940008672037,Train
1492,COc1ccc(-c2c(-c3ccc(S(C)(=O)=O)cc3)ccc(F)c2F)cc1Cl,7.720105019988361,Train
1493,CS(=O)(=O)c1ccc(-c2nc(NC3CC=CCC3)cc(C(F)(F)F)n2)cc1,4.499997051046707,Train
1494,CS(=O)(=O)Nc1ccc([N+](=O)[O-])cc1OC1CCCCC1,6.795880017344075,Train
1495,Cc1c(Cl)ccc2c1C=C(C(=O)O)C(C(F)(F)F)O2,6.920818753952375,Train
1496,Cc1ccc(C2=NN(C(N)=O)C(c3cn(-c4ccccc4)nc3-c3ccc(F)cc3)C2)cc1,5.962573502059376,Train
1497,CC(C)C[C@H](NC(=O)CNC(=O)[C@@H](NC(=O)OCc1ccccc1)C(C)C)C(=O)O,4.552841968657781,Train
1498,CS(=O)(=O)c1ccc(-c2coc(=O)n2-c2ccccc2F)cc1,6.180229165473677,Train
1499,CCC(CC(=O)O)c1cccc(NC(=O)C(c2ccc(-c3cnc(C)c(C(F)(F)F)c3)c(F)c2)C2CCCC2)c1C,8.18243463044022,Train
1500,c1ccc2c(c1)Nc1ccccc1S2,6.274088367704952,Train
1501,COc1ccc(-n2cc(COc3ccc(/C=C4\SC(=S)NC4=O)cc3)nn2)cc1,7.0,Train
1502,COC(=O)[C@@H](C)NC(=O)c1ccccc1Nc1c(Cl)ccc(C)c1Cl,5.221848749616356,Train
1503,Cc1c(NC(=O)C(c2ccc(-c3cncc(Cl)c3)c(F)c2)C2CCCC2)cccc1C(C)CC(=O)O,7.501689446210399,Train
1504,COc1ccc(-c2c(-c3ccc(S(N)(=O)=O)cc3)ccc(F)c2F)cc1F,7.890084136976206,Train
1505,CS(=O)(=O)c1ccc(-n2cnc(Cl)c2-c2cccc(Cl)c2Cl)cc1,8.221848749616356,Train
1506,CS(=O)(=O)c1ccc2c(Sc3ccccc3Cl)c(C#N)[nH]c2c1,6.565090896010336,Train
1507,COc1ccc2c(c1)c(CC(=O)NCCc1ccccc1)c(C)n2C(=O)c1ccc(Cl)cc1,7.221848749616356,Train
1508,NC(=O)N1N=C(c2ccccc2)CC1c1cn(-c2ccccc2)nc1-c1ccccc1,5.962573502059376,Train
1509,CS(=O)(=O)c1ccc(C2=C(c3ccc(F)c(F)c3)CCC2)cc1,7.291198562418154,Train
1510,CCc1c(Cl)ccc2c1C=C(C(=O)O)C(C(F)(F)F)O2,4.540607512240769,Train
1511,Cc1ccc(-c2cc(F)c(F)cc2-c2ccc(S(N)(=O)=O)cc2)cc1Cl,8.521435901161594,Train
1512,COC(=O)CC1N(C(=O)Nc2cccc(Cl)c2)C(=O)c2ccccc2S1(=O)=O,3.975104039892515,Train
1513,CS(=O)(=O)c1ccc(-c2occ(Cl)c(=O)c2-c2ccc(F)cc2F)cc1,2.8582000003879635,Train
1514,O=C(NS(=O)(=O)c1ccc(F)cc1)c1cccc(C(=O)NS(=O)(=O)c2ccc(F)cc2)n1,5.585026652029182,Train
1515,CS(=O)(=O)c1ccc(-c2nc(NCc3ccc(Cl)s3)cc(C(F)(F)F)n2)cc1,8.267606240177031,Train
1516,COc1ccc(/C=C/C2=NN(c3ccc(S(N)(=O)=O)cc3)C(=O)CC2)cc1OC,7.3585258894959,Train
1517,Cc1ccccc1CNc1cc(C(F)(F)F)nc(-c2ccc(S(C)(=O)=O)cc2)n1,5.242603971206975,Train
1518,CCc1cncc(-c2ccc(C(C(=O)Nc3cccc(CCC(=O)O)c3C)C3CCC3)cc2F)c1,7.455931955649724,Train
1519,COCc1ccc(C2=C(c3ccc(S(C)(=O)=O)cc3)CCC2)cc1,5.180228179473823,Train
1520,NS(=O)(=O)c1ccc(-n2nc(C(=O)N3CCSCC3)cc2-c2ccccc2)cc1,6.173925197299173,Train
1521,Cc1ccc(-n2nc(COC(=O)COc3cc(O)c4c(=O)cc(-c5ccccc5)oc4c3)cc2-c2ccc(C(F)(F)F)cc2)cc1,5.29929628285498,Train
1522,CS(=O)(=O)c1ccc(-c2[nH]c(Br)cc2-c2ccc(F)cc2)cc1,4.3979400086720375,Train
1523,NS(=O)(=O)c1ccc(-c2cc(F)c(F)cc2-c2ccc3c(c2)OCCO3)cc1,7.492420754369929,Train
1524,Cc1c(CCC(=O)O)cccc1NC(=O)C(c1ccc(-c2cncc(CC(F)(F)F)c2)c(F)c1)C1CCCC1,7.126679398184601,Train
1525,CS(=O)(=O)c1ccc(-c2sc(-c3ccccc3Cl)nc2-c2ccc(F)cc2)cc1,7.301029995663981,Train
1526,COc1ccc(-n2nc(-c3ccc(Cl)cc3)c3c2CCC(F)C3)cc1,5.6777807052660805,Train
1527,O=C(Nc1ccccc1)Nc1nnc(-c2cccnc2)o1,6.769551078621726,Train
1528,CC(C)(C)c1cc(/C=C2/SC(N)=NC2=O)cc2c1OCC2(C)C,5.522878745280337,Train
1529,Cc1cc(-c2ccc(C(C(=O)Nc3cccc(CC(C)C(=O)O)c3C)C3CCCC3)cc2)cnc1C,6.928117992693874,Train
1530,COc1ccc(-c2cc(CSc3nc4ccccc4c(=O)n3-c3ccc(Cl)cc3)on2)cc1OC,5.876148359032914,Train
1531,O=C(COc1cc(O)c2c(=O)cc(-c3ccccc3)oc2c1)OCc1cc(-c2cccc([N+](=O)[O-])c2)n(-c2ccccc2)n1,5.226213555018807,Train
1532,NS(=O)(=O)c1ccc(-n2cnc(Cl)c2-c2cc(Cl)cc(Cl)c2)cc1,8.698970004336019,Train
1533,CS(=O)(=O)c1ccc(-c2cnn(CC(F)(F)F)c(=O)c2-c2ccccc2)cc1,5.629818655252878,Train
1534,Cc1ccc(-c2ccc(C(C(=O)Nc3cccc(CC(C)C(=O)O)c3C)C3CCCC3)cc2)cn1,6.363512103646634,Train
1535,Cc1nc(-c2nc(C(F)(F)F)cn2-c2ccc(S(N)(=O)=O)cc2)cs1,6.281997277324025,Train
1536,COc1ccc(/N=C/c2ccc(S(N)(=O)=O)cc2)cc1,5.3829996588791005,Train
1537,CC(C)(C)c1cc(/C=C2\OC(=O)NC2=O)cc(C(C)(C)C)c1O,4.468521082957745,Train
1538,COc1c(Cl)cc(C2=C(c3ccc(S(N)(=O)=O)cc3)CC3(CC3)C2)cc1Cl,8.39897391554397,Train
1539,O=C(/N=c1\scc(-c2ccc(F)cc2)n1-c1ccccc1)c1cccs1,7.045757490560675,Train
1540,NS(=O)(=O)c1ccc(N2N=C(C(F)(F)F)CC2c2ccc3ccccc3c2)cc1,4.836242476018044,Train
1541,O=S(=O)(c1ccccc1)N1N=C(C(F)(F)F)CC1c1ccc2ccccc2c1,3.760450279159527,Train
1542,COCc1cn(-c2ccc(S(C)(=O)=O)cc2)c(-c2ccc(Cl)cc2)n1,5.429728663957079,Train
1543,CCOC(OCC)c1ccc(/C=C2\CC/C(=C\c3ccc(C(OCC)OCC)cc3)C2=O)cc1,4.830913642512977,Train
1544,CCCCC#CCSc1ccccc1OC(C)=O,6.096910013008056,Train
1545,COc1c(Cl)cc(C2=C(c3ccc(S(C)(=O)=O)cc3)CCC2)cc1Cl,7.769806696356897,Train
1546,O=C(COc1cc(O)c2c(=O)cc(-c3ccccc3)oc2c1)OCc1cc(-c2ccc([N+](=O)[O-])cc2)n(-c2ccccc2)n1,5.779891911959945,Train
1547,COc1ccc2c(c1)c(CC(=O)Nc1cnccn1)c(C)n2C(=O)c1ccc(Cl)cc1,5.3979400086720375,Train
1548,COc1ccc(/C=C/c2cc(OC)cc(OC)c2/C=C/C(=O)NCCCl)cc1,5.866461091629782,Train
1549,COc1ccc(NNC(=O)c2ccc(Cl)cc2)cc1,6.886056647693163,Train
1550,C=CCc1ccc(O)c(OC)c1,3.889410289700751,Train
1551,Cc1c(CC(=O)N[C@H](CO)C(=O)O)cc(-c2ccc(S(C)(=O)=O)cc2)n1-c1ccc(F)cc1,6.795880017344075,Train
1552,COc1ccc2c(-c3ccc(S(N)(=O)=O)cc3)c(-c3ccc(F)cc3)nn2n1,7.585026652029182,Train
1553,CS(=O)(=O)Nc1cc2c(cc1Sc1ccccc1F)C(=O)CC2,7.0,Train
1554,COc1ccc(Oc2cnccc2NS(=O)(=O)C(F)(F)F)cc1,6.356547323513812,Train
1555,COc1ccc(-n2c(-c3ccc(S(C)(=O)=O)cc3)cc(CC(=O)OCCCCO)c2C)cc1,5.958607314841775,Train
1556,CS(=O)(=O)c1ccc(-n2nc(COc3cc(F)cc(C#N)c3)cc2-c2ccccc2)cc1,6.2441251443275085,Train
1557,CS(=O)(=O)c1ccc(-c2nc(NCc3cccs3)cc(OC3CCCC3)n2)cc1,8.1249387366083,Train
1558,C#CCCCC(=O)c1cc(C(C)(C)C)c(O)c(C(C)(C)C)c1,7.0,Train
1559,O=C(c1cccs1)c1sc(N(c2ccccc2)c2ccccc2)nc1-c1ccc([N+](=O)[O-])cc1,7.045757490560675,Train
1560,CS(=O)(=O)Nc1ccncc1Nc1cccc(Cl)c1,6.136677139879544,Train
1561,Cc1ccc(-c2c(C#N)cnn2-c2ccc(S(N)(=O)=O)cc2)cc1,7.119186407719209,Train
1562,O=C(NS(=O)(=O)c1ccc(Cl)cc1)c1ccncc1,4.8996294548824375,Train
1563,CCCC/C=C/COC(=O)Cc1c(C)n(C(=O)c2ccc(Cl)cc2)c2ccc(OC)cc12,7.301029995663981,Train
1564,NS(=O)(=O)c1ccc(/N=C/c2ccc([N+](=O)[O-])cc2)cc1,5.522878745280337,Train
1565,COC(=O)c1cc(/N=C/c2ccc(S(N)(=O)=O)cc2)ccc1O,5.504455662453552,Train
1566,CCOc1ccc(-c2cc(C(=O)NCCN3CCOCC3)nn2-c2ccc(S(N)(=O)=O)cc2)cc1,6.070581074285707,Train
1567,CS(=O)(=O)Nc1ccncc1Nc1cccc(Br)c1,5.59176003468815,Train
1568,CS(=O)(=O)c1ccc(-c2cnc(C(=O)c3ccccc3)n2-c2ccc(F)cc2)cc1,7.522878745280337,Train
1569,O=c1cc(-c2ccc(O)cc2)oc2cc(O)cc(O)c12,5.096910013008056,Train
1570,COc1ccc(C2=C(c3ccc(S(C)(=O)=O)cc3)CC3(CC3)C2)cc1F,8.0,Train
1571,COc1cc(C2CC(c3cccc(-n4cnnn4)c3)=NN2C(C)=O)cc(OC)c1OC,7.4089353929735005,Train
1572,Cc1ccc(Oc2c(-c3ccc(S(C)(=O)=O)cc3)oc(C)cc2=O)c(Cl)c1,6.619797806278601,Train
1573,CCCCCCOC(=O)Nc1cccc(-c2ccc(C(C)C(=O)O)cc2F)c1,6.769551078621726,Train
1574,Cc1c(CC(=O)NCCCO)c2cc(O)ccc2n1C(=O)c1ccc(Cl)cc1,5.522878745280337,Train
1575,NS(=O)(=O)c1ccc(-n2ncc([N+](=O)[O-])c2-c2ccccc2)cc1,6.538803373026827,Train
1576,CCCCNC(=O)/C=C/c1c(/C=C/c2ccc(OC)cc2)cc(OC)cc1OC,5.991399828238082,Train
1577,CC(C)CSc1cc2c(cc1Cl)C=C(C(=O)O)[C@@H](C(F)(F)F)O2,6.823908740944319,Train
1578,CS(=O)(=O)c1ccc(-c2occc(=O)c2-c2ccc(F)cc2)cc1,2.6504999997518937,Train
1579,COC(=O)CNC(=O)[C@@H](NC(=O)OCc1ccccc1)C(C)C,4.1249387366083,Train
1580,CC(=O)NCc1cc(-n2nc(C(F)(F)F)cc2-c2ccc(Cl)cc2)ccc1S(N)(=O)=O,5.301029995663981,Train
1581,COc1ccc(C2CC(c3ccc(C)c(C)c3)=NN2C2=NC(=O)CS2)cc1,5.537602002101044,Train
1582,NS(=O)(=O)c1ccc(-n2nc(C(=O)N/N=C/c3c(Cl)c4ccccc4oc3=O)cc2-c2ccc(O)cc2)cc1,5.001304841688344,Train
1583,Cc1ncc(-c2ccc(C(C(=O)Nc3cccc(CCC(=O)O)c3C)C3CCC3)cc2F)cc1C(F)(F)F,7.995678626217357,Train
1584,COc1ccc(C(=O)c2c(C)[nH]c3cc(S(C)(=O)=O)ccc23)cc1,5.773800077044279,Train
1585,CS(=O)(=O)c1ccc(-c2nc(NCCc3cccs3)cc(C(F)(F)F)n2)cc1,5.917214629683549,Train
1586,CS(=O)(=O)c1ccc(-n2cc(-c3ccccc3)nc2-c2ccc(Cl)cc2)cc1,6.619897359061326,Train
1587,NC(=O)N1N=C(c2ccccc2)CC1c1cn(-c2ccccc2)nc1-c1ccc(Cl)cc1,5.962573502059376,Train
1588,COc1ccccc1/C=C/C1=NN(c2ccc(S(N)(=O)=O)cc2)C(=O)CC1,7.3585258894959,Train
1589,CCOP(=O)(OCC)C(NC(=O)c1cc(-c2cccc3ccccc23)n(-c2ccc(Br)cc2)n1)c1ccc(Cl)cc1,6.657577319177793,Train
1590,C/C(=N\NC(N)=O)c1nnn(-c2ccc(C(=O)O)cc2)c1C,6.537602002101044,Train
1591,COc1cc(F)cc(-c2nc(C(F)(F)F)cn2-c2ccc(S(N)(=O)=O)cc2)c1,6.338620224107771,Train
1592,C=C1C(=O)O[C@@H]2C3O[C@]3(C)CC/C=C(\C)CC[C@@H]12,6.096910013008056,Train
1593,O=C(O)c1cccnc1Nc1cccc(C(F)(F)F)c1,6.037157318798758,Train
1594,CN(C)c1ccc(-c2cc(C(F)(F)F)nn2-c2ccc(S(N)(=O)=O)cc2)cc1,8.327902142064282,Train
1595,COc1ccc2c(c1)c(CC(=O)N[C@H](CO)CC(C)C)c(C)n2C(=O)c1ccc(Cl)cc1,6.769551078621726,Train
1596,Cc1nnc(/N=C2\NC(=O)/C(=C/c3ccc(Br)cc3)S2)s1,7.0,Train
1597,N#CCC(=O)Nc1nnc(-c2cccnc2)o1,6.251811972993799,Train
1598,CN(C)c1ccc(/C=C2\COC/C(=C\c3ccc(N(C)C)cc3[N+](=O)[O-])C2=O)c([N+](=O)[O-])c1,4.731656086048935,Train
1599,Cc1ccc(Cl)c(Nc2ccccc2C(=O)N[C@@H](C)C(=O)O)c1Cl,4.481486060122113,Train
1600,O=S(=O)(c1ccccc1)N1N=C(C(F)(F)F)CC1c1ccc2c(c1)OCO2,5.247951552180561,Train
1601,CCC(C)[C@@H](CO)NC(=O)Cc1c(C)n(C(=O)c2ccc(Cl)cc2)c2ccc(OC)cc12,6.958607314841775,Train
1602,COc1ccc(-n2c(SCc3cn(-c4ccc(Br)cc4)nn3)nc3ccccc3c2=O)cc1,6.173925197299173,Train
1603,Cc1c(CCC(=O)O)cccc1NC(=O)C(c1ccc(-c2cncc(C(F)(F)F)c2)cc1Cl)C1CCCC1,6.555955204081924,Train
1604,CC(C)C[C@H](NC(=O)[C@@H](NC(=O)[C@H](C)NC(=O)CNC(=O)OCc1ccccc1)C(C)C)C(=O)O,5.096910013008056,Train
1605,Cc1ccc(C2=NN(C3=NC(=O)CS3)C(c3ccccc3C)C2)cc1C,5.200659450546418,Train
1606,COC1(c2cc(F)cc(OCc3cc(-c4ccccc4)n(-c4ccc(S(N)(=O)=O)cc4)n3)c2)CCOCC1,7.0,Train
1607,O=C1CS/C(=N/c2nnc(-c3ccccc3O)s2)N1,6.721246399047171,Train
1608,Cc1[nH]c2cc(S(C)(=O)=O)ccc2c1Sc1ccc(F)cc1F,6.113509274827518,Train
1609,COC(=O)CC[C@H](NC(=O)[C@H](Cc1cnc[nH]1)NC(=O)C(=O)c1cn(S(=O)(=O)c2ccc(C)cc2)c2ccccc12)C(=O)OC,5.440093374963888,Train
1610,Cc1cccc(C2CC(c3ccc(Cl)c(Cl)c3)=NN2C2=NC(=O)CS2)c1,5.142667503568731,Train
1611,Cc1ncc(-c2ccc(C(C(=O)Nc3cccc(C(C)CC(=O)O)c3C)C3CCCC3)cc2F)cc1Cl,7.642065152999546,Train
1612,NS(=O)(=O)c1ccc(-n2nc(C(F)(F)F)cc2-c2csc3ccccc23)cc1,6.457964005399849,Train
1613,CC(C)(C)c1cc(C(=O)NC2CC2)cc2c1OCC2(C)C,6.259637310505756,Train
1614,[2H]C([2H])([2H])c1c(Br)c2c(c(C([2H])([2H])[2H])c1Br)C=C(C(=O)O)C(C(F)(F)F)O2,7.075720713938118,Train
1615,NS(=O)(=O)c1ccc(-n2nc(C(=O)NCCN3CCOCC3)cc2-c2ccc(Cl)cc2)cc1,6.508638306165727,Train
1616,COc1ncccc1-c1ccc(C(C(=O)Nc2cccc(CCC(=O)O)c2C)C2CCCC2)cc1,5.5934598195660445,Train
1617,CC1(C)CC(c2ccc(Cl)cc2)=C(c2ccc(S(C)(=O)=O)cc2)C1,8.152465023828446,Train
1618,CS(=O)(=O)c1ccc(-c2occ(Cl)c(=O)c2-c2ccc(F)c(F)c2)cc1,2.90839999924685,Train
1619,CS(=O)(=O)Nc1cc2c(cc1Sc1ccccn1)C(=O)CC2,7.0,Train
1620,COc1ccc(-c2c(-c3ccc(S(C)(=O)=O)cc3)occ(Cl)c2=O)cc1,2.163000000008996,Train
1621,COC(=O)[C@H](Cc1ccccc1)n1cc(COc2nc(Cl)nc(Nc3ccc(Cl)cc3)n2)nn1,5.096910013008056,Train
1622,CC(Nc1cc(C(F)(F)F)nc(-c2ccc(S(C)(=O)=O)cc2)n1)c1ccccc1,6.282495925235798,Train
1623,CCCCCCNC(=O)Oc1cccc(-c2ccc([C@@H](C)C(=O)O)cc2F)c1,4.642065152999546,Train
1624,CS(=O)(=O)c1ccc(-c2cc3c(cc2-c2ccc(F)cc2)OCO3)cc1,7.080921907623926,Train
1625,O=C(O)Cn1nncc1CO[C@@H](C(=O)O)[C@@H](OCc1cnnn1CC(=O)O)C(=O)O,8.397940008672037,Train
1626,CS(=O)(=O)c1ccc(-c2ccccc2-c2ccc(F)cc2)cc1,6.585026652029182,Train
1627,CS(=O)(=O)c1ccc(C2=C(c3ccc(C#N)cc3)CCC2)cc1,4.108462542327436,Train
1628,C/C(=C(\c1ccccc1)c1ccc(NS(C)(=O)=O)cc1)c1ccccc1,4.480172006224281,Train
1629,[2H]C([2H])([2H])c1cc(Cl)cc2c1OC(C(F)(F)F)C(C(=O)O)=C2,7.229147988357855,Train
1630,CN(c1ccccc1)c1cnccc1NS(=O)(=O)C(F)(F)F,4.3222106089311385,Train
1631,COc1c(F)cc(-c2cc(C(F)F)nn2-c2ccc(S(N)(=O)=O)cc2)cc1F,6.457964005399849,Train
1632,NS(=O)(=O)c1ccc(N2N=C3c4ccccc4CCC3C2c2ccccc2)cc1,5.078833949362261,Train
1633,O=C(CNc1ncnc2sc3c(c12)CCCC3)NN=C1C(=O)Nc2ccccc21,5.413412695328245,Train
1634,Cc1cc(-c2nc(C(F)(F)F)cn2-c2ccc(S(C)(=O)=O)cc2)ccc1F,6.7697811210384575,Train
1635,COc1cccc(-c2cc(C(=O)N3CCOCC3)nn2-c2ccc(S(N)(=O)=O)cc2)c1,5.647817481888637,Train
1636,COc1ccc(-n2nc(COc3cc(F)cc(C4(OC)CCOCC4)c3)cc2-c2ccccc2)cc1,6.522878745280337,Train
1637,CC1(O)OC(=O)C(c2cccs2)=C1c1ccc(S(C)(=O)=O)cc1,5.721246399047171,Train
1638,NS(=O)(=O)c1ccc(-n2nc(COC(=O)c3cc4ccccc4oc3=O)cc2-c2ccc(F)cc2)cc1,5.473660722610156,Train
1639,Cc1cncc(-c2ccc(C(C(=O)Nc3cccc(CCC(=O)O)c3C)C3CCCC3)cc2)c1,6.79317412396815,Train
1640,O=c1c2ccccc2nc(SCc2cn(-c3ccccc3)nn2)n1-c1ccccc1,6.050609993355087,Train
1641,NS(=O)(=O)c1ccc(/N=C/c2ccc(F)cc2)cc1,5.653647025549361,Train
1642,Cc1ccc(CNc2cc(Cl)nc(-c3ccc(S(C)(=O)=O)cc3)n2)cc1,7.35261702988538,Train
1643,CS(=O)(=O)c1ccc(-c2cc(C(F)(F)F)nc(NCc3ccccc3)n2)cc1,9.602059991327964,Train
1644,CCS(=O)(=O)Nc1ccncc1Oc1ccccc1,4.850472986245652,Train
1645,COc1ccc2c(c1)c(CCNC(=O)c1ccc(O[N+](=O)[O-])cc1)c(C)n2C(=O)c1ccc(Cl)cc1,5.823908740944319,Train
1646,[2H]C([2H])([2H])C([2H])([2H])c1cc(OC(F)(F)F)cc2c1OC(C(F)(F)F)C(C(=O)O)=C2,7.214670164989233,Train
1647,CONC1=NC(=O)/C(=C/c2cc(C(C)(C)C)c(O)c(C(C)(C)C)c2)S1,5.769551078621726,Train
1648,O=C(NS(=O)(=O)c1ccc(Br)cc1)c1cccc(C(=O)NS(=O)(=O)c2ccc(Br)cc2)n1,6.096910013008056,Train
1649,CS(=O)(=O)c1ccc(-n2nc(C(F)(F)F)cc2-c2ccc(F)cc2)cc1,7.0,Train
1650,CS(=O)(=O)c1ccc(-c2sc(-c3cccs3)nc2-c2ccc(F)cc2)cc1,7.67778070526608,Train
1651,Cc1c(CCC(=O)O)cccc1NC(=O)C(c1ccc(-c2cncc(CC(F)(F)F)c2)c(F)c1)C1CCC1,7.177831920631983,Train
1652,NS(=O)(=O)c1ccc(N2N=C3c4ccccc4OCC3C2c2ccccc2Cl)cc1,5.642065152999546,Train
1653,Cc1cc(=O)c(Oc2ccc(Cl)c(Cl)c2)c(-c2ccc(S(C)(=O)=O)cc2)o1,5.471083299722345,Train
1654,O=S(=O)(Nc1ccncc1Oc1ccc(Br)cc1)C(F)(F)F,4.858863909879261,Train
1655,CSc1ccc(-c2c(Cl)ncn2-c2ccc(S(C)(=O)=O)cc2)cc1,7.958607314841775,Train
1656,O=[N+]([O-])c1ccc(-c2nn(-c3ccccc3)cc2-c2nnc(-c3ccc(Cl)cc3)o2)cc1,5.920818753952375,Train
1657,Cc1ccc(-c2cc(C(=O)N3CCSCC3)nn2-c2ccc(S(N)(=O)=O)cc2)cc1,6.050609993355087,Train
1658,CC(C)Cc1cc2c(cc1Cl)C=C(C(=O)O)[C@H](C(F)(F)F)O2,8.154901959985743,Train
1659,Cc1ccc(Cl)c(Nc2ccccc2C(=O)NOCc2ccccc2)c1Cl,4.180456064458132,Train
1660,COc1ccc2c(c1)c(CCNS(=O)(=O)CCCO[N+](=O)[O-])c(C)n2C(=O)c1ccc(Cl)cc1,5.920818753952375,Train
1661,O=S(=O)(Nc1ccncc1Nc1cccc(Br)c1)C(F)(F)F,6.920818753952375,Train
1662,COc1ccc(Oc2cnccc2NS(C)(=O)=O)cc1,5.627087997029893,Train
1663,NS(=O)(=O)c1ccc(-c2[nH]c3ccc(F)cc3c2-c2ccccc2)cc1,8.698970004336019,Train
1664,FC(F)(F)c1cc(-c2ccc(Cl)cc2)n(-c2ccc(Cl)cc2)n1,5.319832285178109,Train
1665,CC(C(=O)[O-])c1ccc(C[C@H]2CCC[C@@H]2O)cc1-c1ccc(O)cc1,4.698970004336019,Train
1666,O=C(O)c1ccc(-n2cc(CSc3nc4ccccc4c(=O)n3-c3ccccc3)nn2)cc1,6.173925197299173,Train
1667,CCC(CC(=O)O)c1cccc(NC(=O)[C@@H](c2ccc(-c3cncc(OC(C)C)c3)cc2)C2CCCC2)c1C,7.777283528852417,Train
1668,CC(C)(C)c1cc(-c2csc(N=C(N)N)n2)cc2c1OCC2(C)C,5.045757490560675,Train
1669,Cc1c(CCOCCO)cc(-c2ccc(S(C)(=O)=O)cc2)n1-c1ccccc1,7.568636235841012,Train
1670,Cc1c(CCOCCO)cc(-c2ccc(S(C)(=O)=O)cc2)n1-c1ccc(F)cc1,7.050609993355087,Train
1671,Cc1ccc(-c2nc(N3CCOCC3)sc2C(=O)c2cccs2)cc1,7.045757490560675,Train
1672,COC(=O)[C@@H](NC(=O)[C@H](C)NC(=O)CNC(=O)OCc1ccccc1)C(C)C,7.0,Train
1673,COCCCNC(=O)c1ccccc1Nc1c(Cl)ccc(C)c1Cl,4.958607314841775,Train
1674,Cc1ccc(Cl)c(Nc2ccccc2C(=O)NCCBr)c1Cl,5.698970004336019,Train
1675,NS(=O)(=O)c1ccc(C2=C(c3ccc(F)c(Cl)c3)CC3(CC3)C2)cc1,8.821891432890133,Train
1676,CCOP(=O)(OCC)C(NC(=O)c1cc(-c2cccc3ccccc23)n(-c2ccc(F)cc2)n1)c1ccc(Br)cc1,6.657577319177793,Train
1677,CS(=O)(=O)c1ccc(-c2sc(-c3ccccc3Cl)nc2-c2ccccc2F)cc1,8.0,Train
1678,Cc1ccc(C2=NN(C3=NC(=O)CS3)C(c3ccc(Cl)cc3)C2)cc1C,5.346787486224656,Train
1679,NS(=O)(=O)c1ccc(-n2nc(C(F)(F)F)cc2-c2ccccc2)cc1,7.494850021680094,Train
1680,O=C(c1cccs1)c1sc(Nc2ccccc2)nc1-c1ccc(F)cc1,7.045757490560675,Train
1681,CCOc1ccc2c(-c3ccc(S(C)(=O)=O)cc3)c(-c3ccc(F)cc3)nn2n1,7.366531544420414,Train
1682,C[C@@H]1C[C@@H]2OC(=O)[C@]3(C)[C@H]2[C@@H](OC3(C)O)[C@]2(C)C(=O)C=C[C@@H]12,4.7447274948966935,Train
1683,NS(=O)(=O)c1ccc(-n2nc(C(F)(F)F)cc2-c2ccc3c(c2)CCC3)cc1,7.509339913370447,Train
1684,COc1ccc(Sc2cc3c(cc2NS(C)(=O)=O)CCC3=O)cc1,7.0,Train
1685,O=S(=O)(Nc1ccncc1Nc1cccc(Cl)c1)C(F)(F)F,6.568636235841012,Train
1686,COC1(c2cc(F)cc(OCc3cc(-c4ccccc4)n(-c4ccc(OC(F)(F)F)cc4)n3)c2)CCOCC1,6.086186147616283,Train
1687,Cc1ccncc1-c1nc(C(F)(F)F)cn1-c1ccc(S(N)(=O)=O)cc1,4.292429823902063,Train
1688,CCCC/C(=C(\c1ccccc1)c1ccc(S(C)(=O)=O)cc1)c1cc(C(C)(C)C)c(O)c(C(C)(C)C)c1,5.481486060122112,Train
1689,Cc1ccc(-c2ccc(S(C)(=O)=O)cc2)n1C1CCCCC1,6.2839966563652006,Train
1690,Cc1c(CCOCCCO)cc(-c2ccc(S(C)(=O)=O)cc2)n1-c1cccc(F)c1,5.823908740944319,Train
1691,NS(=O)(=O)c1ccc(-n2cc(C(F)(F)F)nc2-c2cccnc2)cc1,6.358271588491376,Train
1692,Cc1cnn(-c2ccc(S(N)(=O)=O)cc2)c1-c1ccccc1,4.326979092871103,Train
1693,CONC1=NC(=O)/C(=C/c2cc(C(C)C)c(O)c(C(C)C)c2)S1,6.2441251443275085,Train
1694,O=C([O-])Cc1ccccc1Nc1c(Cl)cccc1Cl,6.096910013008056,Train
1695,NS(=O)(=O)c1ccc(-c2nc(NCc3ccsc3)cc(C(F)(F)F)n2)cc1,7.213750072860137,Train
1696,CCc1c(NCc2ccc(F)cc2)nc(-c2ccc(S(C)(=O)=O)cc2)nc1C(F)(F)F,6.988006885340743,Train
1697,Cc1nnc(/N=C2\NC(=O)/C(=C/c3ccc(Cl)cc3)S2)s1,7.0,Train
1698,Cc1ccc(S(=O)(=O)n2cc(C(=O)C(=O)N[C@@H](Cc3c[nH]c4ccccc34)C(=O)O)c3ccccc32)cc1,4.8696662315049934,Train
1699,CC(C)CN(C)c1cc2c(cc1Cl)C=C(C(=O)O)[C@H](C(F)(F)F)O2,7.070581074285707,Train
1700,Cc1cc(=O)c(Oc2ccc(F)cc2C)c(-c2ccc(S(C)(=O)=O)cc2)o1,6.744715431496177,Train
1701,NS(=O)(=O)c1ccc(-n2nc(C(=O)N/N=C/c3c(Cl)c4ccccc4oc3=O)cc2-c2ccccc2)cc1,5.343901797987169,Train
1702,Cc1c(CC(=O)NCCCO[N+](=O)[O-])c2cc(OS(N)(=O)=O)ccc2n1C(=O)c1ccc(Cl)cc1,4.580044251510242,Train
1703,O=S(=O)(c1ccccc1)N1N=C(C(F)(F)F)CC1c1cccc2ccccc12,4.17308335281508,Train
1704,COc1c(F)cc(-c2nc(C(F)(F)F)cn2-c2ccc(S(C)(=O)=O)cc2)cc1F,6.7697811210384575,Train
1705,Cc1cnc(NC(=O)N2C(=O)c3ccccc3S(=O)(=O)C2C)s1,3.558461961297839,Train
1706,CC/C(=C(\c1ccccc1)c1ccc(S(C)(=O)=O)cc1)c1cc(C(C)(C)C)c(O)c(C(C)(C)C)c1,4.494850021680094,Train
1707,CS(=O)(=O)c1ccc(-c2occ(Cl)c(=S)c2-c2ccc(F)cc2)cc1,3.0778999974485206,Train
1708,COC(=O)[C@H](Cc1ccccc1)n1nncc1COc1ccc2ccccc2c1-c1c(OCc2cnnn2[C@@H](Cc2ccccc2)C(=O)OC)ccc2ccccc12,4.267606240177032,Train
1709,NS(=O)(=O)c1ccc(-c2cc(F)c(F)cc2-c2ccc(F)cc2)cc1,8.39897391554397,Train
1710,CC1(C)OC(=O)C(Oc2ccc(F)cn2)=C1c1ccc(S(C)(=O)=O)cc1,7.397940008672037,Train
1711,CCCCCCNC(=O)Oc1cccc(-c2ccc(C(C)C(=O)O)cc2C(F)(F)F)c1,6.698970004336019,Train
1712,COc1ccc(-c2nc(C(F)(F)F)cn2-c2ccc(S(N)(=O)=O)cc2)cc1F,7.521435901161594,Train
1713,CCOP(=O)(OCC)C(NC(=O)c1cc(-c2cccc3ccccc23)n(-c2ccc(Br)cc2)n1)c1ccc(OC)cc1,6.657577319177793,Train
1714,CC(C)(C)c1cc(/C=C2\SC(=S)NC2=O)cc(C(C)(C)C)c1O,5.823908740944319,Train
1715,CC1(C)OC(=O)C(Oc2cccc3cnccc23)=C1c1ccc(S(C)(=O)=O)cc1,6.173925197299173,Train
1716,COc1ccc(C2=C(c3ccc(S(C)(=O)=O)cc3)CC3(CC3)C2)cc1Br,8.388070392334685,Train
1717,Cc1c(CCOCCCO[N+](=O)[O-])cc(-c2ccc(S(C)(=O)=O)cc2)n1-c1ccc(F)cc1,6.721246399047171,Train
1718,Cc1ccc(S(=O)(=O)n2cc(C(=O)C(=O)N[C@@H](Cc3c[nH]c4ccccc34)C(=O)NCC(=O)O)c3ccccc32)cc1,8.200659450546418,Train
1719,Cc1ccc(Cl)c(Nc2ccccc2C(=O)NCC(=O)O)c1Cl,6.522878745280337,Train
1720,Cc1ccc(N(C)c2nc(-c3ccc(S(C)(=O)=O)cc3)cc(C(F)(F)F)n2)cc1,8.522878745280337,Train
1721,O=S(=O)(Nc1ccncc1Nc1ccc(Br)cc1)C(F)(F)F,6.040958607678906,Train
1722,CS(=O)(=O)c1ccc(-c2sc(-c3ccccc3Cl)nc2-c2ccccc2)cc1,8.0,Train
1723,Cc1ccc(-n2cc(COc3ccc(/C=C4\SC(=S)NC4=O)cc3)nn2)cc1,6.3872161432802645,Train
1724,Cc1cccc(CNc2cc(C(F)(F)F)nc(-c3ccc(S(C)(=O)=O)cc3)n2)c1,5.714442690992226,Train
1725,COc1ccc(C2CC(c3ccc(Cl)c(Cl)c3)=NN2C2=NC(=O)CS2)cc1,5.167491087293763,Train
1726,Cc1ccc(-c2c(-c3ccc(S(C)(=O)=O)cc3)occ(Cl)c2=O)cc1,2.754299999201596,Train
1727,COc1c(Br)cc(-c2nc(C(F)(F)F)cn2-c2ccc(S(C)(=O)=O)cc2)cc1Br,7.047866792018674,Train
1728,Brc1ccc(-c2nn(-c3ccccc3)cc2-c2nnc(-c3ccncc3)o2)cc1,4.4089353929735005,Train
1729,O=C(CNc1ncnc2sc3c(c12)CCCC3)NNC(=O)Nc1ccccc1,5.114638779968487,Train
1730,COc1ccc(-c2c(-c3ccc(S(C)(=O)=O)cc3)ccc(F)c2F)cc1OC,6.470005326930858,Train
1731,Cc1ccc(-c2cscc2-c2ccc(S(C)(=O)=O)cc2)cc1,5.3979400086720375,Train
1732,CS(=O)(=O)c1ccc2c(Sc3ccc(F)cc3)c(C(N)=O)[nH]c2c1,5.917214629683549,Train
1733,O=C1COCCN1c1ccc(Nc2nc(Cl)nc(N3CCCC3)n2)cc1,7.221848749616356,Train
1734,Cc1cc(=O)c(C2CCCCC2)c(-c2ccc(S(C)(=O)=O)cc2)o1,5.832682665251824,Train
1735,Cc1onc(-c2ccccc2)c1-c1ccc(S(N)(=O)=O)cc1,6.73754891026957,Train
1736,CS(=O)(=O)c1ccc(-c2occ(Cl)c(=O)c2-c2cc(F)cc(F)c2)cc1,2.630099999782637,Train
1737,O=C1NC(=S)S/C1=C\c1ccc(OCc2cn(-c3ccc(C(=O)O)cc3)nn2)cc1,6.443697499232712,Train
1738,Cc1ccc(-c2ccc(S(C)(=O)=O)cc2)n1-c1ccc(F)cc1,7.220909811139509,Train
1739,NS(=O)(=O)c1ccc(-n2nc(C(=O)N3CCSCC3)cc2-c2ccc(C(F)(F)F)cc2)cc1,6.721246399047171,Train
1740,COc1cc(-c2c(Cl)ncn2-c2ccc(S(C)(=O)=O)cc2)ccc1F,7.795880017344075,Train
1741,COc1cc(F)cc(-c2nc(C(F)(F)F)cn2-c2ccc(S(C)(=O)=O)cc2)c1,6.018864971493346,Train
1742,CS(=O)(=O)c1ccc(C2=C(c3ccc(F)c(Cl)c3)CCC2)cc1,7.521435901161594,Train
1743,CCCCOCCOC(=O)Cc1c(C)n(C(=O)c2ccc(Cl)cc2)c2ccc(OC)cc12,7.221848749616356,Train
1744,COc1c(CCC(=O)O)cccc1NC(=O)C(c1ccc(-c2cncc(Cl)c2)cc1)C1CCCC1,6.244887733604928,Train
1745,Cc1c(CCC(=O)O)cccc1NC(=O)[C@@H](c1ccc(-c2cncc(Cl)c2)cc1)C1CCCC1,7.454694646085796,Train
1746,Cc1c(NC(=O)[C@@H](c2ccc(-c3cncc(Cl)c3)cc2)C2CCCC2)cccc1C(O)CC(=O)O,6.634512015109101,Train
1747,COc1ccc(-c2c(Cl)ncn2-c2ccc(S(C)(=O)=O)cc2)cc1F,8.397940008672037,Train
1748,CS(=O)(=O)c1ccc(C=C(c2ccc(F)cc2)c2ccc(F)cc2)cc1,4.494850021680094,Train
1749,Cc1ccccc1-c1nc(C(F)(F)F)cn1-c1ccc(S(N)(=O)=O)cc1,6.699480900891103,Train
1750,COc1ccccc1/C=C/C1=NNC(S)CC1,7.3585258894959,Train
1751,CSc1ccc(-c2cscc2-c2ccc(SC)cc2)cc1,3.995678626217358,Train
1752,Cc1c(CCC(=O)O)cccc1NC(=O)C(c1ccc(-c2cnc(F)c(C(F)(F)F)c2)c(F)c1)C1CCCC1,7.714442690992226,Train
1753,Cc1c(CCC(=O)O)cccc1NC(=O)C(c1ccc(-c2cncc(C(F)(F)F)c2)cc1)C1CCCCC1,7.268411234813261,Train
1754,Cc1cc(-c2ccc(C(C(=O)Nc3cccc(C(C)CC(=O)O)c3C)C3CCCC3)cc2)cnc1C,7.448550002027125,Train
1755,NS(=O)(=O)c1ccc(-n2nc(C(F)(F)F)cc2-c2ccc(C(=O)O)cc2)cc1,4.950781977329818,Train
1756,Cc1cc(=O)c(Oc2ccc(Cl)cc2C)c(-c2ccc(S(C)(=O)=O)cc2)o1,6.721120718601135,Train
1757,Cc1ccc(-n2nc(COC(=O)COc3cc(O)c4c(=O)cc(-c5ccccc5)oc4c3)cc2-c2ccc(Br)cc2)cc1,5.96657624451305,Train
1758,Cc1c(C#N)cc(-c2ccc(S(C)(=O)=O)cc2)n1-c1ccc(F)cc1,6.122468674143265,Train
1759,O=S(=O)(Nc1ccncc1Oc1ccc(Cl)cc1Cl)C(F)(F)F,5.5934598195660445,Train
1760,O=[N+]([O-])c1ccc(/C=N/c2nnc(-c3cccnc3)o2)cc1,6.6777807052660805,Train
1761,Cc1ccc(-c2nc(C(F)(F)F)cn2-c2ccc(S(N)(=O)=O)cc2)cc1,7.398973915543969,Train
1762,CS(=O)(=O)c1ccc(-c2cc(F)c(F)cc2-c2ccc(F)cc2)cc1,7.851864901236602,Train
1763,COc1ccc(-n2nc(C(F)(F)F)cc2-c2ccc(S(N)(=O)=O)cc2)cc1,8.171957130681527,Train
1764,Cc1ccc(-c2c(Cl)ncn2-c2ccc(S(C)(=O)=O)cc2)cc1F,8.221848749616356,Train
1765,Cc1ncc(-c2ccc(C(C(=O)Nc3cccc(CC(C)C(=O)O)c3C)C3CCCC3)cc2)cc1Cl,6.158986158188885,Train
1766,Cc1ccc(S(=O)(=O)N2N=C(C(F)(F)F)CC2c2cccc3ccccc23)cc1,4.050268547684293,Train
1767,CS(=O)(=O)c1ccc(-n2cc(C(F)(F)F)nc2-c2ccccc2)cc1,6.919987152892072,Train
1768,CS(=O)(=O)c1ccc(-c2cc3c(cc2-c2ccc(F)cc2)COC3)cc1,7.079981083971085,Train
1769,CN(C)c1ccc(/N=C/c2ccc(S(N)(=O)=O)cc2)cc1,5.709965388637482,Train
1770,Cc1ccc(C2=NN(C(N)=O)C(c3cn(-c4ccccc4)nc3-c3ccc(Cl)cc3)C2)cc1,5.962573502059376,Train
1771,Cc1cccc(C2CC(c3ccc(C)c(C)c3)=NN2C2=NC(=O)CS2)c1,5.568636235841012,Train
1772,NS(=O)(=O)c1ccc(-c2[nH]c3ccccc3c2-c2ccc(O)cc2)cc1,8.191046706078257,Train
1773,CC(C(=O)[O-])c1ccc(CC2CCCC2=O)cc1F,4.853871964321762,Train
1774,CS(=O)(=O)c1ccc(-c2[nH]c(SC#N)cc2-c2ccc(F)cc2)cc1,4.142667503568732,Train
1775,COC(=O)CC1N(C(=O)Nc2nc3ccccc3s2)C(=O)c2ccccc2S1(=O)=O,3.776504059037605,Train
1776,COc1ccc(NC(=O)C(c2ccc(-c3cncc(Cl)c3)cc2)C2CCCC2)c(C)c1CCC(=O)O,7.590010993489406,Train
1777,Cc1c(NCc2cccs2)nc(-c2ccc(S(C)(=O)=O)cc2)nc1C(F)(F)F,7.4179366370882915,Train
1778,Cn1cccc1CCNc1cc(C(F)(F)F)nc(-c2ccc(S(C)(=O)=O)cc2)n1,5.400116927926312,Train
1779,CS(=O)(=O)c1ccc(-c2cc(Br)sc2-c2ccc(F)cc2)cc1,8.0,Train
1780,CC1(C)OC(=O)C(Oc2cnccn2)=C1c1ccc(S(C)(=O)=O)cc1,6.259637310505756,Train
1781,CCOP(=O)(OCC)C(NC(=O)c1cc(-c2cccc(Cl)c2)n(-c2ccc(S(N)(=O)=O)cc2)n1)c1ccc(Br)cc1,6.552841968657781,Train
1782,COc1ccc(Nc2nc(Cl)nc(Nc3ccc(N4CCOCC4=O)cc3)n2)cc1,5.221848749616356,Train
1783,CCOP(=O)(OCC)C(NC(=O)c1cc(-c2cccc(OC)c2)n(-c2ccc(S(N)(=O)=O)cc2)n1)c1ccccc1,6.552841968657781,Train
1784,O=C1CSC(N2N=C(c3ccc(Cl)c(Cl)c3)CC2c2cccc(Cl)c2)=N1,4.79317412396815,Train
1785,CS(=O)(=O)c1ccc(-c2[nH]c3ccccc3c2-c2ccc(Br)cc2)cc1,9.431915684554928,Train
1786,Cc1c(S(=O)(=O)C(F)(F)F)cc(-c2ccc(S(C)(=O)=O)cc2)n1-c1ccc(F)cc1,7.221848749616356,Train
1787,COc1cccc(-c2cc(C(=O)N3CCSCC3)nn2-c2ccc(S(N)(=O)=O)cc2)c1,5.709965388637482,Train
1788,Cc1cc(F)cc(-c2nc(C(F)(F)F)cn2-c2ccc(S(C)(=O)=O)cc2)c1,6.959299339414116,Train
1789,N#Cc1ccc(-c2nc(N(c3ccccc3)c3ccccc3)sc2C(=O)c2cccs2)cc1,7.045757490560675,Train
1790,O=C(/N=c1/scc(-c2ccccc2)n1-c1ccccc1)c1cccs1,7.045757490560675,Train
1791,COc1ccc(/C=C/c2cc(OC)cc(OC)c2/C=C/C(=O)N2CC(C)CC(C)C2)cc1,5.703334809738469,Train
1792,Cc1cccc(-c2nc(C(F)(F)F)cn2-c2ccc(S(C)(=O)=O)cc2)n1,5.538801114225389,Train
1793,CCc1ccc(Sc2cc3c(cc2NS(C)(=O)=O)CCC3=O)cc1,7.0,Train
1794,COc1ccc(-n2c(-c3ccc(S(N)(=O)=O)cc3)coc2=O)cc1,6.677894478859408,Train
1795,Clc1ccc(-c2nnc(/N=C/c3ccccc3)o2)cc1,7.091514981121351,Train
1796,CC1(C)OC(=O)C(Oc2ccc3sccc3c2)=C1c1ccc(S(C)(=O)=O)cc1,7.698970004336019,Train
1797,O=C(NNc1ccccc1)c1ccccc1,5.0,Train
1798,NS(=O)(=O)c1ccc(/N=C/c2ccc(O)cc2)cc1,5.465973893943865,Train
1799,Cc1cncc(-c2ccc(C(C(=O)Nc3cccc(C(CC(=O)O)C4CC4)c3C)C3CCCC3)cc2)c1,6.853871964321762,Train
1800,CCOP(=O)(OCC)C(C)NC(=O)c1cc(-c2ccc(C)cc2)n(-c2ccc(S(N)(=O)=O)cc2)n1,6.552841968657781,Train
1801,CCOP(=O)(OCC)C(NC(=O)c1cc(-c2ccccc2Cl)n(-c2ccc(S(N)(=O)=O)cc2)n1)c1ccccc1,6.552841968657781,Train
1802,Cc1ccc(Cl)c(Nc2ccccc2C(=O)NCCO)c1Cl,6.0,Train
1803,CCOP(=O)(OCC)C(NC(=O)c1cc(-c2ccc(OC)cc2)n(-c2ccc(S(N)(=O)=O)cc2)n1)c1ccccc1,6.552841968657781,Train
1804,Cc1cc(=O)c(Oc2ccc(Br)cc2)c(-c2ccc(S(C)(=O)=O)cc2)o1,6.443848348312034,Train
1805,CS(=O)(=O)c1ccc(-c2sc(CCCc3ccc(Br)cc3)nc2-c2ccc(F)cc2)cc1,8.154901959985743,Train
1806,Cc1cc(-c2cc(F)c(F)cc2-c2ccc(S(N)(=O)=O)cc2)ccc1F,8.699513552156626,Train
1807,NS(=O)(=O)c1ccc(-n2nc(C(=O)OCCOc3ccc4ccc(=O)oc4c3)cc2-c2cccc(F)c2)cc1,6.065501548756432,Train
1808,CS(=O)(=O)c1ccc(-c2sc(-c3ccccc3Cl)nc2-c2cccc(F)c2)cc1,7.795880017344075,Train
1809,Cc1c(CC(=O)NCCCO)cc(-c2ccc(S(C)(=O)=O)cc2)n1-c1cccc(F)c1,7.853871964321762,Train
1810,CC(=O)Oc1ccccc1SCCCCCCBr,4.920818753952375,Train
1811,NS(=O)(=O)c1ccc(-n2nc(C(F)(F)F)cc2-c2ccccn2)cc1,4.341035157335565,Train
1812,CS(=O)(=O)c1ccc(-n2cc(C(F)(F)F)nc2-c2cccc(N)c2)cc1,5.229942225512338,Train
1813,CCc1cc(OC(F)(F)F)cc2c1OC(C(F)(F)F)C(C(=O)O)=C2,7.220286100120255,Train
1814,CCOP(=O)(OCC)C(C)NC(=O)c1cc(-c2cccc(OC)c2)n(-c2ccc(S(N)(=O)=O)cc2)n1,6.552841968657781,Train
1815,O=C(c1cccs1)c1sc(N2CCOCC2)nc1-c1ccc([N+](=O)[O-])cc1,7.045757490560675,Train
1816,COc1ccc(-c2nc(C(F)(F)F)cn2-c2ccc(S(C)(=O)=O)cc2)cn1,5.920410177937011,Train
1817,O=C1CSC(N2N=C(c3ccc(Cl)c(Cl)c3)CC2c2ccccc2)=N1,5.568636235841012,Train
1818,COc1ccc(-n2nc(-c3ccc(Cl)cc3)c3c2CCC(N(O)C(C)=O)C3)cc1,5.619788758288394,Train
1819,CS(=O)(=O)c1ccc(-c2cnc(C#N)n2-c2ccc(F)cc2)cc1,7.292429823902063,Train
1820,COc1ccc(Sc2c(C#N)[nH]c3cc(S(C)(=O)=O)ccc23)c(Cl)c1,6.222029781090744,Train
1821,CCCc1ccc(-c2c(Cl)ncn2-c2ccc(S(C)(=O)=O)cc2)cc1,7.0,Train
1822,CS(=O)(=O)c1ccc(-c2[nH]c(Cl)c(Cl)c2-c2ccc(F)cc2)cc1,4.161150909262744,Train
1823,CS(=O)(=O)c1ccc(C2=C(c3ccccc3)CCC2)cc1,5.647817481888637,Train
1824,CCOc1cccc(OCc2cc(-c3ccccc3)n(-c3ccc(S(C)(=O)=O)cc3)n2)c1,6.045757490560675,Train
1825,COc1ccc(/C=C/c2cc(OC)cc(OC)c2/C=C/C(=O)NC(C)(C)C)cc1,4.953895212753961,Train
1826,CS(=O)(=O)Nc1cc2c(cc1Sc1nccs1)C(=O)CC2,7.0,Train
1827,NS(=O)(=O)c1ccc(-n2nc(C(=O)N/N=C/c3c(Cl)c4ccccc4oc3=O)cc2-c2ccc(F)cc2)cc1,6.769551078621726,Train
1828,CC1(C)OC(=O)C(Oc2cccc(Cl)n2)=C1c1ccc(S(C)(=O)=O)cc1,6.455931955649724,Train
1829,CC(C)Cc1ccc(C(C)C(=O)O)cc1,4.592949185195749,Train
1830,Cc1cc2c(c(C)c1Cl)C=C(C(=O)O)[C@H](C(F)(F)F)O2,5.892790030352131,Train
1831,COc1ccc(-c2c(-c3ccc(S(N)(=O)=O)cc3)ccc(F)c2F)cc1Cl,7.890084136976206,Train
1832,Cc1cc(-c2ccc(S(C)(=O)=O)cc2)c(-c2ccc(F)cc2)s1,5.0,Train
1833,CS(=O)(=O)c1ccc(-c2nc(NCc3csc4ccccc34)cc(C(F)(F)F)n2)cc1,5.0,Train
1834,CS(=O)(=O)c1ccc(-c2[nH]c([N+](=O)[O-])cc2-c2ccc(F)cc2)cc1,4.200659450546418,Train
1835,Cc1ccc(-c2c(-c3ccc(S(C)(=O)=O)cc3)ccc(F)c2F)cc1Cl,7.890084136976206,Train
1836,NS(=O)(=O)c1ccc(-c2nc(NCc3ccccn3)cc(C(F)(F)F)n2)cc1,5.522878745280337,Train
1837,O=C1COCCN1c1ccc(Nc2nc(Cl)nc(Nc3ccccc3)n2)cc1,7.0,Train
1838,C=C1C(=O)O[C@@H]2/C=C(\C)[C@@H]3O[C@@H]3/C=C(/C(=O)OC)[C@H](O)[C@@H](OC(=O)[C@]3(C)O[C@@H]3C)[C@@H]12,5.958607314841775,Train
1839,COc1ccc(-n2c(-c3ccc(S(C)(=O)=O)cc3)cc(CC(=O)OCCCO)c2C)cc1,6.154901959985743,Train
1840,Cc1c(NC(=O)[C@@H](c2ccc(-c3cncc(Cl)c3)cc2)C2CCCC2)ccc(F)c1CCC(=O)O,7.161150909262744,Train
1841,Cc1c(CC(C)C(=O)O)cccc1NC(=O)C(c1ccc(-c2cncc(OC(F)F)c2)cc1)C1CCCC1,7.053056729302175,Train
1842,Nc1cnn(-c2ccc(S(N)(=O)=O)cc2)c1-c1ccccc1,4.527243550682788,Train
1843,Cc1c(CC(=O)NC(CCO)C(=O)O)cc(-c2ccc(S(C)(=O)=O)cc2)n1-c1ccc(F)cc1,7.0655015487564325,Train
1844,NS(=O)(=O)c1ccc(-n2nc(C(F)(F)F)cc2-c2ccc(Cl)c(Cl)c2)cc1,7.823908740944319,Train
1845,CCC(=O)OCc1cc(-n2nc(C(F)(F)F)cc2-c2ccc(C)cc2)ccc1S(N)(=O)=O,6.2441251443275085,Train
1846,NS(=O)(=O)c1ccc(-n2nc(C(F)(F)F)cc2-c2ccccc2F)cc1CO,5.481486060122112,Train
1847,COC(=O)[C@H](Cc1ccc(O)cc1)n1cc(COc2nc(Cl)nc(N3CCOCC3)n2)nn1,5.522878745280337,Train
1848,CSC1=NC(=O)/C(=C/c2cc(C(C)(C)C)c(O)c(C(C)(C)C)c2)S1,5.7447274948966935,Train
1849,O=C(O)C1=Cc2cc(OC(F)(F)F)ccc2OC1C(F)(F)F,7.537602002101044,Train
1850,NS(=O)(=O)c1ccc(-n2nc(C(F)F)cc2-c2ccc(Cl)cc2)cc1,8.0,Train
1851,COc1c(C)cc(-c2nc(C(F)(F)F)cn2-c2ccc(S(C)(=O)=O)cc2)cc1C,6.141332540833817,Train
1852,Cc1cc(=O)c(Oc2ccc(Cl)cc2)c(-c2ccc(S(C)(=O)=O)cc2)o1,6.494822879971297,Train
1853,CS(=O)(=O)c1ccc(C2=C(c3ccc(F)cc3)CCC2)cc1,7.587546764348944,Train
1854,NC(=O)N1C(=O)/C(=C(\O)c2cccs2)c2cc(Cl)ccc21,6.573488738635424,Train
1855,COC(=O)CC1N(C(=O)Nc2nc(C)cs2)C(=O)c2ccccc2S1(=O)=O,4.718966632752273,Train
1856,CC1(C)CC(c2cc(C(C)(C)C)c3c(c2)C(C)(C)CO3)=NO1,6.698970004336019,Train
1857,Cc1nc(-c2ccc(S(C)(=O)=O)cc2)c(-c2ccc(F)cc2)s1,6.920818753952375,Train
1858,COc1ccccc1Nc1cnccc1NS(=O)(=O)C(F)(F)F,5.596879478824182,Train
1859,NS(=O)(=O)c1ccc(-n2nc(C(F)(F)F)cc2-c2ccc(F)cc2)cc1CO,5.701146923590294,Train
1860,CS(=O)(=O)c1ccc(-c2cnn(CC3CC3)c(=O)c2-c2ccc(F)cc2)cc1,6.234260541478872,Train
1861,CCSc1ccc(-c2c(Cl)ncn2-c2ccc(S(C)(=O)=O)cc2)cc1,7.275724130399211,Train
1862,COc1ccc(-c2cc(F)c(F)cc2-c2ccc(S(C)(=O)=O)cc2)cc1OC,6.469263204944301,Train
1863,O=S(=O)(Nc1ccncc1Sc1ccccc1)C(F)(F)F,6.275724130399211,Train
1864,C/C(=N\NC(N)=O)c1nnn(-c2ccc(F)cc2)c1C,6.568636235841012,Train
1865,CCOc1cncc(-c2ccc(C(C(=O)Nc3cccc(C(CC(=O)O)C4CC4)c3C)C3CCCC3)cc2)c1,7.268411234813261,Train
1866,CS(=O)(=O)c1ccc(-n2cc(C(F)(F)F)nc2-c2ccccc2Cl)cc1,6.047878973850376,Train
1867,O=c1c2ccccc2nc(SCc2cn(-c3ccccc3)nn2)n1-c1ccc(Cl)cc1,6.017728766960431,Train
1868,COc1ccc2c(c1)c(CCNS(=O)(=O)CCCO)c(C)n2C(=O)c1ccc(Cl)cc1,5.958607314841775,Train
1869,CS(=O)(=O)c1ccc(-n2cnc(Cl)c2-c2ccccc2F)cc1,7.552841968657781,Train
1870,Cc1cc(=O)c(-c2cccc(F)c2)c(-c2ccc(S(C)(=O)=O)cc2)o1,5.472384919772523,Train
1871,COc1ccc(-c2nn(-c3ccccc3)cc2-c2nnc(-c3ccncc3)o2)cc1,4.376750709602099,Train
1872,Cc1ccc(C2=NN(C3=NC(=O)CS3)C(c3ccccc3)C2)cc1C,6.301029995663981,Train
1873,CC(C)(C)c1cc(NCc2cccs2)nc(-c2ccc(S(C)(=O)=O)cc2)n1,7.507239610973162,Train
1874,N[C@@H](Cc1cn(-c2nc(Cl)nc(N3CCOCC3)n2)c2ccccc12)C(=O)O,7.0,Train
1875,Cc1c(NCc2ccc(F)cc2)nc(-c2ccc(S(C)(=O)=O)cc2)nc1C(F)(F)F,7.649751981665837,Train
1876,CCCSc1nnc(-c2cc(C(C)(C)C)c(O)c(C(C)(C)C)c2)s1,4.0,Train
1877,CS(=O)(=O)c1ccc(C2=C(c3cc(Cl)c(Cl)c(Cl)c3)C(=O)CC2)cc1,7.12668290053121,Train
1878,CCOc1cncc(-c2ccc(C(C(=O)Nc3cccc(CCC(=O)O)c3C)C3CCCCC3)cc2)c1,6.484126156288321,Train
1879,O=C(COc1cc(O)c2c(=O)cc(-c3ccccc3)oc2c1)OCc1cc(-c2cccc(Cl)c2)n(-c2ccc(Cl)cc2)n1,6.374687549038326,Train
1880,Cc1ccc(-c2nc(C(F)(F)F)cn2-c2ccc(S(C)(=O)=O)cc2)cc1C,6.480743765501632,Train
1881,CS(=O)(=O)c1ccc(-c2coc(=O)n2-c2ccc(Cl)cc2)cc1,6.494924678876612,Train
1882,CS(=O)(=O)c1ccc(-c2nc(NCc3nccs3)cc(C(F)(F)F)n2)cc1,6.7076596094053365,Train
1883,CS(=O)(=O)c1ccc2c(Sc3ccc(F)cc3F)c(C(N)=O)[nH]c2c1,5.649751981665837,Train
1884,COc1ccc(CNc2cc(C(F)(F)F)nc(-c3ccc(S(C)(=O)=O)cc3)n2)cc1,6.564952358660035,Train
1885,NC(=O)N1N=C(c2ccc(F)cc2)CC1c1cn(-c2ccccc2)nc1-c1ccccc1,5.962573502059376,Test
1886,COc1cc(-c2nc(C(F)(F)F)cn2-c2ccc(S(C)(=O)=O)cc2)ccc1Cl,6.601028822700004,Test
1887,COc1ccc(-c2c(-c3ccc(S(C)(=O)=O)cc3)[nH]c3ccccc23)cc1,10.69897000433602,Test
1888,NS(=O)(=O)c1ccc(-n2nc(C(F)F)cc2-c2ccc(C(=O)O)cc2)cc1,4.329754146925876,Test
1889,CS(=O)(=O)c1ccc(-n2cc(C(F)(F)F)nc2-c2cccc(Cl)c2)cc1,7.220909811139509,Test
1890,NS(=O)(=O)c1ccc(-n2cnc(Cl)c2-c2ccccc2)cc1,8.045757490560675,Test
1891,CCOP(=O)(OCC)C(NC(=O)c1cc(-c2ccc(C(F)(F)F)cc2)n(-c2ccc(S(N)(=O)=O)cc2)n1)c1ccccc1,6.552841968657781,Test
1892,CC(C)(C)c1cc(-c2nnc(SCCN)s2)cc(C(C)(C)C)c1O,4.3872161432802645,Test
1893,CS(=O)(=O)c1ccc(-n2cc(C(F)(F)F)nc2-c2cccc([N+](=O)[O-])c2)cc1,6.238285979572167,Test
1894,NS(=O)(=O)c1ccc(-n2cccc2-c2ccc(F)cc2)cc1,7.851864901236602,Test
1895,NS(=O)(=O)c1ccc(C2=C(c3ccc4c(c3)OCO4)CCC2)cc1,8.699513552156626,Test
1896,CS(=O)(=O)c1ccc(-c2ccccc2-c2ccc(F)c(Cl)c2)cc1,6.4399976732266335,Test
1897,COc1ccc(-c2cc(CSc3nc4ccccc4c(=O)n3-c3ccc(OC)cc3)on2)cc1,6.187086643357144,Test
1898,CSc1ccc(C2=C(c3ccc(S(C)(=O)=O)cc3)C(C)(O)OC2=O)cc1,6.508638306165727,Test
1899,COc1ccc(/C=C/C2=NN(c3ccc(S(N)(=O)=O)cc3)C(=O)CC2)cc1,7.3585258894959,Test
1900,CC(C)(C)c1cc2c(cc1Cl)C=C(C(=O)O)[C@H](C(F)(F)F)O2,5.288192770958808,Test
1901,COc1ccc2c(c1)c(CC(=O)NCCCO)c(C)n2C(=O)c1ccc(Cl)cc1,6.201152407037244,Test
1902,CC(=O)Oc1cc2oc(-c3ccc(C)cc3)cc2cc1-c1c[se]nn1,7.301029995663981,Test
1903,CC1(C)OC(=O)C(Oc2ncccc2Cl)=C1c1ccc(S(C)(=O)=O)cc1,7.045757490560675,Test
1904,Cc1c(CCC(=O)O)cccc1NC(=O)C(c1ccc(-c2cncc(C(F)(F)F)c2)cc1F)C1CCCC1,7.273272790973428,Test
1905,O=C1NC(=O)C(=Cc2cn(C[C@H](O)COc3cc(O)c4c(=O)cc(-c5ccccc5)oc4c3)c3ccccc23)C(=O)N1,9.0,Test
1906,COc1ccc(-c2c(-c3ccc(S(C)(=O)=O)cc3)ccc(F)c2F)cc1C,7.890084136976206,Test
1907,NS(=O)(=O)c1ccc(/N=C/c2cccc([N+](=O)[O-])c2)cc1,5.170696227168975,Test
1908,CS(=O)(=O)c1ccc(-n2cc(C(F)(F)F)nc2-c2ccc(F)c(F)c2)cc1,6.920402953422224,Test
1909,O=C(NS(=O)(=O)c1ccc(F)cc1)c1cncc(C(=O)NS(=O)(=O)c2ccc(F)cc2)c1,5.251811972993799,Test
1910,CCc1cncc(-c2ccc(C(C(=O)Nc3cccc(C(C)CC(=O)O)c3C)C3CCCC3)cc2)c1,7.657577319177793,Test
1911,CCOP(=O)(OCC)C(NC(=O)c1cc(-c2cccc3ccccc23)n(-c2ccc(Br)cc2)n1)c1ccccc1OC,6.657577319177793,Test
1912,Nc1c(Cl)ccc2c1C=C(C(=O)O)C(C(F)(F)F)O2,5.8297382846050425,Test
1913,CS(=O)(=O)Nc1cc2c(cc1Sc1c(F)cccc1F)C(=O)CC2,7.0,Test
1914,CC[S+]([O-])c1cc(NCc2cccs2)nc(-c2ccc(S(C)(=O)=O)cc2)n1,7.424812155072339,Test
1915,CC1=NN(C(=O)CNc2ncnc3sc4c(c23)CCCC4)C(C)(O)C1,5.667561540084394,Test
1916,CS(=O)(=O)c1ccc(-c2cnn(C3CC3)c(=O)c2-c2ccc(F)cc2)cc1,6.958607314841775,Test
1917,Cc1ncc(-c2ccc([C@H](C(=O)Nc3cccc(N(C)CC(=O)O)c3C)C3CCCC3)cc2)cc1Cl,7.621602099051862,Test
1918,Cc1c(Br)c(C)c2c(c1Br)OC(C(F)(F)F)C(C(=O)O)=C2,7.161150909262744,Test
1919,CCOC(OCC)c1ccc(/C=C/C(=O)/C=C/c2ccc(C(OCC)OCC)cc2)cc1,4.502379350218712,Test
1920,NS(=O)(=O)c1ccc(-n2nc(C(=O)NCCCN3CCOCC3)cc2-c2ccc(C(F)(F)F)cc2)cc1,6.769551078621726,Test
1921,Cc1cccc(C2C3CCc4ccccc4C3=NN2c2ccc(S(N)(=O)=O)cc2)c1,5.605548319173783,Test
1922,CS(=O)(=O)c1ccc(/C=C(/C(=O)O)c2ccc(-c3ccc(F)cc3F)cc2)cc1,6.494850021680094,Test
1923,NS(=O)(=O)c1ccc(-n2nc(C(F)(F)F)cc2-c2ccccc2Cl)cc1CO,5.200659450546418,Test
1924,Cc1ccc(S(=O)(=O)N2N=C(C(F)(F)F)CC2c2ccc3ccccc3c2)cc1,4.020542681902152,Test
1925,CS(=O)(=O)c1ccc(C2=C(c3ccccc3)C(=O)CC2)cc1,7.339926856944473,Test
1926,CC1(O)OC(=O)C(c2ccc(Cl)cc2Cl)=C1c1ccc(S(C)(=O)=O)cc1,5.920818753952375,Test
1927,COc1ccc(C2CC(c3cccc(-n4cnnn4)c3)=NN2)cc1OC,7.4089353929735005,Test
1928,CS(=O)(=O)c1ccc(-c2[nH]c3ccc(F)cc3c2-c2ccccc2)cc1,8.301029995663981,Test
1929,NS(=O)(=O)c1ccc(-n2nc(C(F)(F)F)c(Cl)c2-c2ccc(Cl)cc2)cc1,8.275724130399212,Test
1930,Cc1ccc(-n2nc(COC(=O)COc3cc(O)c4c(=O)cc(-c5ccccc5)oc4c3)cc2-c2cccc(C)c2)cc1,5.924453038607469,Test
1931,Cc1ccc(-c2c(-c3ccc(S(C)(=O)=O)cc3)cnn(Cc3ccccc3)c2=O)cc1,7.077450979992872,Test
1932,Clc1nc(OCc2cn(Cc3ccccc3)nn2)nc(N2CCOCC2)n1,7.0,Test
1933,Cc1c(NC(=O)C(c2ccc(-c3cncc(C(F)(F)F)c3)cc2)C2CCCC2)cccc1OCC(=O)O,7.844663962534938,Test
1934,NS(=O)(=O)c1ccc(-c2nc(NCc3ccco3)cc(C(F)(F)F)n2)cc1,5.554395796726403,Test
1935,Cc1ccc(-c2cc(C(F)(F)F)nn2-c2ccc(S(N)(=O)=O)cc2)s1,5.480000159330324,Test
1936,O=S(=O)(c1ccccc1)N1N=C(C(F)(F)F)CC1c1cccc2c1OCO2,4.214812579970638,Test
1937,COC(=O)[C@H](Cc1ccc(O)cc1)n1nncc1COc1ccc2ccccc2c1-c1c(OCc2cnnn2[C@@H](Cc2ccc(O)cc2)C(=O)OC)ccc2ccccc12,5.823908740944319,Test
1938,CCCCCCCCNC(=O)/C=C/c1c(/C=C/c2ccc(OC)cc2)cc(OC)cc1OC,4.697020063251751,Test
1939,Cc1ccc(S(=O)(=O)NC(=O)c2ccccn2)cc1,5.096910013008056,Test
1940,CSc1ccc(-n2c(-c3ccc(S(C)(=O)=O)cc3)cc(CC(=O)OCCCO[N+](=O)[O-])c2C)cc1,7.568636235841012,Test
1941,NS(=O)(=O)c1ccc(N2N=C3c4ccccc4OCC3C2c2ccccc2Br)cc1,5.899629454882437,Test
1942,Cc1ccc(Nc2cnccc2NS(=O)(=O)C(F)(F)F)cc1,6.337242168318426,Test
1943,COc1ccc(C2=C(c3ccc(S(C)(=O)=O)cc3)CCC2)cc1,8.301029995663981,Test
1944,c1ccc(-c2nn(-c3ccccc3)c3c2CCCCC3)cc1,6.769551078621726,Test
1945,C=CCONC1=NC(=O)/C(=C/c2cc(C(C)(C)C)c(O)c(C(C)(C)C)c2)S1,5.568636235841012,Test
1946,CCc1c(C(F)(F)F)nn(-c2ccc(S(N)(=O)=O)cc2)c1-c1ccc(Cl)cc1,7.552841968657781,Test
1947,Cc1c(CCOCCO[N+](=O)[O-])cc(-c2ccc(S(C)(=O)=O)cc2)n1-c1cccc(F)c1,7.552841968657781,Test
1948,Cc1cc(C(C(=O)Nc2cccc(CCC(=O)O)c2C)C2CCCC2)c(Cl)cc1-c1cnc(C)c(Cl)c1,6.35261702988538,Test
1949,CCOC(OCC)c1ccc(/C=C/C(=O)C2CCc3ccccc3C2=O)cc1,4.875495775165717,Test
1950,CCCCCCNC(=O)Oc1cccc(-c2ccc(C(C)C(=O)O)cc2F)c1,6.366531544420413,Test
1951,CCC(CC)COc1cc2c(cc1Cl)C=C(C(=O)O)C(C(F)(F)F)O2,7.337242168318426,Test
1952,CC[C@H](C)NC(=O)Cc1c(C)n(C(=O)c2ccc(Cl)cc2)c2ccc(OC)cc12,6.958607314841775,Test
1953,CCOP(=O)(OCC)C(NC(=O)c1cc(-c2ccccc2F)n(-c2ccc(S(N)(=O)=O)cc2)n1)c1ccccc1,6.552841968657781,Test
1954,CS(=O)(=O)c1ccc(C2=C(c3ccc(F)c(F)c3)C(=O)CC2)cc1,7.265826334793921,Test
1955,Cc1ccc(NNC(=O)c2ccccc2)cc1,6.481486060122112,Test
1956,Cc1c(CC(=O)OCCO)cc(-c2ccc(S(C)(=O)=O)cc2)n1-c1ccc(F)cc1,7.050609993355087,Test
1957,CS(=O)(=O)c1ccc(-n2cc(C(F)F)nc2-c2ccc(Cl)cc2)cc1,6.212333322299372,Test
1958,NS(=O)(=O)c1ccc(-n2nc(C(F)(F)F)cc2-c2ccc3c(c2)OCO3)cc1,7.619969752032169,Test
1959,NS(=O)(=O)c1ccc(-n2nc(C(=O)N3CCSCC3)cc2-c2cccc(F)c2)cc1,6.721246399047171,Test
1960,Cc1ccc(S(=O)(=O)N2N=C(C(F)(F)F)CC2c2ccc3c(c2)OCO3)cc1,6.275724130399211,Test
1961,Cc1cc(-c2nc(C(F)(F)F)cn2-c2ccc(S(N)(=O)=O)cc2)no1,6.388608219719017,Test
1962,COC(=O)[C@H](Cc1c[nH]c2ccccc12)n1nncc1COc1ccc2ccccc2c1-c1c(OCc2cnnn2[C@@H](Cc2c[nH]c3ccccc23)C(=O)OC)ccc2ccccc12,5.552841968657781,Test
1963,COc1ccc2c(c1)c(CC(=O)Nc1ccc(NC(C)=O)cc1)c(C)n2C(=O)c1ccc(Cl)cc1,6.920818753952375,Test
1964,O=C(c1ccccc1)c1ccc2n1CCC2C(=O)O,6.372634143407268,Test
1965,CCOP(=O)(OCC)C(NC(=O)c1cc(-c2cccc3ccccc23)n(-c2ccc(S(N)(=O)=O)cc2)n1)c1ccc(Br)cc1,6.657577319177793,Test
1966,Cc1ccc(Cl)c(Nc2ccccc2C(=O)NCCc2ccccc2)c1Cl,5.3979400086720375,Test
1967,NS(=O)(=O)c1ccc(-n2cc(C(F)(F)F)nc2-c2cccc(Cl)c2)cc1,8.098462725229332,Test
1968,CS(=O)(=O)c1ccc(-c2nc(NCc3ccco3)cc(C(F)(F)F)n2)cc1,6.775662295917138,Test
1969,Cc1ccc(-n2nc(COC(=O)COc3cc(O)c4c(=O)cc(-c5ccccc5)oc4c3)cc2-c2cccc(Cl)c2)cc1,5.318758762624412,Test
1970,COc1ccc(-n2nc(-c3ccc(Cl)cc3)c3c2CCC(O)C3)cc1,6.337242168318426,Test
1971,CCOc1cncc(-c2ccc(C(C(=O)Nc3cccc(C4CC4C(=O)O)c3C)C3CCCC3)cc2)c1,6.801342913045577,Test
1972,CS(=O)(=O)c1ccc(-n2nc(COc3cccc([N+](=O)[O-])c3)cc2-c2ccccc2)cc1,6.130768280269024,Test
1973,CCOP(=O)(OCC)C(NC(=O)c1cc(-c2cccc3ccccc23)n(-c2ccccc2F)n1)c1ccc(Cl)cc1,6.657577319177793,Test
1974,CCC(CC(=O)O)c1cccc(NC(=O)[C@@H](c2ccc(-c3cncc(CC(F)(F)F)c3)cc2)C2CCCC2)c1C,7.752026733638194,Test
1975,CSc1ccccc1OC(=O)CBr,3.2924298239020637,Test
1976,NS(=O)(=O)c1ccc(-n2nc(C(=O)OCCCN3CCOCC3)cc2-c2ccc(C(F)(F)F)cc2)cc1,6.6777807052660805,Test
1977,CS(=O)(=O)Nc1ccncc1Nc1ccccc1,5.570247719997592,Test
1978,COc1ccc(-c2c(Cl)ncn2-c2ccc(S(C)(=O)=O)cc2)c(F)c1,7.823908740944319,Test
1979,[2H]C([2H])([2H])c1cc2c(c(C([2H])([2H])[2H])c1)OC(C(F)(F)F)C(C(=O)O)=C2,6.823908740944319,Test
1980,O=C(O)CCc1cccc(NC(=O)[C@@H](c2ccc(-c3cncc(Cl)c3)cc2)C2CCCC2)c1C(F)(F)F,6.41907502432438,Test
1981,CC(C)(C)C#CC1=C(c2ccc(S(C)(=O)=O)cc2)CCC1=O,6.05395269865476,Test
1982,CCOc1cncc(-c2ccc(C(C(=O)Nc3cc(F)cc(CCC(=O)O)c3C)C3CCCC3)cc2)c1,6.24184537803261,Test
1983,CCc1ccccc1Nc1cnccc1NS(=O)(=O)C(F)(F)F,5.140261433802853,Test
1984,CS(=O)(=O)c1ccc(-c2[nH]c(Cl)cc2-c2ccc(F)cc2)cc1,4.376750709602099,Test
1985,CCOc1ccc(-c2c(Cl)ncn2-c2ccc(S(N)(=O)=O)cc2)cc1F,7.698970004336019,Test
1986,CS(=O)(=O)c1ccc(-n2cc(C(F)(F)F)nc2-c2cccc(Br)c2)cc1,7.098462725229332,Test
1987,CS(=O)(=O)c1ccc(-c2nc(O)cc(NCc3cccs3)n2)cc1,7.100179497572904,Test
1988,Clc1ccc(-c2nnc(CSc3nnc(-c4ccncc4)o3)o2)cc1,7.050609993355087,Test
1989,CCOc1ccc(-c2c(Cl)ncn2-c2ccc(S(C)(=O)=O)cc2)cc1,8.397940008672037,Test
1990,COC(=O)[C@@H](Cc1c[nH]c2ccccc12)NC(=O)CNC(=O)C(=O)c1cn(S(=O)(=O)c2ccc(C)cc2)c2ccccc12,5.17979854051436,Test
1991,COc1ccc(C=NNC(=O)CNc2ncnc3sc4c(c23)CCCC4)cc1,5.525783735923745,Test
1992,O=C(COc1cc(O)c2c(=O)cc(-c3ccccc3)oc2c1)OCc1cc(-c2ccc(Br)cc2)n(-c2ccccc2)n1,5.673664139071249,Test
1993,CS(=O)(=O)c1ccc(-n2cnc(Cl)c2-c2ccc3c(c2)CCO3)cc1,8.045757490560675,Test
1994,CS(=O)(=O)c1ccc(C2=C(c3ccc(Cl)c(Cl)c3)CCC2)cc1,8.0,Test
1995,COC1(C)OC(=O)C(c2ccc(F)cc2)=C1c1ccc(S(C)(=O)=O)cc1,7.161150909262744,Test
1996,Cc1ccc(-c2cc(C(=O)N/N=C/c3c(Cl)c4ccccc4oc3=O)nn2-c2ccc(S(N)(=O)=O)cc2)c(C)c1,5.146910470148134,Test
1997,CN(C)c1ccc(-c2nc(C(F)(F)F)cn2-c2ccc(S(C)(=O)=O)cc2)cc1Cl,6.492427464833347,Test
1998,COc1ccc2c(c1)c(CC(=O)N[C@@H](CO)CC(C)C)c(C)n2C(=O)c1ccc(Cl)cc1,6.301029995663981,Test
1999,c1ccc(-c2nnc(-c3cn(-c4ccccc4)nc3-c3ccccc3)o2)cc1,5.823908740944319,Test
2000,CS(=O)(=O)c1ccc(C2=C(c3ccc(F)cc3)CC3(CCCC3)C2)cc1,7.208802395055628,Test
2001,COc1ccc(/C=C/c2cc(OC)cc(OC)c2/C=C/C(=O)N2CCCC2)cc1,5.052076380168273,Test
2002,CC1NC(=O)c2ccccc2S1(=O)=O,3.372736583431779,Test
2003,CCOc1ccc(-c2c(Cl)ncn2-c2ccc(S(C)(=O)=O)cc2)cc1F,7.602059991327962,Test
2004,CS(=O)(=O)c1ccc(-c2c(-c3ccccc3)sc3c2CCCC3)cc1,4.721246399047171,Test
2005,CCCCCCNC(=O)Oc1cccc(-c2ccc(C(C)C(=O)O)cc2[N+](=O)[O-])c1,6.031517051446064,Test
2006,Cc1ccc(-c2c(-c3ccc(S(C)(=O)=O)cc3)ccc(F)c2F)cc1,8.160019442321657,Test
2007,O=C(/C=C/c1ccc(N2CCCC2)cc1)/C=C/c1ccc(N2CCCC2)cc1,4.15602015552184,Test
2008,CCOC(=O)[C@H](OCc1cnnn1[C@@H](CO)C(=O)OC)[C@@H](OCc1cnnn1[C@@H](CO)C(=O)OC)C(=O)OCC,6.3979400086720375,Test
2009,Cc1ccc(-c2cc(C(F)F)nn2-c2ccc(S(N)(=O)=O)cc2)cc1,7.888070392334685,Test
2010,Cc1ncc(-c2ccc([C@H](C(=O)Nc3cccc(CCC(=O)O)c3C)C3CCCC3)cc2)cc1Cl,7.806875401645538,Test
2011,COc1ccc(C2=C(c3ccc(S(C)(=O)=O)cc3)CC3(CC3)C2)cc1,8.300509466670935,Test
2012,Cc1ccncc1-c1cc(F)c(F)cc1-c1ccc(S(C)(=O)=O)cc1,6.770011163455189,Test
2013,COc1ccc2c(c1)c(CC(=O)Nc1ccc(SC)cc1)c(C)n2C(=O)c1ccc(Cl)cc1,6.920818753952375,Test
2014,CC1(C)OC(=O)C(Oc2ccc(Cl)cn2)=C1c1ccc(S(C)(=O)=O)cc1,7.698970004336019,Test
2015,CS(=O)(=O)c1ccc(-c2ccsc2-c2ccc(O)cc2)cc1,4.0655015487564325,Test
2016,C/C(=N\Nc1nc(-c2ccc(Cl)cc2)cs1)c1nnn(-c2ccc(C(=O)O)cc2)c1C,7.154901959985743,Test
2017,COc1nc(-c2cc(C(C)(C)C)c(O)c(C(C)(C)C)c2)ns1,4.0,Test
2018,COc1ccc2c(c1)c(CC(=O)OCCC1CCCCC1)c(C)n2C(=O)c1ccc(Cl)cc1,6.0,Test
2019,Cc1oc(=O)n(-c2ccccc2)c1-c1ccc(S(N)(=O)=O)cc1,5.7448638579163855,Test
2020,CC(C1CC1)n1ncc(-c2ccc(S(C)(=O)=O)cc2)c(-c2ccc(F)cc2)c1=O,6.426935982160881,Test
2021,O=C1NC(=O)/C(=C/c2ccc(OCc3cn(-c4ccc(Cl)cc4)nn3)cc2)S1,6.585026652029182,Test
2022,Cc1ccc(-c2cc(C(F)(F)F)nn2-c2ccc(S(N)(=O)=O)cc2)cc1,7.292513326014591,Test
2023,Cc1c(C(N)C(=O)OCCO[N+](=O)[O-])cc(-c2ccc(S(C)(=O)=O)cc2)n1-c1ccc(F)cc1,6.130768280269024,Test
2024,Cc1ccc(S(=O)(=O)NC(=O)c2cccc(C(=O)NS(=O)(=O)c3ccc(C)cc3)n2)cc1,5.251811972993799,Test
2025,Cc1ccc(NNC(=O)c2ccc(Cl)cc2)cc1,8.0,Test
2026,CCc1ccc(-c2c(-c3ccc(S(C)(=O)=O)cc3)occ(Cl)c2=O)cc1,3.1426000001506464,Test
2027,Clc1ccc(/C=N/c2nnc(-c3cccnc3)o2)cc1,6.886056647693163,Test
2028,CC(C)c1cc(/C=C2\SC(N=C(N)N)=NC2=O)cc(C(C)C)c1O,5.7447274948966935,Test
2029,COc1cc(C)c(-c2nc(C(F)(F)F)cn2-c2ccc(S(C)(=O)=O)cc2)cc1C,4.913640169325252,Test
2030,COc1ccc(/C=C/c2cc(OC)cc(OC)c2/C=C/C(=O)NCC(C)C)cc1,4.82131076022441,Test
2031,Cc1c(CC(=O)NCCCO)cc(-c2ccc(S(C)(=O)=O)cc2)n1-c1ccc(F)cc1,7.167491087293763,Test
2032,COc1ccc(/C=C/C(=O)c2cccc(-n3cnnn3)c2)cc1,7.0,Test
2033,CS(=O)(=O)c1ccc(-c2coc(=O)n2-c2ccc(C(F)(F)F)cc2)cc1,5.698985205174921,Test
2034,CCOP(=O)(OCC)C(NC(=O)c1cc(-c2ccc(Cl)cc2)n(-c2ccc(S(N)(=O)=O)cc2)n1)c1ccccc1,6.552841968657781,Test
2035,CS(=O)(=O)c1ccc(-c2cnn(Cc3ccccc3)c(=O)c2Sc2ccccc2)cc1,5.83047313214543,Test
2036,Cc1c(CCC(=O)O)cccc1NC(=O)C(c1ccc(-c2cncc(C(F)(F)F)c2)cc1)C1CC1,6.327902142064282,Test
2037,CC(=O)c1ccc(-n2c(C)ccc2-c2ccc(S(C)(=O)=O)cc2)cc1,5.54105916480787,Test
2038,O=C(NCCOc1nc(Cl)nc(Nc2ccc(N3CCOCC3=O)cc2)n1)c1ccccc1F,4.154901959985743,Test
2039,O=C(O)C1=Cc2cc(Cl)cc(Cl)c2O[C@@H]1C(F)(F)F,8.0,Test
2040,CS(=O)(=O)c1ccc(-c2nc(SCc3ccccc3)cc(C(F)(F)F)n2)cc1,6.277530614115969,Test
2041,CCCN(C(=O)c1cc(C(C)(C)C)c2c(c1)C(C)(C)CO2)C1CC1,5.3979400086720375,Test
2042,Cc1ccncc1-c1c(Cl)ncn1-c1ccc(S(C)(=O)=O)cc1,6.546681659952963,Test
2043,CC(C(=O)[O-])c1ccc(CC2CCCC2=O)cc1I,3.267606240177032,Test
2044,CCC(CC(=O)O)c1cccc(NC(=O)C(c2ccc(-c3cncc(C)c3)cc2)C2CCCC2)c1C,7.021819483062586,Test
2045,Cc1c(CCC(=O)O)cccc1NC(=O)C(c1ccc(-c2cncc(Cl)c2)c(F)c1)C1CCCC1,7.521433504406157,Test
2046,CS(=O)(=O)c1ccc(-n2cc(C(F)(F)F)nc2-c2cc(Cl)cc(Cl)c2)cc1,6.7697811210384575,Test
2047,Clc1ccc(/C=N/c2nnc(-c3ccccc3)o2)cc1,6.522878745280337,Test
2048,CCOc1cncc(-c2ccc(C(C(=O)Nc3cccc(CCC(=O)O)c3C)C3CCCC3)c(F)c2)c1,6.563837352959244,Test
2049,CC1(C)OC(=O)C(Oc2ncnc3ccccc23)=C1c1ccc(S(C)(=O)=O)cc1,5.537602002101044,Test
2050,Cc1c(CC(=O)OCCCO)cc(-c2ccc(S(C)(=O)=O)cc2)n1-c1cccc(F)c1,7.638272163982407,Test
2051,COC(=O)[C@@H](N)Cc1ccc(Oc2nc(Cl)nc(N3CCCCC3)n2)cc1,5.301029995663981,Test
2052,Cc1ccc(-c2cc(C(C)C(=O)[O-])ccc2CC2CCCC2=O)cc1,3.376750709602099,Test
2053,Cc1ccc(-c2c(-c3ccc(S(N)(=O)=O)cc3)[nH]c3ccccc23)cc1C,8.835795926161056,Test
2054,Cc1cc(=O)c(-c2ccccc2)c(-c2ccc(S(N)(=O)=O)cc2)o1,5.161790233185344,Test
2055,Cc1ccc(-c2nc(C(F)(F)F)cn2-c2ccc(S(N)(=O)=O)cc2)cn1,6.538803373026827,Test
2056,COc1cc(-c2cc(C(=O)OCCOc3cc(=O)oc4ccccc34)nn2-c2ccc(S(N)(=O)=O)cc2)cc(OC)c1OC,6.537602002101044,Test
2057,Cc1ccc(S(=O)(=O)n2cc(C(=O)C(=O)N[C@@H](Cc3cnc[nH]3)C(=O)O)c3ccccc32)cc1,6.013228265733755,Test
2058,Cc1c(CCC(=O)O)cccc1NC(=O)C(c1ccc(-c2cncc(Cl)c2)cc1)C1CCC1,7.142064735280571,Test
2059,CCOP(=O)(OCC)C(NC(=O)c1cc(-c2cccc3ccccc23)n(-c2ccccc2F)n1)c1ccccc1,6.657577319177793,Test
2060,Cc1ccc(S(=O)(=O)n2cc(C(=O)C(=O)NCC(=O)NCC(=O)O)c3ccccc32)cc1,6.050609993355087,Test
2061,CS(=O)(=O)c1ccc(-n2cnc(Cl)c2-c2cc(F)cc(F)c2)cc1,7.1249387366083,Test
2062,CCOc1ccc(-c2cc(C(=O)N3CCOCC3)nn2-c2ccc(S(N)(=O)=O)cc2)cc1,5.52432881167557,Test
2063,CCOP(=O)(OCC)C(NC(=O)c1cc(-c2cccs2)n(-c2ccc(S(N)(=O)=O)cc2)n1)c1ccc(Cl)cc1,6.657577319177793,Test
2064,CS(=O)(=O)c1ccc(-c2nc(C(F)(F)F)sc2-c2ccc(F)cc2)cc1,8.221848749616356,Test
2065,Cc1ccc(-c2cc(C(F)(F)F)nn2-c2ccc(S(N)(=O)=O)cc2)c(C)c1,6.920818753952375,Test
2066,O=C(CNc1ncnc2sc3c(c12)CCCC3)NN=Cc1ccco1,5.94692155651658,Test
2067,CSc1ccc(C2=C(c3ccc(S(C)(=O)=O)cc3)CCC2)cc1,6.657800054159108,Test
2068,NS(=O)(=O)c1ccc(N2N=C3c4ccccc4CCC3C2c2cccc(O)c2)cc1,5.75448733218585,Test
2069,CS(=O)(=O)Nc1cc2c(cc1Sc1ccc(Cl)cc1Cl)C(=O)CC2,8.0,Test
2070,CS(=O)(=O)c1ccc(C2=C(c3ccc4c(c3)OCO4)CCC2)cc1,7.678921132642886,Test
2071,CCOc1ccc(-c2nn3ncccc3c2-c2ccc(S(C)(=O)=O)cc2)cc1,8.522878745280337,Test
2072,COc1ccc(/C=N/c2ccc(S(N)(=O)=O)cc2)cc1OC,5.510041520575165,Test
2073,CC1(Cn2ncc(-c3ccc(S(C)(=O)=O)cc3)c(-c3ccc(F)cc3)c2=O)CC1,6.426935982160881,Test
2074,COc1cc(NCc2ccccc2)nc(-c2ccc(S(C)(=O)=O)cc2)n1,8.292429823902063,Test
2075,O=C(NNc1ccc(Cl)cc1)c1ccc(Cl)cc1,6.468521082957745,Test
2076,CS(=O)(=O)c1ccc(-c2cc(C(F)(F)F)nc(NCc3ccc(F)cc3)n2)cc1,9.55284196865778,Test
2077,O=C(COc1cc(O)c2c(=O)cc(-c3ccccc3)oc2c1)OCc1cc(-c2cccc(Cl)c2)n(-c2ccccc2)n1,5.3535962737769305,Test
2078,CS(=O)(=O)c1ccc(-n2cc(C(F)(F)F)nc2-c2cc3ccccc3cn2)cc1,5.920410177937011,Test
2079,CCCC/C(=C(\c1ccccc1)c1cc(C(C)(C)C)c(O)c(C(C)(C)C)c1)c1ccc(S(C)(=O)=O)cc1,6.443697499232712,Test
2080,Cc1ccc(-c2c(-c3ccc(S(N)(=O)=O)cc3)ccc(F)c2F)cc1Cl,8.51999305704285,Test
2081,Cc1ccc(C2=C(c3ccc(S(C)(=O)=O)cc3)CCC2)cc1,8.522878745280337,Test
2082,CCCc1cc(OC(F)(F)F)cc2c1O[C@@H](C(F)(F)F)C(C(=O)O)=C2,5.769551078621726,Test
2083,O=C(NCCOc1nc(Cl)nc(Nc2ccc(N3CCOCC3=O)cc2)n1)c1ccc(Cl)s1,6.301029995663981,Test
2084,CCOc1ccc(-c2cc(C(=O)OCCN3CCOCC3)nn2-c2ccc(S(N)(=O)=O)cc2)cc1,5.954677021213342,Test
2085,COC(=O)[C@H](CO)n1nncc1COc1ccc2ccccc2c1-c1c(OCc2cnnn2[C@@H](CO)C(=O)OC)ccc2ccccc12,4.522878745280337,Test
2086,CS(=O)(=O)c1ccc(-c2[nH]c3ccc(Cl)cc3c2-c2ccc(Cl)cc2)cc1,7.070044924699949,Test
2087,CN(C)c1ccc(-c2nc(C(F)(F)F)cn2-c2ccc(S(C)(=O)=O)cc2)cc1F,6.480743765501632,Test
2088,Cc1cnc(NC(=O)C2=C(O)c3ccccc3S(=O)(=O)N2C)s1,6.254641610871524,Test
2089,Cc1ccc2[nH]c(-c3ccc(S(C)(=O)=O)cc3)c(-c3ccccc3)c2c1,9.552919535095809,Test
2090,O=C(/C=C/c1ccc(O)c(O)c1)OCCc1ccccc1,4.086186147616283,Test
2091,CCSc1nnc(-c2cc(C(C)(C)C)c(O)c(C(C)(C)C)c2)s1,6.853871964321762,Test
2092,CN(C)c1ccccc1-c1cc(C(F)(F)F)nn1-c1ccc(S(N)(=O)=O)cc1,4.844663962534939,Test
2093,COC(=O)c1[nH]c2cc(S(C)(=O)=O)ccc2c1Sc1ccc(F)cc1F,6.42021640338319,Test
2094,CCc1cncc(-c2ccc(C(C(=O)Nc3cccc(C(CC)CC(=O)O)c3C)C3CCCC3)cc2F)c1,7.978810700930062,Test
2095,CC(=O)Oc1ccccc1SCc1ccccc1,3.6020599913279625,Test
2096,NS(=O)(=O)c1ccc(/C=N/c2ccc(F)cc2)cc1,5.3585258894959,Test
2097,Cc1ccc(Sc2cc3c(cc2NS(C)(=O)=O)CCC3=O)cc1,7.301029995663981,Test
2098,Cc1c(CC(=O)N[C@H](CO)C(=O)O)cc(-c2ccc(S(C)(=O)=O)cc2)n1-c1cccc(F)c1,7.244125144327507,Test
2099,CC(=C(c1ccccc1)c1ccccc1)c1ccc(S(C)(=O)=O)cc1,6.200659450546418,Test
2100,NS(=O)(=O)c1ccc(C2=C(c3ccc(Cl)cc3)CCC2)cc1,8.521435901161594,Test
2101,NS(=O)(=O)c1ccc(-n2nc(C(F)(F)F)cc2C2=CCCCC2)cc1,7.077850898954601,Test
2102,COC(=O)[C@H](Cc1ccc(O)cc1)n1cc(COc2nc(Cl)nc(N3CCCC3)n2)nn1,5.3979400086720375,Test
2103,CCC(CC(=O)O)c1cccc(NC(=O)[C@@H](c2ccc(-c3cncc(CC(C)C)c3)cc2)C2CCCC2)c1C,7.982966660701219,Test
2104,CS(=O)(=O)c1ccc(-c2nc(NCc3cccs3)cc(C(F)(F)F)n2)cc1,8.163766343465959,Test
2105,Fc1ccc(CSc2nnc(-c3cccs3)n2-c2ccc(Cl)cc2)cc1,5.370590400897282,Test
2106,Cc1cc(-c2cc(C(F)(F)F)nn2-c2ccc(S(N)(=O)=O)cc2)cc2c1OCO2,7.282001414998798,Test
2107,Cc1c(C=O)cc(-c2ccc(S(C)(=O)=O)cc2)n1-c1ccc(F)cc1,5.490398508617497,Test
2108,O=C(COc1cc(O)c2c(=O)cc(-c3ccccc3)oc2c1)OCc1cc(-c2ccccc2)n(-c2ccccc2)n1,5.657577319177793,Test
2109,Cc1ccc(-c2ccc(S(C)(=O)=O)cc2)n1-c1ccccc1,7.220909811139509,Test
2110,Cc1c(CCC(=O)O)cccc1NC(=O)C(c1cc(F)c(-c2cncc(Cl)c2)cc1F)C1CCCC1,6.570247719997592,Test
2111,CS(=O)(=O)c1ccc(-n2cc(CO)nc2-c2ccc(Cl)cc2)cc1,5.079156702500347,Test
2112,NS(=O)(=O)c1ccc(-n2nc(COCc3ccccc3)cc2-c2ccc(Cl)cc2)cc1,7.537602002101044,Test
2113,[3H]C([3H])([3H])c1cc(Br)cc2c1O[C@H](C(F)(F)F)C(C(=O)O)=C2,7.853871964321762,Test
2114,O=C(/C=C/c1ccc(N2CCCC2)cc1)C1CCc2ccccc2C1=O,4.213035740564267,Test
2115,CCCCCCCCNC(=O)c1ccccc1Nc1c(Cl)ccc(C)c1Cl,7.221848749616356,Test
2116,Cc1[nH]c2cc(S(C)(=O)=O)ccc2c1Oc1ccc(Cl)cc1,5.971547574331764,Test
2117,Oc1cc(O)c2c(c1)O[C@H](c1ccc(O)c(O)c1)[C@@H](O)C2,3.886056647693163,Test
2118,CCO/C=N/c1nnc(-c2cccnc2)o1,6.42021640338319,Test
2119,NS(=O)(=O)c1ccc(-n2ncc(Br)c2-c2ccc(Cl)cc2)cc1,7.508638306165727,Test
2120,O=C(NS(=O)(=O)c1ccc(Br)cc1)c1ccccn1,5.443697499232712,Test
2121,CS(=O)(=O)c1ccc(-c2cc(Sc3ccccc3)sc2-c2ccc(F)cc2)cc1,4.180456064458132,Test
2122,Cc1cncc(-c2nc(C(F)(F)F)cn2-c2ccc(S(C)(=O)=O)cc2)c1,5.742363849907403,Test
2123,O=C1NC(=S)S/C1=C\c1ccc(OCc2cn(CC(=O)c3ccc(Br)cc3)nn2)cc1,6.958607314841775,Test
2124,COc1ccc(-c2c(-c3ccc(S(N)(=O)=O)cc3)[nH]c3ccccc23)cc1,11.221921144096424,Test
2125,NS(=O)(=O)c1ccc(-c2coc(=O)n2C2CCCCC2)cc1,4.723769138064677,Test
2126,Cc1ccc(/C=C2\S/C(=N/c3nnc(C)s3)NC2=O)cc1,7.0,Test
2127,COc1ccc(/C=C/c2cc(OC)cc(OC)c2/C=C/C(=O)NCCCN2CCOCC2)cc1,5.049635145623877,Test
2128,CS(=O)(=O)c1ccc(C2=C(c3ccc(Cl)cc3)CC3(CC3)C2)cc1,9.0,Test
2129,Cc1cc2c(c(C)c1Cl)C=C(C(=O)O)[C@@H](C(F)(F)F)O2,7.337242168318426,Test
2130,COc1ccc(/C=C/c2cc(OC)cc(OC)c2/C=C/C(=O)N2CCCCC2)cc1,4.635261444944601,Test
2131,COc1cc(-c2nnc(/N=C3\NC(=O)CS3)s2)cc(OC)c1OC,6.721246399047171,Test
2132,O=C1NC(=S)S/C1=C\c1ccc(OCc2cn(Cc3ccc(Br)cc3)nn2)cc1,6.958607314841775,Test
2133,Cc1ccc(-n2nc(COC(=O)COc3cc(O)c4c(=O)cc(-c5ccccc5)oc4c3)cc2-c2ccc([N+](=O)[O-])cc2)cc1,5.856985199745905,Test
2134,O=C(CNc1ncnc2sc3c(c12)CCCC3)NN=Cc1ccc(F)cc1,4.657774770639209,Test
2135,CC/C=C/C/C=C/C/C=C/C/C=C/CCSCCCC(=O)O,3.920818753952375,Test
2136,NS(=O)(=O)c1ccc(-n2nc(C(=O)N3CCSCC3)cc2-c2ccc(F)cc2)cc1,6.6777807052660805,Test
2137,CCC(=C(c1ccccc1)c1ccccc1)c1ccc(S(C)(=O)=O)cc1,5.903089986991944,Test
2138,Cc1c(Cl)nc(-c2ccc(S(C)(=O)=O)cc2)nc1NCc1ccc(F)cc1,7.162411561764489,Test
2139,COc1ccc(C2CC(c3cccc(-n4cnnn4)c3)=NN2C(C)=O)cc1,7.4089353929735005,Test
2140,CC(=O)c1nnn(-c2ccc(C(=O)O)cc2)c1C,6.376750709602099,Test
2141,NNC(=O)CNc1ncnc2sc3c(c12)CCCC3,6.6777807052660805,Test
2142,CS(=O)(=O)c1ccc(-c2nc(NCc3ccncc3)cc(C(F)(F)F)n2)cc1,6.027616824278224,Test
2143,CC(=O)c1nnn(-c2ccc(S(=O)(=O)Nc3nccs3)cc2)c1C,6.537602002101044,Test
2144,NS(=O)(=O)c1ccc(-n2nc(C(F)(F)F)cc2-c2ccc(Br)cc2)cc1CO,6.22767829327708,Test
2145,CCOc1cc(NCc2cccs2)nc(-c2ccc(S(C)(=O)=O)cc2)n1,9.522878745280336,Test
2146,CCOc1cncc(-c2ccc(C(C(=O)Nc3cccc(CCC(=O)O)c3C)C3CCCC3)cc2)c1,6.795880017344075,Test
2147,Cc1cccc(-c2cc(C(F)(F)F)nn2-c2ccc(S(N)(=O)=O)c(CO)c2)c1,6.137868620686962,Test
2148,CCS(=O)(=O)c1cc(NCc2cccs2)nc(-c2ccc(S(C)(=O)=O)cc2)n1,6.840132152907433,Test
2149,Cc1ccc(-n2c(-c3ccc(S(N)(=O)=O)cc3)c(C)oc2=O)cc1,5.769776006336217,Test
2150,CC(C)C[C@H](NC(=O)[C@H](Cc1ccccc1)NC(=O)CNC(=O)CNC(=O)OCc1ccccc1)C(=O)O,6.301029995663981,Test
2151,COc1ccc(-c2nc(-c3ccc(F)cc3)c(-c3ccc(S(C)(=O)=O)cc3)s2)cc1,6.568636235841012,Test
2152,Cc1ncc(-c2cc(F)c(C(C(=O)Nc3cccc(CCC(=O)O)c3C)C3CCCC3)cc2F)cc1Cl,7.177831920631983,Test
2153,Cc1c(CC(=O)OCCO)cc(-c2ccc(S(C)(=O)=O)cc2)n1-c1cccc(F)c1,7.070581074285707,Test
2154,CCOP(=O)(OCC)C(NC(=O)c1cc(-c2cccc3ccccc23)n(-c2ccc(S(N)(=O)=O)cc2)n1)c1ccc(OC)cc1,6.657577319177793,Test
2155,CS(=O)(=O)c1ccc(C2=C(c3cncc(Cl)c3)C(=O)CC2)cc1,6.44219474416285,Test
2156,COC1(c2cc(F)cc(OCc3cc(-c4ccccc4)n(-c4ccc(Cl)c(Cl)c4)n3)c2)CCOCC1,6.154901959985743,Test
2157,COC1(c2cc(F)cc(OCc3cc(-c4ccccc4)n(-c4ccc(Cl)cc4)n3)c2)CCOCC1,6.031517051446064,Test
2158,CC(=O)NS(=O)(=O)c1ccc(-c2[nH]c3ccccc3c2-c2ccccc2)cc1,9.744848165775572,Test
2159,CS(=O)(=O)c1ccc(-n2cc(C(F)(F)F)nc2-c2ccccc2F)cc1,6.3989684610221484,Test
2160,Cc1cc(=O)c(-c2ccc(Br)cc2)c(-c2ccc(S(C)(=O)=O)cc2)o1,5.761927539557252,Test
2161,COc1ccc2c(-c3ccc(S(C)(=O)=O)cc3)c(-c3ccc(C)cc3)nn2n1,7.301029995663981,Test
2162,Cc1ccc(-c2nn(-c3ccccc3)cc2-c2nnc(-c3ccccc3)o2)cc1,4.6020599913279625,Test
2163,NC(=O)c1nn(-c2ccc(S(N)(=O)=O)cc2)c(-c2ccc(Cl)cc2)c1Cl,5.962573502059376,Test
2164,O=S(=O)(Nc1ccncc1NC1CCCCC1)C(F)(F)F,6.481486060122112,Test
2165,CCCCCCNC(=O)Nc1cccc(-c2ccc(C(C)C(=O)O)cc2F)c1,6.251811972993799,Test
2166,Cc1c(CCC(=O)O)cccc1NC(=O)C(c1ccc(-c2cncc(OC(C)C)c2)c(F)c1)C1CCCC1,7.51999305704285,Test
2167,COc1nnc(-c2cc(C(C)(C)C)c(O)c(C(C)(C)C)c2)s1,5.522878745280337,Test
2168,[2H]C([2H])([2H])c1cc(Cl)cc2c1O[C@H](C(F)(F)F)C(C(=O)O)=C2,7.698970004336019,Test
2169,COC[C@H](C)NC(=O)Cc1c(C)n(C(=O)c2ccc(Cl)cc2)c2ccc(OC)cc12,6.619788758288394,Test
2170,CSCc1cn(-c2ccc(S(C)(=O)=O)cc2)c(-c2ccc(Cl)cc2)n1,6.492427464833347,Test
2171,COc1ccc(Oc2c(-c3ccc(S(C)(=O)=O)cc3)oc(C)cc2=O)c(Cl)c1,6.744715431496177,Test
2172,COC1(c2cc(F)cc(OCc3cc(-c4ccccc4)n(-c4ccc(C)c(C)c4)n3)c2)CCOCC1,6.3872161432802645,Test
2173,CS(=O)(=O)Nc1ccncc1Nc1ccc(Cl)cc1,5.226945306635738,Test
2174,Cc1c(CCOCCO)cc(-c2ccc(S(C)(=O)=O)cc2)n1-c1cccc(F)c1,7.337242168318426,Test
2175,CC1(O)OC(=O)C(c2ccc(F)c(F)c2)=C1c1ccc(S(C)(=O)=O)cc1,6.698970004336019,Test
2176,Cc1nnc(/N=C2\NC(=O)/C(=C/c3ccc(C(C)C)cc3)S2)s1,7.0,Test
2177,NS(=O)(=O)c1ccc(-n2nc(C(F)(F)F)cc2-c2ccc(C(F)(F)F)cc2)cc1,5.08460016478773,Test
2178,CC(C(=O)[O-])c1ccc(CC2CCCC2=O)c(-c2ccc(F)cc2)c1,4.443697499232713,Test
2179,Cc1cccc(-c2cc(C(F)(F)F)nn2-c2ccc(S(N)(=O)=O)cc2)c1,6.958607314841775,Test
2180,Cc1ncccc1-c1nc(C(F)(F)F)cn1-c1ccc(S(N)(=O)=O)cc1,5.551421210173404,Test
2181,CC(C)(C)c1cc(-c2nnc(S)o2)cc(C(C)(C)C)c1O,4.327902142064283,Test
2182,Cc1ncc(-c2ccc(C(C(=O)Nc3cccc(C(C)CC(=O)O)c3C)C3CCC3)cc2)cc1Cl,7.322393047279506,Test
2183,Cc1c(CCC(=O)O)cccc1NC(=O)C(c1ccc(-c2cncc(C(F)(F)F)c2)c(F)c1)C1CCCC1,7.823157265648246,Test
2184,CCCCCCNC(=O)/C=C/c1c(/C=C/c2ccc(OC)cc2)cc(OC)cc1OC,5.046240308266771,Test
2185,COc1ccc2c(c1)c(CC(=O)NC(C)(C)CO)c(C)n2C(=O)c1ccc(Cl)cc1,6.721246399047171,Test
2186,CCc1cncc(-c2ccc(C(C(=O)Nc3cccc(C(CC(=O)O)C4CC4)c3C)C3CCCC3)cc2)c1,7.530177984021837,Test
2187,CN(C)c1ccc(-c2nc(C(F)(F)F)cn2-c2ccc(S(C)(=O)=O)cc2)cc1,6.152449686946641,Test
2188,COc1ccc2c(c1)c(CC(=O)Nc1cccc(SC)c1)c(C)n2C(=O)c1ccc(Cl)cc1,6.657577319177793,Test
2189,CCN(CC)C(=O)Cc1c(C)n(C(=O)c2ccc(Cl)cc2)c2ccc(OC)cc12,4.6020599913279625,Test
2190,O=C1NC(=S)S/C1=C\c1ccc(OCc2cn(CC(=O)c3ccc(Cl)cc3)nn2)cc1,6.823908740944319,Test
2191,CS(=O)(=O)Nc1cc2c(cc1Sc1ccncc1)C(=O)CC2,6.0,Test
2192,CC1(O)CC(c2ccccc2)=NN1C(=O)CNc1ncnc2sc3c(c12)CCCC3,6.017728766960431,Test
2193,N#Cc1ccc(-c2nc(N3CCOCC3)sc2C(=O)c2cccs2)cc1,7.045757490560675,Test
2194,NS(=O)(=O)c1ccc(-n2cc(C(F)F)nc2-c2cccnc2)cc1,5.738774557593842,Test
2195,CCOP(=O)(OCC)C(NC(=O)c1cc(-c2ccsc2)n(-c2ccc(S(N)(=O)=O)cc2)n1)c1ccccc1OC,6.657577319177793,Test
2196,Cc1nnc(/N=C2\NC(=O)/C(=C/C=C/c3ccccc3)S2)s1,6.6020599913279625,Test
2197,CS(=O)(=O)c1ccc(-c2sc(Cc3ccccc3)nc2-c2ccc(F)cc2)cc1,7.744727494896693,Test
2198,C/C(=C1/SC(N=C(N)N)=NC1=O)c1cc(C(C)(C)C)c(O)c(C(C)(C)C)c1,4.920818753952375,Test
2199,COC(=O)CC1N(C(=O)Nc2ncc(C)s2)C(=O)c2ccccc2S1(=O)=O,3.7121982700697735,Test
2200,CSc1ccc(/C=C2/C(C)=C(CC(=O)O)c3cc(F)ccc32)cc1,5.813326132500254,Test
2201,CS(=O)(=O)c1ccc(/C=C(\c2ccccc2)c2ccc(F)c(F)c2)cc1,6.013228265733755,Test
2202,Cc1ccc(-c2nn(-c3ccccc3)cc2-c2nnc(-c3ccc(Cl)cc3)o2)cc1,4.236572006437063,Test
2203,COc1ccc2c(c1)c(CC(N)=O)c(C)n2C(=O)c1ccc(Cl)cc1,6.154901959985743,Test
2204,CC(C(=O)O)c1ccc(-c2cccc(OC(=O)NC3CC3)c2)c(F)c1,4.129011186239425,Test
2205,O=C1COCCN1c1ccc(Nc2nc(Cl)nc(Nc3ccc(Cl)cc3)n2)cc1,7.096910013008056,Test
2206,CS(=O)(=O)c1ccc(-c2ccc(F)c(F)c2-c2ccc3c(c2)OCCO3)cc1,6.470005326930858,Test
2207,NS(=O)(=O)c1ccc(-n2nc(C(=O)OCCCN3CCOCC3)cc2-c2ccc(F)cc2)cc1,5.447331783887806,Test
2208,CS(=O)(=O)Nc1cc2c(cc1SC1CCCCC1)C(=O)CC2,7.301029995663981,Test
2209,NS(=O)(=O)c1ccc(-c2ccc(F)c(F)c2-c2ccc(F)c(Cl)c2)cc1,8.700057099977233,Test
2210,CC(C)Oc1ccc2c(-c3ccc(S(C)(=O)=O)cc3)c(-c3ccc(F)cc3)nn2n1,7.244125144327507,Test
2211,CCOP(=O)(OCC)C(NC(=O)c1cc(-c2cccc3ccccc23)n(-c2ccc(F)cc2)n1)c1ccccc1OC,6.657577319177793,Test
2212,NS(=O)(=O)c1ccc(N2N=C(C(F)(F)F)CC2c2ccc3c(c2)OCCO3)cc1,8.096910013008056,Test
2213,O=C(CNc1ncnc2sc3c(c12)CCCC3)NN=Cc1cccc(Cl)c1,6.187086643357144,Test
2214,COc1cc(F)cc(OCc2cc(-c3ccccc3)n(-c3ccc(S(C)(=O)=O)cc3)n2)c1,6.508638306165727,Test
2215,CC1(O)OC(=O)C(c2ccc(F)c(Cl)c2)=C1c1ccc(S(C)(=O)=O)cc1,6.958607314841775,Test
2216,COc1ccc(-c2cc(F)c(F)cc2-c2ccc(S(C)(=O)=O)cc2)cc1F,7.678921132642886,Test
2217,Cc1cccnc1-c1nc(C(F)(F)F)cn1-c1ccc(S(N)(=O)=O)cc1,5.80624007698337,Test
2218,CCCCCCOC(=O)Cc1c(C)n(C(=O)c2ccc(Cl)cc2)c2ccc(OC)cc12,7.221848749616356,Test
2219,NS(=O)(=O)c1ccc(-c2coc(=O)n2-c2ccc(C(F)(F)F)cc2)cc1,5.698985205174921,Test
2220,Cc1cc(C)c2c(OCCCC(=O)N3CCN(c4cccc(Cl)c4)CC3)nsc2n1,2.33999999963408,Test
2221,CS(=O)(=O)c1ccc(-c2cnc(Cl)n2-c2ccc(F)cc2)cc1,7.853871964321762,Test
2222,CN(C)c1ccc(/C=C/C(=O)C2CCc3ccccc3C2=O)c([N+](=O)[O-])c1,4.424119684319354,Test
2223,O=C(/C=C/c1cccs1)c1cccc(-n2cnnn2)c1,7.0,Test
2224,COc1ccc(-c2ccccc2-c2ccc(S(C)(=O)=O)cc2)cc1Cl,4.943095148663527,Test
2225,CSc1ccc(Oc2cc3c(cc2NS(C)(=O)=O)CCC3=O)cc1,7.0,Test
2226,COc1cccc(-c2nc(C(F)(F)F)cn2-c2ccc(S(C)(=O)=O)cc2)c1,6.457964005399849,Test
2227,Cc1ncc(-c2ccc(C(C(=O)Nc3cccc(CCC(=O)O)c3C)C3CCC3)cc2)cc1F,6.8297382846050425,Test
2228,CC1CCCC(C)N1Cc1cc2c(cc1Cl)C=C(C(=O)O)C(C(F)(F)F)O2,4.206209615309182,Test
2229,CS(=O)(=O)c1ccc(-c2[nH]c(I)cc2-c2ccc(F)cc2)cc1,4.034798298974088,Test
2230,CC(C)(C)c1nc(-c2ccc(F)cc2)c(-c2ccc(S(C)(=O)=O)cc2)s1,6.958607314841775,Test
2231,C/C(=N\NC(N)=S)c1nnn(-c2ccc(Cl)cc2)c1C,6.619788758288394,Test
2232,Cc1ccc(S(=O)(=O)NC(=O)c2ccncc2)cc1,4.7121982700697735,Test
2233,O=C(NS(=O)(=O)c1ccc(Cl)cc1)c1ccccn1,5.221848749616356,Test
2234,Cc1ccc(S(=O)(=O)NC(=O)c2cccnc2)cc1,4.739928612014925,Test
2235,CS(=O)(=O)c1ccc(-c2cscc2-c2ccc(F)cc2)cc1,5.096910013008056,Test
2236,COc1ccc2c(c1)c(CC(=O)NOCCCO)c(C)n2C(=O)c1ccc(Cl)cc1,6.154901959985743,Test
2237,CC1(C)CC1Cn1ncc(-c2ccc(S(C)(=O)=O)cc2)c(-c2ccc(F)cc2)c1=O,6.83889035263304,Test
2238,CCCCCCN(CCCCCC)C(=O)/C=C/c1c(/C=C/c2ccc(OC)cc2)cc(OC)cc1OC,5.041914151478915,Test
2239,Cc1cccc(-n2c(-c3ccc(S(N)(=O)=O)cc3)c(C)oc2=O)c1,6.031757681129242,Test
2240,Cc1ccc(-n2nc(COC(=O)COc3cc(O)c4c(=O)cc(-c5ccccc5)oc4c3)cc2-c2ccc(Cl)cc2)cc1,5.673664139071249,Test
2241,Cc1ccc(C2C3CCc4ccccc4C3=NN2c2ccc(S(N)(=O)=O)cc2)cc1,5.665546248849069,Test
2242,CN(C)c1ccc(-c2cc(F)c(F)cc2-c2ccc(S(N)(=O)=O)cc2)cc1Cl,8.22090981113951,Test
2243,O=C(O)[C@H](OCc1cnnn1[C@@H](Cc1ccccc1)C(=O)O)[C@@H](OCc1cnnn1[C@@H](Cc1ccccc1)C(=O)O)C(=O)O,6.0,Test
2244,CCOP(=O)(OCC)C(NC(=O)c1cc(-c2ccsc2)n(-c2ccc(S(N)(=O)=O)cc2)n1)c1ccc(Br)cc1,6.657577319177793,Test
2245,CC(C)(C)c1cc(C(=O)c2cccs2)cc2c1OCC2(C)C,7.42021640338319,Test
2246,NS(=O)(=O)c1ccc(-c2coc(=O)n2-c2cccc(Cl)c2)cc1,5.823955070631064,Test
2247,CCSc1nnc(-c2nc(C(C)(C)C)c(O)c(C(C)(C)C)n2)s1,5.698970004336019,Test
2248,CC1N(C(=O)Nc2cccc(Cl)c2)C(=O)c2ccccc2S1(=O)=O,4.005243055412372,Test
2249,Cc1ccc(-c2nc(N(c3ccccc3)c3ccccc3)sc2C(=O)c2cccs2)cc1,7.045757490560675,Test
2250,CCCCCNC(=O)Oc1cccc(-c2ccc(C(C)C(=O)O)cc2F)c1,6.795880017344075,Test
2251,Cc1ccc(/N=C/c2ccc(S(N)(=O)=O)cc2)cc1,5.335358024443874,Test
2252,COc1ccc(C2CC(c3cccc(-n4cnnn4)c3)=NN2)cc1,7.4089353929735005,Test
2253,CS(=O)(=O)c1ccc(-c2nc(NCC3CCCCC3)cc(C(F)(F)F)n2)cc1,5.8297382846050425,Test
2254,O=S(=O)(Nc1ccncc1Nc1ccc(Cl)cc1)C(F)(F)F,6.3872161432802645,Test
2255,O=C(NNc1ccccc1)c1ccc(Cl)cc1,6.481486060122112,Test
2256,CC(C)c1ccc(-c2c(Cl)ncn2-c2ccc(S(C)(=O)=O)cc2)cc1,7.4089353929735005,Test
2257,Cc1cc(=O)c(Oc2ccc(C(F)(F)F)cc2)c(-c2ccc(S(C)(=O)=O)cc2)o1,5.610917245257476,Test
2258,Cc1ccc(Cl)c(Nc2ccccc2C(=O)NOC(C)(C)C)c1Cl,4.180456064458132,Test
2259,NS(=O)(=O)c1ccc(-n2nc(C(=O)NCCN3CCOCC3)cc2-c2ccccc2)cc1,6.1938200260161125,Test
2260,CC/C(=C(\c1ccccc1)c1ccc(O)cc1)c1ccc(S(C)(=O)=O)cc1,5.721246399047171,Test
2261,Cc1cn(-c2ccc(S(C)(=O)=O)cc2)c(-c2ccc(Cl)cc2)n1,6.619897359061326,Test
2262,COc1cc(/C=N/c2ccc(S(N)(=O)=O)cc2)ccc1O,5.530177984021837,Test
2263,CS(=O)(=O)c1ccc(C=C(c2ccc(Cl)cc2)c2ccc(Cl)cc2)cc1,5.698970004336019,Test
2264,Cc1cc(-c2c(Cl)ncn2-c2ccc(S(C)(=O)=O)cc2)ccc1Cl,7.958607314841775,Test
2265,CCCCCCNC(=O)Oc1cccc(-c2ccc(C(C)C(=O)O)cc2O)c1,4.886056647693163,Test
2266,CS(=O)(=O)c1ccc(-c2c(-c3ccc(F)cc3)nn3nc(S(C)(=O)=O)ccc23)cc1,6.431798275933005,Test
2267,Cc1ccc(S(=O)(=O)n2cc(C(=O)C(=O)NCC(=O)O)c3ccccc32)cc1,5.040481623027002,Test
2268,Cc1cc(C)c2c(=O)n(CCCC(=O)O)sc2n1,3.5447809267279067,Test
2269,NS(=O)(=O)c1ccc(/N=C/c2ccccc2)cc1,5.542118103266008,Test
2270,CS(=O)(=O)c1ccc(-n2cc(COc3ccc(Cl)cc3)nc2-c2ccc(Cl)cc2)cc1,7.522878745280337,Test
2271,COCCNC(=O)c1ccccc1Nc1c(Cl)ccc(C)c1Cl,5.522878745280337,Test
2272,COC(=O)c1cc(-c2ccc(F)cc2)n(-c2ccc(S(N)(=O)=O)cc2)n1,4.0,Test
2273,CC(C)c1ccc(C2=C(c3ccc(S(C)(=O)=O)cc3)C(C)(O)OC2=O)cc1,6.3872161432802645,Test
2274,CS(=O)(=O)c1ccc(-c2nc(NC3CCCC3)cc(C(F)(F)F)n2)cc1,6.322484295201242,Test
2275,CS(=O)(=O)c1ccc(-c2nc(NCc3ccc(N)cc3)cc(C(F)(F)F)n2)cc1,6.675100502947687,Test
2276,COc1ccc2c(c1)c(CC(=O)OC1CCCCC1)c(C)n2C(=O)c1ccc(Cl)cc1,6.920818753952375,Test
2277,COc1ccc2c(c1)c(CC(=O)NCCCCCCO)c(C)n2C(=O)c1ccc(Cl)cc1,6.6777807052660805,Test
2278,c1ccc(Nc2ccc(Nc3ccccc3)cc2)cc1,6.236572006437063,Test
2279,NS(=O)(=O)c1ccc(-n2nc(C(=O)N3CCSCC3)cc2-c2cccc(Cl)c2)cc1,6.6777807052660805,Test
2280,CC(C)(C)c1cc(/C=C2\NC(=S)NC2=O)cc(C(C)(C)C)c1O,6.585026652029182,Test
2281,Cc1c(NC(=O)C(c2ccc(-c3cncc(C(F)(F)F)c3)c(F)c2)C2CCCC2)cccc1N(C)CC(=O)O,7.616184634019569,Test
2282,CS(=O)(=O)c1ccc(-n2cc(C(F)(F)F)nc2-c2ccsc2)cc1,4.292429823902063,Test
2283,CC[C@@H](C)NC(=O)Cc1c(C)n(C(=O)c2ccc(Cl)cc2)c2ccc(OC)cc12,6.886056647693163,Test
2284,NS(=O)(=O)c1ccc(C2=C(c3ccc(F)c(Cl)c3)CCC2)cc1,8.0,Test
2285,NS(=O)(=O)c1ccc(N2N=C(C(F)(F)F)CC2c2cccc3c2OCO3)cc1,7.292429823902063,Test
2286,CN1C(NC(=N)N)=NC(=O)/C1=C/c1cc(C(C)(C)C)c(O)c(C(C)(C)C)c1,4.091514981121351,Test
2287,CCSc1cc(NCc2ccccc2)nc(-c2ccc(S(C)(=O)=O)cc2)n1,7.617982957425132,Test
2288,Cc1cc(=O)c(-c2ccc(F)cc2F)c(-c2ccc(S(C)(=O)=O)cc2)o1,5.950791671619467,Test
2289,O=C(CNc1ncnc2sc3c(c12)CCCC3)NN=Cc1cccs1,6.036212172654444,Test
2290,CS(=O)(=O)c1ccc(-c2cnn(CC3CC3)c(=O)c2-c2ccccc2)cc1,6.520479303839453,Test
2291,Cc1[nH]c2cc(S(C)(=O)=O)ccc2c1Cc1ccc(Cl)cc1,5.918419312511491,Test
2292,Cc1ccc(-c2c(Cl)ncn2-c2ccc(S(C)(=O)=O)cc2)cc1,7.795880017344075,Test
2293,NS(=O)(=O)c1ccc(-c2ccccc2-c2ccc(Cl)cc2)cc1,8.22090981113951,Test
2294,CCOC(=O)c1nc(-c2ccc(F)cc2)c(-c2ccc(S(C)(=O)=O)cc2)s1,6.214670164989233,Test
2295,CS(=O)(=O)c1ccc(C2=C(c3ccc4c(c3)OCO4)CC3(CC3)C2)cc1,8.601020178131403,Test
2296,COC(=O)c1ccc(/C=N/c2ccc(S(N)(=O)=O)cc2)cc1,5.563837352959244,Test
2297,CS(=O)(=O)Nc1ccncc1Nc1ccc(Br)cc1,4.6595558851598815,Test
2298,COc1cc(C)cc2c1OC(C(F)(F)F)C(C(=O)O)=C2,5.47755576649368,Test
2299,COC(=O)CC1N(C(=O)Nc2nccs2)C(=O)c2ccccc2S1(=O)=O,3.3375254962496905,Test
2300,NS(=O)(=O)c1ccc(-c2ccc(F)c(F)c2-c2ccc(F)cc2)cc1,8.400007822415901,Test
2301,CC1(C)OC(=O)C(Oc2ccccn2)=C1c1ccc(S(C)(=O)=O)cc1,6.920818753952375,Test
2302,CC(C)c1cc(NCc2ccccc2)nc(-c2ccc(S(C)(=O)=O)cc2)n1,7.596879478824182,Test
2303,COc1ccc(/N=C/c2ccc(S(N)(=O)=O)cc2)cc1OC,5.368556230986828,Test
2304,CC(C)(C)c1cc(/C=C2\OC(N=C(N)N)=NC2=O)cc(C(C)(C)C)c1O,5.292429823902063,Test
2305,CCCCCCCCOC(=O)Cc1c(C)n(C(=O)c2ccc(Cl)cc2)c2ccc(OC)cc12,7.045757490560675,Test
2306,CS(=O)(=O)c1ccc(-c2cc(F)c(F)cc2-c2ccc3c(c2)OCO3)cc1,7.920457143142827,Test
2307,CSc1ccccc1OC(=O)CCl,3.443697499232713,Test
2308,CS(=O)(=O)c1ccc(-c2occ(Cl)c(=O)c2-c2ccc(Cl)cc2)cc1,3.028700001262658,Test
2309,Cc1c(C(=O)c2ccccc2)cc(-c2ccc(S(C)(=O)=O)cc2)n1-c1ccc(F)cc1,5.990700549095011,Test
2310,COc1ccc2c(c1)c(CC(=O)Nc1ccc(-c3ccccc3)cc1)c(C)n2C(=O)c1ccc(Cl)cc1,6.301029995663981,Test
2311,NS(=O)(=O)c1ccc(-c2ccccc2-c2ccc(F)c(Cl)c2)cc1,7.770062314092066,Test
2312,CCCCCC/C(=C(\c1ccccc1)c1ccc(NS(C)(=O)=O)cc1)c1ccccc1,7.522878745280337,Test
2313,COc1ccc(-c2cc(CC3CCCC3=O)ccc2C(C)C(=O)[O-])cc1,3.366531544420414,Test
2314,Cc1ccc(-c2cc(C(=O)N3CCOCC3)nn2-c2ccc(S(N)(=O)=O)cc2)cc1,6.031517051446064,Test
2315,CCOC(=O)[C@H](O)[C@@H](OCc1cnnn1[C@@H](Cc1ccccc1)C(=O)OC)C(=O)OCC,4.494850021680094,Test
2316,Cc1c(CCC(=O)O)cccc1NC(=O)C(c1cc(F)c(-c2cncc(C(F)(F)F)c2)cc1F)C1CCCC1,7.0695604052333,Test
2317,Cc1c(CCC(=O)O)cccc1NC(=O)C(c1ccc(-c2ccc(F)nc2)cc1)C1CCCC1,6.258060922270801,Test
2318,Cc1c(CC(=O)N[C@H](CO[N+](=O)[O-])C(=O)O)cc(-c2ccc(S(C)(=O)=O)cc2)n1-c1ccc(F)cc1,6.508638306165727,Test
2319,CN(C)c1ccc(-c2c(-c3ccc(S(N)(=O)=O)cc3)ccc(F)c2F)cc1Cl,8.219970872662662,Test
2320,Cc1ccc(Cl)c(Nc2ccccc2C(=O)NNCc2ccccc2)c1Cl,5.200659450546418,Test
2321,Cc1ccc(-c2c(Cl)ncn2-c2ccc(S(N)(=O)=O)cc2)cc1,8.522878745280337,Test
2322,Cc1c(CC(=O)N[C@H](CO[N+](=O)[O-])C(=O)O)cc(-c2ccc(S(C)(=O)=O)cc2)n1-c1cccc(F)c1,6.853871964321762,Test
2323,NS(=O)(=O)c1ccc(-n2nc(C(=O)N3CCOCC3)cc2-c2ccccc2)cc1,6.161150909262744,Test
2324,Cc1[nH]c2cc(S(C)(=O)=O)ccc2c1Sc1ccccn1,5.516788327028153,Test
2325,CS(=O)(=O)c1ccc(-c2nc(NCCCc3cccs3)cc(C(F)(F)F)n2)cc1,4.499997314990965,Test
2326,CCCCCCCOC(=O)Cc1c(C)n(C(=O)c2ccc(Cl)cc2)c2ccc(OC)cc12,7.397940008672037,Test
2327,COc1c(C(C)(C)C)cc(-c2nnc(SC)s2)cc1C(C)(C)C,6.468521082957745,Test
2328,CCOP(=O)(OCC)C(NC(=O)c1cc(-c2cccc3ccccc23)n(-c2ccc(F)cc2)n1)c1ccccc1,6.657577319177793,Test
2329,O=C(c1cccs1)c1sc(N2CCOCC2)nc1-c1ccc(C(F)(F)F)cc1,7.045757490560675,Test
2330,CC(C)N(c1cc2c(cc1Cl)C=C(C(=O)O)C(C(F)(F)F)O2)C(C)C,4.0,Test
2331,O=c1c2ccccc2nc(SCc2cn(-c3ccc(Cl)cc3)nn2)n1-c1ccc(Cl)cc1,6.275724130399211,Test
2332,CCOP(=O)(OCC)C(NC(=O)c1cc(-c2cccs2)n(-c2ccc(S(N)(=O)=O)cc2)n1)c1ccc(OC)cc1,6.657577319177793,Test
2333,COc1ccc(-n2c(SCc3cc(-c4ccc(Cl)cc4)no3)nc3ccccc3c2=O)cc1,6.200659450546418,Test
2334,CS(=O)(=O)Nc1ccncc1Oc1ccccc1Cl,6.886056647693163,Test
2335,NS(=O)(=O)c1ccc(C2=C(c3ccc(F)cc3)CC3(CC3)C2)cc1,8.521435901161594,Test
2336,O=C(NS(=O)(=O)c1ccc(Cl)cc1)c1cncc(C(=O)NS(=O)(=O)c2ccc(Cl)cc2)c1,5.468521082957745,Test
2337,O=C(O)CCc1cccc(NC(=O)[C@@H](c2ccc(-c3cncc(C(F)(F)F)c3)cc2)C2CCCC2)c1C(F)(F)F,6.58838029403677,Test
2338,COc1ccc(-c2cc(CSc3nc4ccccc4c(=O)n3-c3ccccc3)on2)cc1,6.431798275933005,Test
2339,O=C1NC(=O)/C(=C/c2ccc(OCc3cn(CC(=O)c4ccc(Br)cc4)nn3)cc2)S1,7.0,Test
2340,COc1ccc(/C=C/c2cc(OC)cc(OC)c2/C=C/C(=O)N2CCCC(C)C2)cc1,5.149353764816933,Test
2341,O=S(=O)(c1ccccc1)N1N=C(C(F)(F)F)CC1c1ccc2c(c1)OCCO2,5.705533773838408,Test
2342,Clc1ccccc1C(c1ccccc1)(c1ccccc1)n1ccnc1,4.378865279494139,Test
2343,O=C(NS(=O)(=O)c1ccc(Cl)cc1)c1cccc(C(=O)NS(=O)(=O)c2ccc(Cl)cc2)n1,5.721246399047171,Test
2344,Cc1c(CC(=O)OCCO[N+](=O)[O-])cc(-c2ccc(S(C)(=O)=O)cc2)n1-c1cccc(F)c1,7.721246399047171,Test
2345,CC1CCC(C)N1Cc1cc2c(cc1Cl)C=C(C(=O)O)C(C(F)(F)F)O2,4.017728766960432,Test
2346,CS(=O)(=O)c1ccc(-c2nc(C(F)(F)F)cn2-c2ccc(S(C)(=O)=O)cc2)cc1,5.2420625485173895,Test
2347,Cc1c(C(F)(F)F)nn(-c2ccc(S(N)(=O)=O)cc2)c1-c1ccc(Cl)cc1,7.657577319177793,Test
2348,Cc1cc(OC(F)(F)F)cc2c1O[C@H](C(F)(F)F)C(C(=O)O)=C2,7.853871964321762,Test
2349,COc1ccc(C2=C(c3ccc(S(N)(=O)=O)cc3)CC3(CC3)C2)cc1,9.0,Test
2350,CS(=O)(=O)c1ccc2c(Sc3ccc(F)cc3)c(C#N)[nH]c2c1,5.816975395099882,Test
2351,NS(=O)(=O)c1ccc(-c2nc(NCc3ccncc3)cc(C(F)(F)F)n2)cc1,5.6005469811602175,Test
2352,COc1ccc(-c2cc(COC(=O)COc3cc(O)c4c(=O)cc(-c5ccccc5)oc4c3)nn2-c2ccccc2)cc1,6.267606240177031,Test
2353,CCCNC(=O)c1cc(C(C)(C)C)c2c(c1)C(C)(C)CO2,6.022276394711152,Test
2354,COc1ccc(NNC(=O)c2ccccc2)cc1,6.7447274948966935,Test
2355,CCOC(OCC)c1ccc(/C=C2\Cc3ccccc3C2=O)cc1,4.713992877920526,Test
