dataset,pIC50_exp,pIC50_pred
train_test_full,6.552841968657781,6.552841968657745
train_test_full,4.4089353929735005,4.552209945196845
train_test_full,7.275724130399211,7.099973353430588
train_test_full,6.958607314841775,6.784362339427142
train_test_full,7.0,6.492653666878323
train_test_full,5.041914151478915,5.1474833489713845
train_test_full,6.481486060122112,6.235816018373448
train_test_full,6.920818753952375,6.58280166237262
train_test_full,4.6020599913279625,4.653901448877938
train_test_full,6.7447274948966935,6.594990510666017
train_test_full,6.4089353929735005,6.360665648992326
train_test_full,6.356547323513812,6.344625672229398
train_test_full,6.568636235841012,6.459368804190057
train_test_full,7.585026652029182,7.388601466007155
train_test_full,7.136677139879544,7.039923998908809
train_test_full,6.366531544420413,6.512178134202792
train_test_full,4.480172006224281,6.08252347010815
train_test_full,5.443697499232712,5.228979743827453
train_test_full,4.920818753952375,4.97965722681986
train_test_full,6.537602002101044,6.578117252799365
train_test_full,6.494850021680094,6.532709427909677
train_test_full,6.568636235841012,6.560852845408957
train_test_full,6.468521082957745,6.54898601413656
train_test_full,6.376750709602099,6.476563412595391
train_test_full,7.301029995663981,6.999545984394846
train_test_full,6.619788758288394,6.775468917721804
train_test_full,7.154901959985743,6.993078134786659
train_test_full,7.301029995663981,7.0672705871294
train_test_full,7.301029995663981,7.122934200466087
train_test_full,7.154901959985743,6.711483484801861
train_test_full,7.221848749616356,7.2015156673350615
train_test_full,7.301029995663981,7.231676609316979
train_test_full,7.397940008672037,7.242293648680513
train_test_full,7.397940008672037,7.365020074701283
train_test_full,5.958607314841775,5.944383228828794
train_test_full,6.096910013008056,6.104660622296533
train_test_full,6.3979400086720375,5.97657678562858
train_test_full,5.42021640338319,5.524018799493969
train_test_full,5.337242168318426,5.614578776911142
train_test_full,5.537602002101044,5.544686521209938
train_test_full,6.221848749616356,6.220880503936926
train_test_full,6.3979400086720375,6.30608948590334
train_test_full,5.096367483915762,5.18743545221382
train_test_full,4.585026652029182,4.617206348124316
train_test_full,5.568636235841012,5.5510804865710925
train_test_full,5.468521082957745,5.177478053743662
train_test_full,3.889410289700751,3.9192338608471413
train_test_full,4.698970004336019,4.623363045094782
train_test_full,6.200659450546418,6.4354612982866
train_test_full,5.164309428507575,5.379744559064108
train_test_full,5.301029995663981,5.553614624735736
train_test_full,9.744848165775572,9.192379074870493
train_test_full,5.455931955649724,5.5684352352802975
train_test_full,5.6020599913279625,5.6435322867726105
train_test_full,4.301029995663981,4.6116863721263135
train_test_full,6.328948815373956,6.4581749898240455
train_test_full,7.301029995663981,7.260043722934312
train_test_full,7.301029995663981,7.285330860792663
train_test_full,7.301029995663981,7.2354811226189275
train_test_full,7.301029995663981,7.285330860792663
train_test_full,7.301029995663981,7.283383245350365
train_test_full,2.9744237387763093,3.5830060426267747
train_test_full,5.022276394711152,4.959646308871497
train_test_full,4.301029995663981,4.482579006343446
train_test_full,4.920818753952375,4.959646308871497
train_test_full,5.0,4.924501118441047
train_test_full,4.0,4.490581342844767
train_test_full,3.6020599913279625,3.8630055807423074
train_test_full,5.791587075019648,5.932527689067546
train_test_full,5.54105916480787,5.857815284356982
train_test_full,6.376750709602099,6.446687121256751
train_test_full,6.920818753952375,6.797907670518492
train_test_full,6.638272163982407,6.654657264678011
train_test_full,6.537602002101044,6.645423047276835
train_test_full,6.958607314841775,6.805738173119258
train_test_full,3.5228787452803374,4.221793663338856
train_test_full,4.129011186239425,4.79668592614781
train_test_full,4.966576244513051,5.239427592224914
train_test_full,5.207608310501746,5.338090430696905
train_test_full,5.568636235841012,5.636850923901833
train_test_full,6.209799843078455,5.818286287926368
train_test_full,5.619788758288394,5.2060375881566605
train_test_full,4.913640169325252,5.2060375881566605
train_test_full,6.105130343254748,6.1875454080562635
train_test_full,4.443697499232713,4.354550229127852
train_test_full,4.142667503568732,4.155537709363751
train_test_full,3.5376020021010435,3.5953664986246463
train_test_full,4.638272163982407,4.4649390490304635
train_test_full,5.0,4.870148034752799
train_test_full,4.119186407719209,4.080305786698861
train_test_full,4.443697499232713,4.354550229127852
train_test_full,4.958607314841775,4.696541668014029
train_test_full,4.154901959985743,3.5953664986246463
train_test_full,4.187086643357144,4.4649390490304635
train_test_full,5.698970004336019,5.435529309709186
train_test_full,4.853871964321762,4.877495870576409
train_test_full,3.267606240177032,3.9143599358301064
train_test_full,4.309803919971486,4.705894687775413
train_test_full,4.698970004336019,4.769707923365669
train_test_full,4.769551078621726,4.769707923365669
train_test_full,6.05395269865476,6.314598223088087
train_test_full,7.154901959985743,6.542872302680158
train_test_full,7.823908740944319,7.225904717946402
train_test_full,5.045757490560675,5.571223021358467
train_test_full,5.455931955649724,5.438848092609243
train_test_full,4.638272163982407,4.784234482486311
train_test_full,4.769551078621726,4.9984275110382805
train_test_full,4.958607314841775,5.214971431056158
train_test_full,5.886056647693163,5.699418426089149
train_test_full,4.327902142064283,4.691303686312139
train_test_full,5.259637310505756,5.527608067862349
train_test_full,4.3872161432802645,4.8012739730278415
train_test_full,7.1938200260161125,6.8795478404796135
train_test_full,4.568636235841013,5.074864102537794
train_test_full,7.327902142064282,6.580689115253727
train_test_full,5.958607314841775,5.478889915923397
train_test_full,5.522878745280337,5.644987074874189
train_test_full,8.455931955649724,7.467403029208921
train_test_full,6.585026652029182,6.105566223178194
train_test_full,4.468521082957745,4.695821894910565
train_test_full,5.292429823902063,4.992639186242235
train_test_full,5.327902142064282,5.443910418089427
train_test_full,5.823908740944319,5.817577898403699
train_test_full,4.6777807052660805,4.933574557935331
train_test_full,4.259637310505756,4.696605425300099
train_test_full,5.823908740944319,5.71940777947854
train_test_full,7.455931955649724,7.143737227893965
train_test_full,6.259637310505756,6.177138126012453
train_test_full,7.42021640338319,7.160225987497329
train_test_full,7.027334407733889,7.107586079988312
train_test_full,7.507239610973162,7.368290939227983
train_test_full,5.3979400086720375,5.694795227766709
train_test_full,8.301029995663981,6.970631184124974
train_test_full,7.207608310501746,6.970631184124974
train_test_full,5.288192770958808,6.970631184124974
train_test_full,6.958607314841775,7.147863234372657
train_test_full,4.136677139879544,4.395318420779669
train_test_full,5.795880017344075,5.64891690036332
train_test_full,4.0,4.78437315447285
train_test_full,5.698970004336019,5.022697621216258
train_test_full,6.761439372640169,6.714842413123524
train_test_full,7.026872146400302,6.742014522291491
train_test_full,5.94692155651658,6.742014522291491
train_test_full,7.167491087293763,6.742014522291491
train_test_full,7.154901959985743,6.680853926384956
train_test_full,6.060480747381382,6.680853926384956
train_test_full,7.070581074285707,6.680853926384956
train_test_full,5.606310574670642,5.940619230462844
train_test_full,7.721246399047171,7.51063165365218
train_test_full,6.823908740944319,7.51063165365218
train_test_full,8.096910013008056,7.51063165365218
train_test_full,5.698970004336019,5.673829230639846
train_test_full,7.301029995663981,6.92521631242123
train_test_full,4.552841968657781,4.847533604383229
train_test_full,5.096910013008056,5.751205035979995
train_test_full,6.522878745280337,5.751205035979995
train_test_full,6.3979400086720375,6.459278824695226
train_test_full,6.301029995663981,6.195705883312231
train_test_full,7.698970004336019,7.289567304191963
train_test_full,6.040958607678906,7.289567304191963
train_test_full,8.154901959985743,7.289567304191963
train_test_full,4.592949185195749,4.8029184506980735
train_test_full,4.0,4.191639984547462
train_test_full,4.0,4.729483654314799
train_test_full,6.562566556202029,6.838638575576836
train_test_full,7.987162775294828,7.7952762027303155
train_test_full,6.734260541478872,6.839744982915775
train_test_full,6.494850021680094,6.288573451791104
train_test_full,7.244125144327507,7.294649159245433
train_test_full,4.259637310505756,4.551160873426033
train_test_full,6.698970004336019,6.224439388460636
train_test_full,5.522878745280337,5.717201218717922
train_test_full,7.397940008672037,6.587647777005594
train_test_full,5.7447274948966935,5.500006504186822
train_test_full,7.596879478824182,7.294031178329321
train_test_full,8.008773924307505,7.538875375851942
train_test_full,6.522878745280337,6.756511775222768
train_test_full,7.4089353929735005,7.035258824066743
train_test_full,6.3872161432802645,6.472776802198928
train_test_full,6.426935982160881,6.528038748198209
train_test_full,6.282495925235798,6.365062711321579
train_test_full,5.752026733638193,5.228979743827453
train_test_full,6.552841968657781,6.471540627028051
train_test_full,5.7447274948966935,6.08252347010815
train_test_full,5.721246399047171,5.71713629350711
train_test_full,7.522878745280337,6.697521186768139
train_test_full,4.494850021680094,5.228979743827453
train_test_full,3.7447274948966935,4.0255024608336125
train_test_full,3.920818753952375,4.402147181257715
train_test_full,6.698970004336019,6.393184974265925
train_test_full,8.152465023828446,8.051482095576901
train_test_full,7.819874124835946,6.342729325051906
train_test_full,6.83889035263304,6.6874868955239615
train_test_full,3.5301779840218366,4.495253194487037
train_test_full,7.698970004336019,7.447917965392334
train_test_full,7.522878745280337,7.257881425981492
train_test_full,7.698970004336019,7.3818369624969105
train_test_full,7.397940008672037,7.178236466889049
train_test_full,7.522878745280337,6.973430719660541
train_test_full,6.481486060122112,6.487095473016769
train_test_full,7.698970004336019,7.280574608813058
train_test_full,6.455931955649724,6.730789956984634
train_test_full,6.173925197299173,6.289507297963557
train_test_full,6.920818753952375,6.9099901176577605
train_test_full,6.585026652029182,6.605327537436299
train_test_full,6.568636235841012,6.664776332001027
train_test_full,6.259637310505756,6.373713628569655
train_test_full,7.397940008672037,7.282207306010849
train_test_full,7.045757490560675,7.135858678455805
train_test_full,6.207608310501746,6.297836272077721
train_test_full,5.537602002101044,5.971462070342729
train_test_full,6.426935982160881,6.54505405074421
train_test_full,6.017728766960431,5.915532377636445
train_test_full,6.259637310505756,6.496053473075297
train_test_full,6.187086643357144,6.128947052872012
train_test_full,6.853871964321762,6.865228172828035
train_test_full,7.154901959985743,6.969129960549571
train_test_full,6.958607314841775,6.834443969228576
train_test_full,5.920818753952375,6.3399335939026775
train_test_full,6.958607314841775,6.870933117783593
train_test_full,6.698970004336019,6.496053473075297
train_test_full,6.42021640338319,6.542999960469879
train_test_full,6.346787486224656,6.2220127758313595
train_test_full,6.6020599913279625,6.542999960469879
train_test_full,6.795880017344075,6.720560472492986
train_test_full,5.721246399047171,6.053836894892444
train_test_full,6.958607314841775,6.554059910252098
train_test_full,6.494850021680094,6.59981997583133
train_test_full,5.638272163982407,5.466149728323658
train_test_full,5.667561540084394,5.729147372896854
train_test_full,4.017728766960432,4.148294665674167
train_test_full,4.206209615309182,4.233367557667209
train_test_full,7.130768280269024,7.200254635793893
train_test_full,4.005243055412372,3.9156112293820113
train_test_full,3.4943074925878,3.554917044434927
train_test_full,4.114638779968488,3.952000009201859
train_test_full,3.938547520912807,3.803741562101537
train_test_full,3.372736583431779,3.520715653082118
train_test_full,6.920818753952375,6.8227869172368765
train_test_full,5.301029995663981,5.067718371738246
train_test_full,5.903089986991944,6.4354612982866
train_test_full,6.2441251443275085,6.1275802222906215
train_test_full,3.5319734251443338,3.487818907484713
train_test_full,5.341035157335565,5.344222187208632
train_test_full,8.698970004336019,8.599763760312737
train_test_full,8.18243463044022,7.99450481033316
train_test_full,7.021819483062586,7.140698531204637
train_test_full,8.16621562534352,8.040188232210102
train_test_full,7.104091540075629,7.143096702691989
train_test_full,6.806875401645538,6.997755182194731
train_test_full,7.982966660701219,7.836842318666656
train_test_full,7.752026733638194,7.796878896244413
train_test_full,7.777283528852417,7.571688972230063
train_test_full,7.337242168318426,7.055940426674033
train_test_full,4.187086643357144,6.342729325051906
train_test_full,4.988006885340743,5.032587090939832
train_test_full,5.187086643357144,5.408093049639458
train_test_full,5.522878745280337,5.44038234457982
train_test_full,6.443697499232712,5.879729155406713
train_test_full,6.0,6.471540627028051
train_test_full,6.494850021680094,6.08252347010815
train_test_full,5.481486060122112,5.879729155406713
train_test_full,7.301029995663981,7.21614584879002
train_test_full,4.958607314841775,5.0613221931784675
train_test_full,5.154901959985743,5.408093049639458
train_test_full,6.6020599913279625,6.784488781551648
train_test_full,4.585026652029182,4.830539745848861
train_test_full,6.096910013008056,5.408093049639458
train_test_full,7.853871964321762,6.4354612982866
train_test_full,5.102372908709558,5.045599782723488
train_test_full,3.546681659952962,4.267311866495827
train_test_full,5.154901959985743,5.408093049639458
train_test_full,5.698970004336019,6.4354612982866
train_test_full,6.958607314841775,6.471540627028051
train_test_full,7.522878745280337,6.08252347010815
train_test_full,5.102372908709558,5.74520616858586
train_test_full,6.823908740944319,6.590186911721664
train_test_full,7.397940008672037,7.2354127815750005
train_test_full,4.697020063251751,4.954822864976379
train_test_full,7.397940008672037,7.2354127815750005
train_test_full,4.540607512240769,5.985264941330165
train_test_full,7.221848749616356,6.59689356953693
train_test_full,7.045757490560675,7.1113856439099905
train_test_full,5.543330370576243,5.342385601113314
train_test_full,6.494850021680094,5.985264941330165
train_test_full,7.397940008672037,7.21614584879002
train_test_full,5.698970004336019,5.339267751896661
train_test_full,4.920818753952375,4.867049820130193
train_test_full,5.041914151478915,4.949944618131582
train_test_full,5.046240308266771,4.954822864976379
train_test_full,6.251811972993799,6.210014370753682
train_test_full,6.161150909262744,6.068002712529976
train_test_full,6.698970004336019,6.4403619843211874
train_test_full,5.853871964321762,6.000941302713331
train_test_full,6.136677139879544,6.112606624270745
train_test_full,6.366531544420413,5.985264941330165
train_test_full,4.91721462968355,5.362476556440951
train_test_full,4.886056647693163,5.232153867208796
train_test_full,6.031517051446064,5.740874304285792
train_test_full,6.619788758288394,6.368046490959948
train_test_full,4.642065152999546,5.985264941330165
train_test_full,7.301029995663981,5.985264941330165
train_test_full,7.221848749616356,7.21614584879002
train_test_full,6.769551078621726,6.420576024396974
train_test_full,5.455931955649724,5.070349847650698
train_test_full,4.784362436564939,4.847670126507922
train_test_full,6.795880017344075,5.985264941330165
train_test_full,6.6020599913279625,6.125967024323288
train_test_full,6.137510833094103,6.226516377352049
train_test_full,7.301029995663981,7.21614584879002
train_test_full,5.301029995663981,5.070349847650698
train_test_full,4.996539467890494,5.029248355115613
train_test_full,5.991399828238082,5.640611008551862
train_test_full,6.657577319177793,6.125967024323288
train_test_full,8.886056647693163,8.590693273805636
train_test_full,7.301029995663981,7.21614584879002
train_test_full,7.221848749616356,7.21739936343303
train_test_full,5.154901959985743,5.0501773619915715
train_test_full,5.320572103387882,5.538713536907114
train_test_full,4.468521082957745,5.070349847650698
train_test_full,5.3979400086720375,5.752855001676843
train_test_full,5.09366495819491,5.091573120037629
train_test_full,5.170696227168975,5.1867288370542175
train_test_full,6.022276394711152,6.125967024323288
train_test_full,8.301029995663981,8.214259751967464
train_test_full,7.0,7.21614584879002
train_test_full,5.0,6.800554326353311
train_test_full,5.013676222949234,5.278492627289191
train_test_full,4.180456064458132,4.050220117715542
train_test_full,4.0,5.40673318171381
train_test_full,7.366531544420413,6.889104227346972
train_test_full,5.769551078621726,6.889104227346972
train_test_full,7.376750709602099,6.889104227346972
train_test_full,6.823908740944319,7.3293123518468715
train_test_full,6.853871964321762,7.3293123518468715
train_test_full,8.301029995663981,7.3293123518468715
train_test_full,7.0,7.2223522231001835
train_test_full,7.0,6.961747194013175
train_test_full,5.346787486224656,5.5658884148740215
train_test_full,4.671620396561262,5.331810178775176
train_test_full,5.330683119433887,5.18743545221382
train_test_full,4.6020599913279625,4.993760130691672
train_test_full,4.721246399047171,4.88021113625529
train_test_full,8.214670164989233,7.990240614967648
train_test_full,7.096910013008056,7.0726238032061834
train_test_full,4.907981529247203,5.096754029015911
train_test_full,5.221848749616356,6.125967024323288
train_test_full,7.0,6.853273036458711
train_test_full,6.958607314841775,6.850888317001395
train_test_full,6.42021640338319,6.291531572985812
train_test_full,3.886056647693163,4.366554885756447
train_test_full,5.3979400086720375,5.481291580873831
train_test_full,6.958607314841775,6.5713042020216355
train_test_full,7.0,7.21614584879002
train_test_full,4.259637310505756,4.652271783304102
train_test_full,7.0,6.916343003055302
train_test_full,4.638272163982407,4.733685574547653
train_test_full,4.3979400086720375,4.628792042718041
train_test_full,4.455931955649724,4.644807228200875
train_test_full,4.494850021680094,4.677857571456526
train_test_full,6.3979400086720375,6.062195497037513
train_test_full,6.301029995663981,6.111583378358189
train_test_full,6.154901959985743,6.170541547487847
train_test_full,6.154901959985743,6.170541547487847
train_test_full,5.2420625485173895,5.462347204363294
train_test_full,6.214670164989233,6.435965516700322
train_test_full,4.502379350218712,4.611254767793462
train_test_full,4.875495775165717,4.88098197424697
train_test_full,4.830913642512977,4.782960732658946
train_test_full,4.759201228882668,4.743830225315135
train_test_full,4.417822962311591,4.585068128971664
train_test_full,4.5583048643592825,4.7076664530307
train_test_full,4.9503943874050265,4.772841535362527
train_test_full,4.713992877920526,4.821958800384362
train_test_full,4.102372908709558,4.418065049116379
train_test_full,5.494850021680094,5.547775896432904
train_test_full,6.552841968657781,6.536313064322392
train_test_full,6.552841968657781,6.535411262123083
train_test_full,6.552841968657781,6.472705407725993
train_test_full,6.552841968657781,6.553540204327879
train_test_full,6.552841968657781,6.553540204327879
train_test_full,6.552841968657781,6.552804654934675
train_test_full,6.552841968657781,6.550093301021653
train_test_full,6.552841968657781,6.5500647048798015
train_test_full,6.552841968657781,6.550975170816167
train_test_full,6.552841968657781,6.553889322162946
train_test_full,6.552841968657781,6.554440212291439
train_test_full,6.552841968657781,6.552841968657745
train_test_full,6.552841968657781,6.554738431684968
train_test_full,6.552841968657781,6.527712200175635
train_test_full,6.552841968657781,6.519760430870704
train_test_full,6.552841968657781,6.558358094740294
train_test_full,6.552841968657781,6.559444025091961
train_test_full,6.552841968657781,6.552841968657745
train_test_full,6.552841968657781,6.554738431684968
train_test_full,6.552841968657781,6.5424071567925095
train_test_full,6.552841968657781,6.53227401147821
train_test_full,6.657577319177793,6.657577319177791
train_test_full,6.657577319177793,6.659494200489894
train_test_full,6.657577319177793,6.656879083507657
train_test_full,6.657577319177793,6.657577319177791
train_test_full,6.657577319177793,6.657033603856623
train_test_full,6.657577319177793,6.65652996567259
train_test_full,6.657577319177793,6.660510734787535
train_test_full,6.657577319177793,6.657228201342724
train_test_full,6.657577319177793,6.657577319177791
train_test_full,6.657577319177793,6.65334856990739
train_test_full,6.657577319177793,6.654784376497256
train_test_full,6.657577319177793,6.65548261216739
train_test_full,6.657577319177793,6.612542830418895
train_test_full,6.657577319177793,6.6541769753027395
train_test_full,6.657577319177793,6.596700342031976
train_test_full,6.657577319177793,6.65652996567259
train_test_full,6.657577319177793,6.660510734787535
train_test_full,6.657577319177793,6.657228201342724
train_test_full,6.657577319177793,6.657577319177791
train_test_full,6.657577319177793,6.65334856990739
train_test_full,6.552841968657781,6.552841968657745
train_test_full,6.552841968657781,6.552841968657745
train_test_full,6.552841968657781,6.554738431684968
train_test_full,6.657577319177793,6.754544810194139
train_test_full,6.657577319177793,6.670818940548052
train_test_full,6.657577319177793,6.654339262540054
train_test_full,6.657577319177793,6.6621836175944065
train_test_full,6.657577319177793,6.658334787152531
train_test_full,6.657577319177793,6.6466974386074655
train_test_full,6.657577319177793,6.655164447526232
train_test_full,6.657577319177793,6.634544785422588
train_test_full,6.657577319177793,6.652810338678802
train_test_full,6.657577319177793,6.613816495242415
train_test_full,5.432973633840939,5.48964713248845
train_test_full,9.522878745280336,9.203814142816269
train_test_full,8.397940008672037,6.800554326353311
train_test_full,8.154901959985743,7.803008006436458
train_test_full,7.602059991327962,7.33150612270737
train_test_full,8.698970004336019,8.30107840472453
train_test_full,8.154901959985743,8.189164849899585
train_test_full,7.698970004336019,7.889366191683874
train_test_full,5.054039296422431,5.086131881430562
train_test_full,5.52432881167557,5.693993585808434
train_test_full,6.013228265733755,5.9144817796691
train_test_full,6.040958607678906,6.051625736278679
train_test_full,6.070581074285707,6.051625736278679
train_test_full,5.11690664142431,5.3684904550187715
train_test_full,5.954677021213342,5.820676088373675
train_test_full,6.045275209020938,6.0078826530068925
train_test_full,6.19191143532696,6.520711144255682
train_test_full,6.578396073130168,6.923975744170146
train_test_full,7.886056647693163,7.583306204712433
train_test_full,8.522878745280337,8.291952659777069
train_test_full,9.356547323513812,8.463380060574623
train_test_full,7.366531544420413,7.345028288618029
train_test_full,4.425968732272281,5.1366308199000645
train_test_full,6.187086643357144,6.539604674896897
train_test_full,6.045757490560675,6.078629219356745
train_test_full,6.562249437179612,6.249110388034635
train_test_full,6.24184537803261,6.733801893012338
train_test_full,6.96657624451305,6.858851584152253
train_test_full,7.268411234813261,7.166674096994179
train_test_full,6.97469413473523,7.148984441872179
train_test_full,6.801342913045577,6.832099632734938
train_test_full,6.6777807052660805,6.75073953356003
train_test_full,6.563837352959244,6.733801893012338
train_test_full,6.795880017344075,6.858851584152253
train_test_full,7.257274868695301,6.733801893012338
train_test_full,6.484126156288321,6.577454731619412
train_test_full,5.214670164989233,5.305333950237212
train_test_full,5.484126156288321,5.278492627289191
train_test_full,4.850472986245652,5.02796352735018
train_test_full,7.042392712939905,7.1544659625308755
train_test_full,6.840132152907433,7.443810554199721
train_test_full,7.617982957425132,7.542574141457614
train_test_full,8.920818753952375,8.428306270918926
train_test_full,7.275724130399211,7.337430333011095
train_test_full,4.29073003902417,5.010533392320196
train_test_full,3.6989700043360174,4.050220117715542
train_test_full,5.187086643357144,5.142463304358281
train_test_full,6.853871964321762,5.40673318171381
train_test_full,5.698970004336019,5.761906447233815
train_test_full,5.221848749616356,5.228750367473358
train_test_full,7.424812155072339,7.837736509390869
train_test_full,7.552841968657781,7.604277707201236
train_test_full,4.540607512240769,5.9166486001918654
train_test_full,6.988006885340743,7.3222032719258765
train_test_full,6.917573699139228,7.045917168335283
train_test_full,6.366531544420413,7.162236471216915
train_test_full,6.568636235841012,6.640899806351693
train_test_full,7.220286100120255,6.889104227346972
train_test_full,6.065501548756432,6.889104227346972
train_test_full,7.221848749616356,6.889104227346972
train_test_full,3.1426000001506464,3.0212103332757025
train_test_full,5.860120913598763,5.886493338502883
train_test_full,6.065501548756432,6.472238030994884
train_test_full,6.1610753929201465,6.12330825324146
train_test_full,5.806938049308891,5.830335395403096
train_test_full,6.040958607678906,6.123306099344647
train_test_full,5.088842391260023,5.106313370256178
train_test_full,7.0,7.134139252822861
train_test_full,7.318758762624412,7.438459514356327
train_test_full,6.481486060122112,6.53921027545071
train_test_full,6.619788758288394,6.411480758069545
train_test_full,6.251037138743839,6.216257490702258
train_test_full,5.140261433802853,5.413842528338454
train_test_full,7.657577319177793,7.140698531204637
train_test_full,7.530177984021837,7.258162193419188
train_test_full,7.889410289700751,7.836842318666656
train_test_full,7.978810700930062,8.040188232210102
train_test_full,7.455931955649724,6.9088008462028805
train_test_full,7.106793246940152,7.140698531204637
train_test_full,7.681936665037238,7.836842318666656
train_test_full,7.638272163982407,7.414206118676694
train_test_full,6.154901959985743,5.930342000945718
train_test_full,6.0,5.752855001676843
train_test_full,5.1249387366083,5.597387448524126
train_test_full,6.851941753915143,6.754087259808974
train_test_full,5.981483029254318,6.1011131971591475
train_test_full,8.100015437450608,8.062188239424046
train_test_full,8.219970872662662,8.230657516926648
train_test_full,7.568636235841012,7.578563724628278
train_test_full,8.327902142064282,7.88000124920546
train_test_full,8.244125144327509,7.921298176686258
train_test_full,8.098462725229332,8.062188239424046
train_test_full,8.22090981113951,8.230657516926648
train_test_full,6.152449686946641,6.265099417405808
train_test_full,6.492427464833347,6.591012315933012
train_test_full,6.480743765501632,6.443243629246806
train_test_full,4.823908740944319,4.8104420074285725
train_test_full,4.424119684319354,4.502320979772995
train_test_full,7.0,6.955522653803037
train_test_full,4.553462832926356,4.6144459706457175
train_test_full,4.7162466166674735,4.722059015193944
train_test_full,5.103473782510445,5.0328466641400516
train_test_full,4.731656086048935,4.752291692759447
train_test_full,4.828273546346769,4.756998171422637
train_test_full,5.473660722610156,5.427801368883636
train_test_full,5.709965388637482,5.561548877981477
train_test_full,8.300509466670935,7.989395629388479
train_test_full,8.699513552156626,8.490647206297599
train_test_full,5.492424780623096,5.768495181755358
train_test_full,4.844663962534939,5.866850596763367
train_test_full,6.342466112442014,6.4821486809662945
train_test_full,4.3222106089311385,5.072981602143968
train_test_full,3.9880068853407433,4.653336287238756
train_test_full,4.091514981121351,4.537465723376485
train_test_full,5.040005161671584,4.90851724488375
train_test_full,6.154901959985743,6.188446143236988
train_test_full,7.795880017344075,7.535252888518437
train_test_full,7.568636235841012,7.5565627485165745
train_test_full,5.832682665251824,6.035586518885207
train_test_full,6.180229165473677,6.423103242551543
train_test_full,6.038106286175619,5.908354868838962
train_test_full,5.017728766960431,5.214812758946364
train_test_full,6.221848749616356,5.831272090527707
train_test_full,3.54030602352203,3.644891252734821
train_test_full,3.975104039892515,3.9074248393770046
train_test_full,3.351347304868777,3.4886267922926057
train_test_full,3.66334017654558,3.7448446949163303
train_test_full,4.718966632752273,4.228599822772925
train_test_full,3.776504059037605,3.9541624609413817
train_test_full,3.7121982700697735,3.7146873878250934
train_test_full,3.3375254962496905,3.59069330912754
train_test_full,3.096964303211503,3.7414521701906165
train_test_full,3.5594057381601694,3.596487715135201
train_test_full,5.079354998593212,5.274355818111278
train_test_full,5.440093374963888,5.274355818111278
train_test_full,4.985479461242076,5.3290706245322035
train_test_full,6.0,5.924656114534625
train_test_full,5.3979400086720375,5.781582375570245
train_test_full,4.986741334716483,6.146832542429715
train_test_full,4.1249387366083,4.467819246987545
train_test_full,7.327902142064282,6.146832542429715
train_test_full,5.920818753952375,5.703250294291081
train_test_full,6.6020599913279625,6.414598662203639
train_test_full,7.236572006437063,7.1285250954321295
train_test_full,6.3979400086720375,6.448869401674174
train_test_full,5.221848749616356,5.406256312939984
train_test_full,5.17979854051436,5.192934250718062
train_test_full,5.301029995663981,5.50405599354777
train_test_full,7.698970004336019,7.284819642481918
train_test_full,7.522878745280337,7.248568099329622
train_test_full,5.096910013008056,5.524664750111502
train_test_full,7.0,6.146219842278993
train_test_full,6.721246399047171,6.448869401674174
train_test_full,7.096910013008056,6.400761428263303
train_test_full,5.585026652029182,5.406256312939984
train_test_full,5.0,5.058858311106578
train_test_full,4.251811972993799,4.471966724345404
train_test_full,4.657577319177793,4.880181765934035
train_test_full,4.721246399047171,4.880181765934035
train_test_full,7.221848749616356,6.65277285845183
train_test_full,4.698970004336019,5.284830838253995
train_test_full,4.522878745280337,4.766698186813021
train_test_full,5.051098239029786,5.192934250718062
train_test_full,5.552841968657781,5.685829190187274
train_test_full,5.3979400086720375,5.422077589343929
train_test_full,5.522878745280337,5.770549757117719
train_test_full,5.522878745280337,5.458981855206036
train_test_full,5.823908740944319,5.540121845468996
train_test_full,5.096910013008056,5.28924017368975
train_test_full,5.221848749616356,5.406272130982666
train_test_full,6.698970004336019,6.276681935698996
train_test_full,5.096910013008056,5.176459940529064
train_test_full,5.045757490560675,5.306395966635882
train_test_full,4.267606240177032,4.63754303583138
train_test_full,6.027758663924915,6.04452280285368
train_test_full,6.42021640338319,6.177776785899358
train_test_full,4.0,4.805238486144679
train_test_full,5.504455662453552,5.540439011486882
train_test_full,5.563837352959244,5.567387274628677
train_test_full,5.429457060118103,5.35506630430139
train_test_full,5.3979400086720375,5.824576822357523
train_test_full,6.797939075968737,6.374023232269405
train_test_full,7.161150909262744,6.975398712492339
train_test_full,6.3872161432802645,6.294958726698495
train_test_full,6.031517051446064,6.115050207643889
train_test_full,6.154901959985743,6.1193298351207135
train_test_full,6.031517051446064,6.09147097583029
train_test_full,6.017728766960431,6.068914629128716
train_test_full,6.086186147616283,6.1826091976880795
train_test_full,7.346787486224656,6.992437159888964
train_test_full,7.0,6.808757969123725
train_test_full,6.214670164989233,6.19615273117091
train_test_full,4.958607314841775,5.210378346400086
train_test_full,7.522878745280337,6.964516687850987
train_test_full,5.522878745280337,5.457587933435313
train_test_full,8.619788758288394,8.676631340619567
train_test_full,5.180228179473823,6.040137571525418
train_test_full,4.166852888087215,4.834026771592743
train_test_full,5.429728663957079,5.592530300009336
train_test_full,6.327902142064282,6.413885092653249
train_test_full,4.7447274948966935,5.024870434461024
train_test_full,4.259637310505756,4.639862130998229
train_test_full,5.769551078621726,5.711174950924286
train_test_full,6.2441251443275085,6.066727162244569
train_test_full,7.047866792018674,6.896584926067279
train_test_full,5.823908740944319,5.934617136960868
train_test_full,6.468521082957745,6.343503345210869
train_test_full,7.096910013008056,7.068973795743767
train_test_full,7.180456064458131,7.300298705694022
train_test_full,6.141332540833817,5.875614965238229
train_test_full,6.484126156288321,6.620115313210927
train_test_full,6.244887733604928,6.541021948313487
train_test_full,7.680061560019691,7.714816874351759
train_test_full,8.154901959985743,8.12946006538183
train_test_full,7.678921132642886,7.600812839329581
train_test_full,7.678921132642886,7.714816874351759
train_test_full,6.851941753915143,6.859568008689618
train_test_full,8.22090981113951,8.089245001177805
train_test_full,7.769806696356897,7.5577657465304915
train_test_full,8.39897391554397,8.497379432087728
train_test_full,8.047866792018674,8.103235213484282
train_test_full,6.457964005399849,6.7787961589965136
train_test_full,6.7697811210384575,6.746611184088963
train_test_full,7.521435901161594,7.476856112645194
train_test_full,4.337242168318426,3.9188067852504833
train_test_full,7.823908740944319,7.701694179072401
train_test_full,7.795880017344075,7.846982521993703
train_test_full,8.096910013008056,8.051692855397798
train_test_full,7.387216143280264,7.253848534967642
train_test_full,6.638272163982407,6.546944895837928
train_test_full,4.658961368322477,4.864038699967888
train_test_full,6.537602002101044,6.533652621364951
train_test_full,6.638272163982407,6.533652621364951
train_test_full,6.601028822700004,6.529577369413018
train_test_full,7.699513552156626,7.502510250025996
train_test_full,6.721246399047171,6.702668248110983
train_test_full,7.0,6.988628841220105
train_test_full,5.468521082957745,5.4797226673877395
train_test_full,5.567030709125595,5.537798747086513
train_test_full,5.53313237964589,5.511734479747761
train_test_full,5.530177984021837,5.490925246819313
train_test_full,4.913640169325252,5.322431375947914
train_test_full,5.47755576649368,5.785335996058549
train_test_full,7.4089353929735005,7.363934585585283
train_test_full,7.4089353929735005,7.355869451134865
train_test_full,6.619788758288394,6.4236101810075805
train_test_full,6.018864971493346,6.240653986737173
train_test_full,6.338620224107771,6.7242719352301
train_test_full,6.508638306165727,6.424341397808239
train_test_full,8.292429823902063,8.1351588309443
train_test_full,9.397940008672036,9.044073983536055
train_test_full,6.167491087293763,6.109259492718776
train_test_full,6.060480747381382,6.078629219356745
train_test_full,6.657577319177793,6.383259838505363
train_test_full,5.236572006437063,5.543403246925258
train_test_full,5.3872161432802645,5.625327420445919
train_test_full,3.5289922120100554,3.61587205020658
train_test_full,10.69897000433602,10.24023176124826
train_test_full,7.890084136976206,7.8003189393821595
train_test_full,7.720105019988361,7.61057973787959
train_test_full,7.680061560019691,7.690967460605228
train_test_full,6.470005326930858,6.559089966597764
train_test_full,2.163000000008996,2.460377196981422
train_test_full,11.221921144096424,10.535105397321697
train_test_full,8.299988937677888,8.21566097637433
train_test_full,7.890084136976206,7.876564881971411
train_test_full,7.890084136976206,7.899103967585306
train_test_full,7.189969213594161,7.262418501093223
train_test_full,7.823908740944319,8.029396063786244
train_test_full,7.958607314841775,7.910572104052667
train_test_full,7.886056647693163,7.701117559549831
train_test_full,8.096910013008056,8.100797718082802
train_test_full,8.397940008672037,8.029396063786244
train_test_full,8.301029995663981,8.271043001789225
train_test_full,8.301029995663981,8.188371010735525
train_test_full,7.0,6.911649474223932
train_test_full,7.387216143280264,7.274060420860357
train_test_full,7.387216143280264,7.2581630029651585
train_test_full,4.984640244590786,5.029544813865414
train_test_full,4.982549270489464,4.984564362394292
train_test_full,5.696803942579511,5.755089121479701
train_test_full,5.917214629683549,5.908259367217526
train_test_full,6.1487416512809245,6.099454297628185
train_test_full,6.060480747381382,6.099454297628185
train_test_full,5.978810700930062,5.832001965892606
train_test_full,6.122468674143265,5.834455976505934
train_test_full,6.122468674143265,5.950730897680499
train_test_full,5.494850021680094,5.730870166050843
train_test_full,5.552841968657781,5.5937624732570495
train_test_full,6.437707135543525,6.139991303133159
train_test_full,8.096910013008056,7.845806351740336
train_test_full,8.031517051446064,7.162236471216915
train_test_full,6.221848749616356,6.525241166531833
train_test_full,7.821891432890133,7.845806351740336
train_test_full,7.569280590144537,7.603977929221759
train_test_full,7.300509466670935,7.401662763460443
train_test_full,3.366531544420414,3.6899815871394677
train_test_full,6.251811972993799,6.294715076047588
train_test_full,6.468521082957745,6.327970083922377
train_test_full,5.872895201635192,5.993504709581171
train_test_full,5.876148359032914,5.939742537056798
train_test_full,6.187086643357144,6.192700098924522
train_test_full,6.431798275933005,6.325699265730054
train_test_full,5.991399828238082,6.103534487659615
train_test_full,7.888070392334685,7.8003189393821595
train_test_full,7.720675709517766,7.61057973787959
train_test_full,7.678921132642886,7.690967460605228
train_test_full,6.469263204944301,6.559089966597764
train_test_full,8.300509466670935,8.21566097637433
train_test_full,7.888070392334685,7.876564881971411
train_test_full,7.888070392334685,7.899103967585306
train_test_full,7.1885279284756525,7.262418501093223
train_test_full,7.301029995663981,7.265202671676308
train_test_full,6.627087997029893,6.412235663474198
train_test_full,5.337242168318426,5.623876480881616
train_test_full,4.943095148663527,5.4934939561797504
train_test_full,7.720105019988361,7.705315284567991
train_test_full,7.4800408192479315,7.5095380092159845
train_test_full,5.301029995663981,5.302842014094941
train_test_full,6.568636235841012,6.613331495722527
train_test_full,6.2420625485173895,6.41879191308813
train_test_full,6.888036676436635,6.885227867513208
train_test_full,6.821948810943301,6.67802125760012
train_test_full,5.920410177937011,5.633530117382648
train_test_full,7.521435901161594,7.619969415768067
train_test_full,7.699513552156626,7.751063931191582
train_test_full,7.521435901161594,7.470369025793972
train_test_full,5.906578314837764,5.984630951176652
train_test_full,4.173925197299174,4.334939760619957
train_test_full,4.376750709602099,4.477320716054761
train_test_full,6.721246399047171,6.714069210645315
train_test_full,6.721246399047171,6.719572160861553
train_test_full,5.301029995663981,5.265163975735795
train_test_full,5.958607314841775,6.101266032791142
train_test_full,6.259637310505756,6.603103572021167
train_test_full,6.154901959985743,6.310808421867077
train_test_full,8.698970004336019,7.9454717709821825
train_test_full,5.958607314841775,6.3212958750816
train_test_full,6.769551078621726,7.003812161167669
train_test_full,6.677894478859408,6.435657171408332
train_test_full,6.107952729430465,6.231560406087963
train_test_full,5.946959993058136,6.117675569964355
train_test_full,6.200659450546418,6.193267737760071
train_test_full,6.113509274827518,6.126884217682963
train_test_full,6.173925197299173,6.143530807943656
train_test_full,5.872895201635192,5.971327055566956
train_test_full,6.2839966563652006,6.255169038755495
train_test_full,5.982966660701219,6.040857334934163
train_test_full,6.853871964321762,6.801006958939103
train_test_full,7.0,6.876713259276718
train_test_full,5.6777807052660805,5.750783151271116
train_test_full,5.619788758288394,5.706974875104911
train_test_full,6.337242168318426,6.1614030042374095
train_test_full,5.806875401645538,5.743353865887848
train_test_full,4.125518182300533,4.771511869613095
train_test_full,8.171957130681527,7.9392093021780665
train_test_full,5.54515513999149,5.577786344894271
train_test_full,6.522878745280337,6.415221700301133
train_test_full,7.0,6.996669330395928
train_test_full,7.0,6.996569536620871
train_test_full,7.3585258894959,7.281748201492451
train_test_full,7.3585258894959,7.040812286615111
train_test_full,4.88672530753565,4.997149209766741
train_test_full,5.164943898279883,5.21983471598649
train_test_full,5.703334809738469,5.449728498218794
train_test_full,4.988006885340743,5.095614995648619
train_test_full,5.838631997765026,5.4920667404185215
train_test_full,5.0670191780768015,5.125721928658457
train_test_full,5.149353764816933,5.095614995648619
train_test_full,5.052076380168273,5.040678712433064
train_test_full,4.635261444944601,4.793729696028417
train_test_full,5.174573882232177,5.063985363731414
train_test_full,5.238072161579471,5.203460496096318
train_test_full,5.72584215073632,5.47938340040299
train_test_full,5.096367483915762,5.168581070805634
train_test_full,4.953895212753961,5.149731594423981
train_test_full,5.696803942579511,5.49946220338139
train_test_full,4.8873949984654255,5.071853309340915
train_test_full,5.293282217663242,5.302536534542913
train_test_full,4.82131076022441,4.998381741040071
train_test_full,5.896196279044043,5.747690271392956
train_test_full,5.049635145623877,5.08816894819402
train_test_full,5.866461091629782,5.731521854659121
train_test_full,5.014573525916998,5.302174646679671
train_test_full,5.176525770829699,5.290888211862925
train_test_full,5.161780778092375,5.059445237612023
train_test_full,7.0,6.9502131641856035
train_test_full,5.005243055412372,5.145921509378693
train_test_full,5.455931955649724,5.490925246819313
train_test_full,5.510041520575165,5.4850470730139405
train_test_full,5.3829996588791005,5.391869820856655
train_test_full,5.368556230986828,5.42677551738024
train_test_full,6.327902142064282,6.447778016800266
train_test_full,5.773800077044279,5.791872259157801
train_test_full,8.300509466670935,8.2922470726645
train_test_full,8.388070392334685,8.349042590494669
train_test_full,7.769806696356897,7.916381819905522
train_test_full,8.0,8.036649662024619
train_test_full,8.301029995663981,7.793522474337803
train_test_full,6.851941753915143,7.231419727702946
train_test_full,6.920402953422224,7.2701937589453065
train_test_full,9.0,8.89738808918665
train_test_full,8.699513552156626,8.764305461523696
train_test_full,8.699513552156626,8.632333629586705
train_test_full,8.699513552156626,8.625522355507057
train_test_full,8.699513552156626,8.474003102107723
train_test_full,8.047866792018674,8.112480784159466
train_test_full,7.797925375395152,7.856850694255142
train_test_full,7.569280590144537,7.666056180646322
train_test_full,5.962573502059376,5.953332342557942
train_test_full,5.962573502059376,5.945821862966666
train_test_full,5.962573502059376,5.938671993099968
train_test_full,5.991399828238082,5.973951930120181
train_test_full,5.537602002101044,5.569027307227475
train_test_full,5.167491087293763,5.151239412879206
train_test_full,7.4089353929735005,7.323836653624465
train_test_full,7.4089353929735005,7.360722606821922
train_test_full,7.4089353929735005,7.352958150764648
train_test_full,7.4089353929735005,7.371737079936606
train_test_full,5.525783735923745,5.646155627988066
train_test_full,6.564952358660035,6.629860337610258
train_test_full,5.930533029871538,5.94973313152722
train_test_full,7.549750891680639,7.355313881787701
train_test_full,7.590010993489406,7.322599845430388
train_test_full,7.251811972993799,7.175678078757322
train_test_full,3.6430185990068686,3.602690943099987
train_test_full,6.886056647693163,6.8704298511512265
train_test_full,6.7447274948966935,6.582365791541925
train_test_full,6.795880017344075,6.546345825149956
train_test_full,4.665345233116759,5.018871288901127
train_test_full,5.221848749616356,5.66558815225747
train_test_full,7.397940008672037,7.133998948493758
train_test_full,6.154901959985743,6.383259838505363
train_test_full,6.744715431496177,6.5299945378822795
train_test_full,6.247425010840047,6.2353893947418335
train_test_full,6.247425010840047,6.171067680416702
train_test_full,6.356547323513812,6.181764914762962
train_test_full,5.627087997029893,5.563644498989049
train_test_full,6.222029781090744,6.221506387496057
train_test_full,5.823330452344347,6.025995587391665
train_test_full,7.0,6.976712542949897
train_test_full,7.301029995663981,7.373089188949193
train_test_full,7.292429823902063,7.304660750676731
train_test_full,7.585026652029182,7.4827649839065815
train_test_full,4.0,5.097516216771904
train_test_full,4.7447274948966935,4.9675542484640545
train_test_full,5.920818753952375,5.913955627338037
train_test_full,5.920818753952375,5.974653809331956
train_test_full,7.301029995663981,6.9530304625912445
train_test_full,5.7447274948966935,5.834001407929417
train_test_full,5.920818753952375,5.894028475792964
train_test_full,6.6020599913279625,6.390542791659473
train_test_full,6.721246399047171,6.832208649389509
train_test_full,7.221848749616356,7.131426966725024
train_test_full,7.096910013008056,7.029154284017248
train_test_full,7.221848749616356,7.13348955927698
train_test_full,6.823908740944319,6.883265463448703
train_test_full,5.6020599913279625,6.048410739627135
train_test_full,6.154901959985743,6.155490856683424
train_test_full,7.221848749616356,7.043387110009968
train_test_full,7.301029995663981,7.211419011589045
train_test_full,6.698970004336019,6.941247855082885
train_test_full,7.221848749616356,6.941247855082885
train_test_full,6.221848749616356,6.3019023675051
train_test_full,6.301029995663981,6.408426979753133
train_test_full,6.853871964321762,6.967459851904261
train_test_full,7.259637310505756,7.1966331950573625
train_test_full,7.221848749616356,7.1748355648783155
train_test_full,6.920818753952375,6.998885538734921
train_test_full,6.920818753952375,6.926702131229055
train_test_full,6.657577319177793,6.75385276548892
train_test_full,7.2839966563652,7.225116674888027
train_test_full,7.301029995663981,7.299561919562824
train_test_full,7.327902142064282,7.299561919562824
train_test_full,5.3979400086720375,5.79878080200733
train_test_full,5.3979400086720375,5.777004315239829
train_test_full,6.045757490560675,5.96932554935752
train_test_full,5.6020599913279625,5.626662511711936
train_test_full,6.6020599913279625,6.819813206769417
train_test_full,6.920818753952375,6.843233241432637
train_test_full,6.0,6.39732654432771
train_test_full,6.167491087293763,6.465540756176293
train_test_full,7.346787486224656,7.057082837271173
train_test_full,7.397940008672037,7.200637636785696
train_test_full,7.1249387366083,6.971491459296232
train_test_full,7.301029995663981,7.1341151759648405
train_test_full,6.522878745280337,6.667114050426006
train_test_full,5.301029995663981,5.72425575734285
train_test_full,6.3979400086720375,6.6798159431584185
train_test_full,7.221848749616356,6.9709433278802075
train_test_full,7.301029995663981,7.034805741164956
train_test_full,6.154901959985743,6.260079959191036
train_test_full,5.0,5.266508813066071
train_test_full,5.823908740944319,6.247640645939183
train_test_full,5.958607314841775,5.922624621988515
train_test_full,5.920818753952375,5.942669912332548
train_test_full,4.769525532638841,5.0622554017438635
train_test_full,5.215382707367125,5.254334573097414
train_test_full,5.647817481888637,5.757659577713229
train_test_full,5.709965388637482,5.804137971550086
train_test_full,6.366531544420413,6.330341004894335
train_test_full,6.086186147616283,6.1972569658043035
train_test_full,6.457964005399849,6.4143129269211725
train_test_full,5.263603497723357,5.318514207512876
train_test_full,5.950781977329818,5.888964390897562
train_test_full,5.801342913045577,6.019719894802597
train_test_full,4.543633966870957,5.1168268065365154
train_test_full,6.537602002101044,6.985886894328916
train_test_full,5.049999517423265,5.4889886837364115
train_test_full,7.3585258894959,7.246818136620331
train_test_full,7.3585258894959,7.179650816641714
train_test_full,5.580044251510242,5.62024337459522
train_test_full,6.481486060122112,6.196906776742807
train_test_full,5.596879478824182,5.851615797424574
train_test_full,6.934833115752497,6.703640742653228
train_test_full,6.467245621007502,6.637069662100138
train_test_full,4.424812155072339,4.842156937158546
train_test_full,4.0,4.523025608189281
train_test_full,5.5934598195660445,5.949211717956283
train_test_full,5.522878745280337,5.443717359469459
train_test_full,6.0,6.048631603598044
train_test_full,7.301029995663981,7.004178429534425
train_test_full,7.67778070526608,7.235921243788247
train_test_full,7.301029995663981,7.163313244802249
train_test_full,7.0,7.263122878249054
train_test_full,8.0,7.611071394817512
train_test_full,8.0,7.596701576026882
train_test_full,6.0,6.618996327176346
train_test_full,7.668621084159213,7.263122878249054
train_test_full,7.0,6.618996327176346
train_test_full,7.0,6.79607485722119
train_test_full,6.0,6.293106015102162
train_test_full,6.0,6.2965794233437755
train_test_full,7.0,6.750696335111656
train_test_full,6.795880017344075,6.571369247837253
train_test_full,6.154901959985743,6.2224329613494245
train_test_full,5.61261017366127,5.508244446345458
train_test_full,4.868702203402377,5.132280994955188
train_test_full,4.6595558851598815,4.947229787314495
train_test_full,5.226945306635738,5.335369206584763
train_test_full,5.59176003468815,5.485249141426738
train_test_full,6.136677139879544,5.852250752277439
train_test_full,5.570247719997592,5.38886882912239
train_test_full,5.027797161620935,5.192382000267345
train_test_full,5.119186407719209,5.254654295057613
train_test_full,5.7281583934635005,5.651872814120871
train_test_full,6.920818753952375,6.7052321051572195
train_test_full,5.701146923590294,5.659273942533199
train_test_full,6.886056647693163,6.724390615374715
train_test_full,5.924453038607469,5.844854313381166
train_test_full,4.3979400086720375,4.354593515580444
train_test_full,4.191114132640188,4.234476628735131
train_test_full,3.5254923608830246,4.113425766843308
train_test_full,4.055517327849832,4.2288661303378605
train_test_full,4.161150909262744,4.276551910042372
train_test_full,4.376750709602099,4.372475677614408
train_test_full,4.034798298974088,4.136683725551911
train_test_full,4.034798298974088,4.212762482837896
train_test_full,4.142667503568732,4.236404673972004
train_test_full,4.200659450546418,4.313004984792582
train_test_full,8.850934947117631,9.069372872780644
train_test_full,7.070044924699949,7.617233544362253
train_test_full,9.096964306605276,8.746284996627377
train_test_full,9.4438785307071,9.192849975284478
train_test_full,8.0,7.996718887408918
train_test_full,8.301029995663981,9.504610371462066
train_test_full,9.431915684554928,9.317815706905062
train_test_full,6.83582569478691,7.773314047442937
train_test_full,10.69897000433602,9.504610371462066
train_test_full,9.221921144096424,9.390079683612486
train_test_full,4.897223385116559,4.700913016386078
train_test_full,6.431798275933005,6.672682516079562
train_test_full,7.4089353929735005,7.534249917122268
train_test_full,7.468521082957745,7.534249917122268
train_test_full,8.698970004336019,8.298997369639535
train_test_full,4.721246399047171,5.0025035172794095
train_test_full,8.0,6.938542074951682
train_test_full,6.565431095965801,7.158872259246279
train_test_full,9.30102999566398,8.73182018201736
train_test_full,7.744727494896693,7.9726989840441895
train_test_full,7.537602002101044,8.032669940108198
train_test_full,8.301029995663981,8.1147257308212
train_test_full,9.55284196865778,9.24129309504697
train_test_full,9.602059991327964,9.206515772954438
train_test_full,8.142667503568731,8.225216412419792
train_test_full,8.2518119729938,8.17610568274523
train_test_full,4.309803919971486,4.587612218757734
train_test_full,6.619897359061326,6.6085723993235055
train_test_full,8.0,7.983767358628849
train_test_full,7.851864901236602,7.8645693746761856
train_test_full,6.469263204944301,6.490408890863866
train_test_full,7.920457143142827,7.77875918971659
train_test_full,5.522878745280337,5.4279537145375425
train_test_full,7.795880017344075,7.820407182689358
train_test_full,3.6989700043360174,4.11712607181174
train_test_full,4.180456064458132,4.744827447922038
train_test_full,4.853871964321762,4.728695072521354
train_test_full,7.079981083971085,6.630511277869401
train_test_full,7.080921907623926,7.045464299684427
train_test_full,6.620005959834258,6.628367892941843
train_test_full,8.0,7.983767358628849
train_test_full,7.849857838151442,7.8645693746761856
train_test_full,6.470005326930858,6.490408890863866
train_test_full,7.92009553233328,7.77875918971659
train_test_full,7.079981083971085,7.020170437620559
train_test_full,6.850011543508524,6.5379698831430915
train_test_full,6.4399976732266335,6.627777729114001
train_test_full,6.585026652029182,6.646692667128884
train_test_full,4.958607314841775,5.4386150074422455
train_test_full,4.991399828238082,5.581672652679361
train_test_full,5.096910013008056,5.106958953168902
train_test_full,4.0655015487564325,4.585648562022068
train_test_full,5.3979400086720375,5.32215247083544
train_test_full,7.318758762624412,7.149767690434149
train_test_full,7.292429823902063,7.178361809803115
train_test_full,7.522878745280337,6.919452234479039
train_test_full,7.853871964321762,7.532131783160336
train_test_full,6.212406077536169,6.316463438827347
train_test_full,6.958607314841775,6.781525727803338
train_test_full,5.629818655252878,5.9079984300901
train_test_full,6.234260541478872,6.494982975463068
train_test_full,6.520479303839453,6.5003540694162405
train_test_full,6.892578075976151,6.781103817659036
train_test_full,6.118286003218532,6.494982975463068
train_test_full,6.784318117920506,6.710112864223508
train_test_full,7.483288122256525,7.098229643793187
train_test_full,6.315392071294928,6.325227951039846
train_test_full,7.372363747448347,7.134665927280725
train_test_full,5.83047313214543,6.166041840296798
train_test_full,5.517399149487044,5.76314488036326
train_test_full,7.301029995663981,6.921304937548431
train_test_full,5.725498368987106,6.0035321488279925
train_test_full,5.698985205174921,5.804652905330115
train_test_full,6.494924678876612,6.325014440073952
train_test_full,6.292217038739567,6.1969743440810845
train_test_full,5.869833579773784,5.920481887494218
train_test_full,5.7959397410477225,5.950559156934366
train_test_full,6.180229165473677,6.1969743440810845
train_test_full,5.096910013008056,5.1194986262460755
train_test_full,5.3979400086720375,5.3404076335704325
train_test_full,6.267606240177031,6.634450417503818
train_test_full,5.232844133917819,5.886154542480057
train_test_full,5.2420625485173895,5.726268736964467
train_test_full,8.221848749616356,7.837316638182853
train_test_full,7.472370099128661,7.486442176690216
train_test_full,7.962573502059376,7.753632631105129
train_test_full,8.408507516498208,8.320476327508453
train_test_full,4.499997051046707,5.4086343156320975
train_test_full,6.322484295201242,6.234517664423219
train_test_full,6.610039135202278,6.348307444263954
train_test_full,7.424163415944648,6.720085859571407
train_test_full,5.8297382846050425,6.218424879074309
train_test_full,4.499997314990965,5.718941978945559
train_test_full,5.917214629683549,5.718941978945559
train_test_full,6.522444667801019,6.820564310521914
train_test_full,6.532539890492736,6.41372212255875
train_test_full,5.71669877129645,6.2085197006892985
train_test_full,8.267606240177031,8.058264254093745
train_test_full,7.112382699664264,6.820564310521914
train_test_full,6.675100502947687,6.648009226624354
train_test_full,6.197226274708024,6.364713400472089
train_test_full,7.001306807801344,6.859610635658975
train_test_full,6.775662295917138,6.532101372720115
train_test_full,8.163766343465959,7.4934572192954105
train_test_full,8.1249387366083,8.559459183675836
train_test_full,6.027616824278224,5.936372907550427
train_test_full,7.332547047110046,7.4934572192954105
train_test_full,5.0,5.328970338986888
train_test_full,6.7076596094053365,6.788391970713233
train_test_full,7.30715308072277,7.199768441063946
train_test_full,7.100179497572904,7.002117788695879
train_test_full,6.277530614115969,6.562167679097953
train_test_full,8.387216143280265,7.9218096573691525
train_test_full,8.036212172654444,7.873380205213697
train_test_full,2.630099999782637,2.8032433263195573
train_test_full,4.056000008315555,4.4947219526934035
train_test_full,3.028700001262658,2.9573913341561284
train_test_full,2.90839999924685,2.8032433263195573
train_test_full,2.8302000001176983,2.6484068155287406
train_test_full,2.8582000003879635,2.8032433263195573
train_test_full,2.8487000010785124,2.873492556318134
train_test_full,2.846000001097364,2.6484068155287406
train_test_full,2.966199998880782,2.8838762437748047
train_test_full,2.2000000003305216,2.6484068155287406
train_test_full,2.1519000001387623,2.5506452446811125
train_test_full,3.0778999974485206,2.927897826708593
train_test_full,2.6504999997518937,3.7362175474574526
train_test_full,7.301029995663981,7.332287893375599
train_test_full,7.301029995663981,7.679159364860046
train_test_full,7.67778070526608,7.608352034100151
train_test_full,7.795880017344075,7.679159364860046
train_test_full,8.0,7.735019959221102
train_test_full,8.0,7.679159364860046
train_test_full,7.244125144327507,7.253366732099418
train_test_full,7.102372908709558,7.210562621671337
train_test_full,6.366531544420413,6.262444945807971
train_test_full,7.67778070526608,7.453259221724609
train_test_full,5.795880017344075,6.052794258299505
train_test_full,7.638272163982407,7.837316638182853
train_test_full,6.455931955649724,6.604453834895568
train_test_full,8.154901959985743,7.7294310719233685
train_test_full,6.2839966563652006,7.136506993551455
train_test_full,7.494850021680094,7.136506993551455
train_test_full,7.744727494896693,7.136506993551455
train_test_full,6.619897359061326,6.829088195595485
train_test_full,6.639133015876654,6.460449001155376
train_test_full,4.61261017366127,4.96465232933301
train_test_full,7.587546764348944,7.136212629730502
train_test_full,6.7697811210384575,6.915653756513122
train_test_full,5.920410177937011,5.8675386187098155
train_test_full,6.959299339414116,6.572895601758994
train_test_full,6.920402953422224,6.817450737318766
train_test_full,7.0,6.817450737318766
train_test_full,6.661196523639753,6.4812069448287355
train_test_full,7.098462725229332,7.038300004404715
train_test_full,6.678889950500676,6.777878637986121
train_test_full,7.220909811139509,7.1069595609817116
train_test_full,6.920402953422224,6.817450737318766
train_test_full,5.229942225512338,5.675154440370046
train_test_full,6.238285979572167,6.091704583158005
train_test_full,6.328948815373956,6.082108518806714
train_test_full,6.919987152892072,6.805292934403848
train_test_full,6.047878973850376,6.4118468734697505
train_test_full,6.3989684610221484,6.817450737318766
train_test_full,5.821954549582578,5.806543886946452
train_test_full,5.771057114718517,5.500929052596265
train_test_full,6.328948815373956,6.373069002571412
train_test_full,4.292429823902063,4.893162368064077
train_test_full,6.2003288113642245,6.125348208464968
train_test_full,6.021138785368707,5.84738892247161
train_test_full,5.769776006336217,5.8675386187098155
train_test_full,6.212333322299372,6.572895601758994
train_test_full,4.684029654543083,5.500929052596265
train_test_full,5.797940446073639,5.857378514279717
train_test_full,5.811239165546937,6.132472633809924
train_test_full,6.388608219719017,6.475467432566583
train_test_full,5.079156702500347,5.1513659978602595
train_test_full,3.029653123769907,3.742761175333163
train_test_full,7.522878745280337,7.116279892384864
train_test_full,7.301029995663981,7.131003313927955
train_test_full,6.291215497938437,6.16355506841824
train_test_full,7.443697499232712,7.208884467986781
train_test_full,7.1249387366083,7.550378907649281
train_test_full,7.744727494896693,7.6539666751526285
train_test_full,7.853871964321762,7.53529472646062
train_test_full,8.154901959985743,7.550378907649281
train_test_full,6.7281583934635005,6.9289752517952925
train_test_full,5.0,6.108979440875618
train_test_full,8.045757490560675,7.812184026381895
train_test_full,8.221848749616356,8.046426652419708
train_test_full,8.221848749616356,7.924735756161921
train_test_full,7.187086643357144,7.53529472646062
train_test_full,6.910094888560602,7.213735411560655
train_test_full,7.552841968657781,7.53529472646062
train_test_full,5.0,5.637174453529277
train_test_full,7.366531544420413,6.777463433622652
train_test_full,7.0,6.774954060308323
train_test_full,6.2441251443275085,6.350693648640135
train_test_full,6.346787486224656,6.378011355473531
train_test_full,6.036212172654444,6.016138388746329
train_test_full,6.130768280269024,6.162009251637019
train_test_full,6.494850021680094,6.491952513235113
train_test_full,6.494850021680094,6.345267892930536
train_test_full,4.443697499232713,5.0107058032704845
train_test_full,5.275724130399211,5.4124696925995375
train_test_full,5.6777807052660805,5.934726603329415
train_test_full,6.508638306165727,6.105851453760831
train_test_full,5.522878745280337,5.484887056031743
train_test_full,6.943095148663527,6.744940980806751
train_test_full,6.013228265733755,5.463199092823379
train_test_full,7.494850021680094,6.991092414886498
train_test_full,6.528995973488843,6.784604401767621
train_test_full,7.207834387816234,7.061761750203447
train_test_full,6.86407919673175,6.915709429892886
train_test_full,6.98369061957464,7.036636665960898
train_test_full,6.26428079630535,6.092509160980439
train_test_full,7.12668290053121,7.2286307155016285
train_test_full,7.203356966489771,7.266450861901155
train_test_full,6.502621527706186,6.413100727473747
train_test_full,7.015758525723032,7.143557104464199
train_test_full,7.475390988664909,7.068386057018737
train_test_full,4.108462542327436,5.361330955820998
train_test_full,6.11959250969872,6.349485975632311
train_test_full,8.698970004336019,8.302293812335208
train_test_full,6.060480747381382,6.395458146954652
train_test_full,5.492424780623096,5.720517532719085
train_test_full,8.521435901161594,8.51466063681826
train_test_full,8.0,7.948558401030353
train_test_full,7.323908740944319,7.410061367518477
train_test_full,9.0,8.68120826530372
train_test_full,8.522878745280337,8.134593375983243
train_test_full,7.480763439685022,7.890593349754317
train_test_full,7.277865152015803,7.612384578243735
train_test_full,7.545757490560675,7.458985616927804
train_test_full,8.152465023828446,8.115692226583048
train_test_full,7.521435901161594,7.616579857745378
train_test_full,7.265826334793921,7.143557104464199
train_test_full,8.480763439685022,8.047777164807325
train_test_full,7.291198562418154,7.195581023350405
train_test_full,7.409078206027614,7.267687624992829
train_test_full,7.171957130681528,7.018474779263402
train_test_full,7.291198562418154,6.971468013535243
train_test_full,8.108448587320641,8.123984934919399
train_test_full,8.39897391554397,7.722215709761026
train_test_full,7.208802395055628,6.924554290457343
train_test_full,7.587546764348944,7.342908306310651
train_test_full,7.658765000758199,8.047777164807325
train_test_full,6.869827140916545,7.193566496065524
train_test_full,8.601020178131403,8.39952051242159
train_test_full,7.678921132642886,7.602889368731881
train_test_full,7.161196523639753,7.267687624992829
train_test_full,7.339926856944473,7.234592427536721
train_test_full,7.0852837831912,6.914759935212043
train_test_full,5.647817481888637,6.428456565282527
train_test_full,5.412041246744953,5.795608888906044
train_test_full,6.481685552318919,6.374717187185454
train_test_full,6.146214911951032,6.259714853536341
train_test_full,6.44219474416285,6.5268822710440695
train_test_full,8.087546764348943,7.995752241553983
train_test_full,5.698970004336019,6.068290549215559
train_test_full,4.494850021680094,5.463199092823379
train_test_full,6.508638306165727,6.4354612982866
train_test_full,6.619788758288394,6.731342766216098
train_test_full,6.853871964321762,6.950748554851039
train_test_full,4.749336080536756,5.236665364099103
train_test_full,6.6777807052660805,6.761393489957956
train_test_full,7.387216143280264,7.093219641393351
train_test_full,6.958607314841775,6.472043024913451
train_test_full,5.816975395099882,5.998759896099707
train_test_full,5.917214629683549,5.934953069815846
train_test_full,5.802949348979977,5.868868788640234
train_test_full,5.961534212722172,5.9623527334165125
train_test_full,5.649751981665837,5.824423304907286
train_test_full,6.565090896010336,6.402604000763718
train_test_full,4.703334809738469,5.290881826863233
train_test_full,5.7447274948966935,5.604261497723019
train_test_full,6.492427464833347,6.503565256058224
train_test_full,4.462180904926726,4.397210556812996
train_test_full,7.958607314841775,7.656929147867058
train_test_full,6.628932137728263,6.196807672390517
train_test_full,8.045757490560675,7.91359522059201
train_test_full,8.431798275933005,7.874191643997753
train_test_full,3.823908740944319,4.000066098033019
train_test_full,5.221848749616356,5.2417778029130355
train_test_full,3.995678626217358,4.448887405228471
train_test_full,6.797939075968737,6.507541896681111
train_test_full,7.397940008672037,7.218163413603619
train_test_full,8.0,7.8240095844726545
train_test_full,7.259637310505756,7.079705865828884
train_test_full,6.657577319177793,6.8799266892797615
train_test_full,6.585026652029182,6.809977756576601
train_test_full,7.568636235841012,7.534019133223294
train_test_full,7.070581074285707,7.149690971589409
train_test_full,5.813326132500254,6.007008096993773
train_test_full,6.508638306165727,6.582878036347745
train_test_full,6.657800054159108,6.428456565282527
train_test_full,7.0,6.872297473582741
train_test_full,6.457964005399849,6.563481875991181
train_test_full,3.585026652029182,4.012821737116287
train_test_full,3.292429823902064,3.500307876670099
train_test_full,3.443697499232713,3.166503426605756
train_test_full,3.6020599913279625,3.7190723361692033
train_test_full,5.3872161432802645,5.338645280771197
train_test_full,6.823908740944319,6.329264049139708
train_test_full,5.853871964321762,5.835515897974919
train_test_full,4.7447274948966935,5.360117467399423
train_test_full,6.495699914119041,6.494982975463068
train_test_full,7.568636235841012,6.782201108222548
train_test_full,3.221848749616356,3.4734052040076517
train_test_full,6.638272163982407,6.1875454080562635
train_test_full,6.727965977824862,6.494982975463068
train_test_full,6.872363747448347,6.494982975463068
train_test_full,6.4604093769761874,6.494982975463068
train_test_full,3.309803919971486,3.5689461683127153
train_test_full,5.972463808775292,5.830610385214561
train_test_full,5.918419312511491,5.998324912155301
train_test_full,6.021915784762318,5.977905786440659
train_test_full,5.83037368298365,5.85694389276729
train_test_full,6.2072696352457495,6.116902324726255
train_test_full,5.971547574331764,6.088037964008117
train_test_full,6.17291172906102,6.152497272611225
train_test_full,6.610924374808178,6.443671386266914
train_test_full,6.17291172906102,6.2304393167946595
train_test_full,6.678273661756906,6.484551973958481
train_test_full,6.113509274827518,6.197578659907348
train_test_full,5.516788327028153,5.731090622406069
train_test_full,7.397940008672037,7.094701140983971
train_test_full,7.301029995663981,7.188574121837454
train_test_full,7.301029995663981,7.1924768943651225
train_test_full,7.397940008672037,7.179414940521582
train_test_full,7.161150909262744,7.124873622927921
train_test_full,7.699513552156626,7.423126501750295
train_test_full,6.122468674143265,6.381800652095723
train_test_full,6.920402953422224,6.496094580620892
train_test_full,5.990700549095011,6.198719442728767
train_test_full,7.657577319177793,7.604277707201236
train_test_full,6.0,5.996305289950611
train_test_full,6.086186147616283,6.099969863169882
train_test_full,6.130768280269024,6.118422908879749
train_test_full,5.8408187195117245,5.689503168030957
train_test_full,5.490398508617497,5.823387612663016
train_test_full,7.0655015487564325,6.882977513659225
train_test_full,5.795880017344075,6.178367761610195
train_test_full,5.522878745280337,5.5804549928685026
train_test_full,7.167491087293763,7.365984763780229
train_test_full,7.853871964321762,7.365984763780229
train_test_full,5.455931955649724,5.5477325902770405
train_test_full,4.580044251510242,5.04018513868584
train_test_full,6.522878745280337,6.604684248303972
train_test_full,6.537602002101044,6.604684248303972
train_test_full,6.619788758288394,6.5860264951527805
train_test_full,6.795880017344075,6.998771365449585
train_test_full,7.244125144327507,6.998771365449585
train_test_full,6.508638306165727,6.653820747688534
train_test_full,6.853871964321762,6.653820747688534
train_test_full,5.301029995663981,5.411377570053436
train_test_full,6.958607314841775,6.99695520749207
train_test_full,7.161150909262744,7.157606278924298
train_test_full,7.638272163982407,7.225915536412842
train_test_full,8.154901959985743,7.793898967969147
train_test_full,7.050609993355087,7.108219087327593
train_test_full,7.070581074285707,7.108219087327593
train_test_full,7.568636235841012,7.402364852798828
train_test_full,7.721246399047171,7.607047163108686
train_test_full,7.366531544420413,7.416399154877935
train_test_full,6.103615109323261,7.204557828080659
train_test_full,7.332547047110046,7.3316170642545995
train_test_full,6.896196279044043,7.296040763739029
train_test_full,7.053056729302175,6.902980431241548
train_test_full,6.851941753915143,6.908864390493608
train_test_full,6.530177984021837,7.33459228992524
train_test_full,5.924453038607469,7.03190862295797
train_test_full,7.0695604052333,7.33459228992524
train_test_full,6.570247719997592,6.7717018156698625
train_test_full,5.500312917381596,5.937525107472237
train_test_full,5.98952947006884,6.967071473841529
train_test_full,6.258060922270801,5.966157340832156
train_test_full,5.279014255846261,5.966157340832156
train_test_full,7.714442690992226,7.33459228992524
train_test_full,5.448550002027124,5.810226125168114
train_test_full,7.460923901207224,6.9531215744021875
train_test_full,7.55129368009492,7.416805665155128
train_test_full,7.823157265648246,7.33459228992524
train_test_full,6.327902142064282,6.708818906011865
train_test_full,7.507417045466727,7.29932390996403
train_test_full,7.838631997765026,7.204557828080659
train_test_full,7.268411234813261,7.235221249933873
train_test_full,6.555955204081924,6.9531215744021875
train_test_full,7.273272790973428,7.33459228992524
train_test_full,7.367542707815276,7.322303121076153
train_test_full,7.106793246940152,7.204557828080659
train_test_full,6.939302159646388,7.037493251437538
train_test_full,7.85078088734462,7.492964786455877
train_test_full,7.177831920631983,7.416805665155128
train_test_full,7.126679398184601,7.33459228992524
train_test_full,6.72584215073632,6.8420302977043415
train_test_full,7.154281982033341,7.061382853735625
train_test_full,7.521433504406157,7.03190862295797
train_test_full,6.3535962737769305,6.639783963641801
train_test_full,7.142064735280571,7.040408034258618
train_test_full,7.2247537402597635,7.296040763739029
train_test_full,6.707743928643524,6.767031667321148
train_test_full,6.320572103387882,6.9088008462028805
train_test_full,6.790484985457369,7.021630952849844
train_test_full,7.405607449624574,7.395172743396945
train_test_full,7.51999305704285,7.389517222625908
train_test_full,6.987162775294828,6.898474845434137
train_test_full,6.42021640338319,6.6524931066713275
train_test_full,6.943095148663527,7.209335652838125
train_test_full,7.684075268920091,7.204557828080659
train_test_full,7.823908740944319,7.836842318666656
train_test_full,7.221125527997261,7.204557828080659
train_test_full,7.454694646085796,7.296040763739029
train_test_full,7.442492798094342,7.366720554480668
train_test_full,6.703334809738469,7.204557828080659
train_test_full,6.026872146400301,6.033498045440571
train_test_full,5.823908740944319,6.033498045440571
train_test_full,6.721246399047171,6.662149252756593
train_test_full,6.366531544420413,6.662149252756593
train_test_full,7.823908740944319,7.550175957598782
train_test_full,6.376750709602099,6.494769272429272
train_test_full,7.050609993355087,7.163146302326447
train_test_full,7.337242168318426,7.163146302326447
train_test_full,7.568636235841012,7.460751057801902
train_test_full,6.036212172654444,6.469098768668399
train_test_full,7.853871964321762,7.585392290199732
train_test_full,7.552841968657781,7.585392290199732
train_test_full,7.769551078621726,7.686353224057161
train_test_full,4.0,5.032007094156452
train_test_full,5.4105842181321,5.586316905629669
train_test_full,7.522878745280337,7.3785105586674735
train_test_full,7.096910013008056,7.19470328732375
train_test_full,7.300509466670935,7.380248940802126
train_test_full,6.920818753952375,6.35375709960318
train_test_full,4.0,6.35375709960318
train_test_full,7.522878745280337,6.35375709960318
train_test_full,6.920818753952375,5.9166486001918654
train_test_full,7.162411561764489,7.3161470158587205
train_test_full,7.456877048787022,7.416805665155128
train_test_full,7.732828271596986,7.33459228992524
train_test_full,7.616184634019569,7.32084036382971
train_test_full,7.140861702705469,7.29932390996403
train_test_full,7.692503962086787,7.204557828080659
train_test_full,7.603800652904264,7.517834080480371
train_test_full,7.482804102050026,7.240982497575366
train_test_full,7.844663962534938,7.582858880881699
train_test_full,7.471083299722345,7.382300685087327
train_test_full,7.283162276700476,7.197446910212851
train_test_full,7.501689446210399,7.03190862295797
train_test_full,6.97061622231479,7.040408034258618
train_test_full,7.594132087050472,7.296040763739029
train_test_full,7.26440110030182,7.223782043089704
train_test_full,7.530177984021837,7.375988145282587
train_test_full,7.673008046312965,7.497507082217399
train_test_full,7.379863945026242,7.021630952849844
train_test_full,7.284832642151542,7.1631476926845155
train_test_full,7.161150909262744,7.03190862295797
train_test_full,6.634512015109101,6.59055868195954
train_test_full,7.359518563029578,7.289252291423812
train_test_full,6.496209316942819,6.708442022231773
train_test_full,7.649751981665837,7.3222032719258765
train_test_full,7.744727494896693,7.532422968696278
train_test_full,7.4179366370882915,7.045917168335283
train_test_full,7.221848749616356,7.099557175269694
train_test_full,8.219970872662662,8.210647228216104
train_test_full,8.299988937677888,8.231482964778728
train_test_full,8.51999305704285,8.531875717931609
train_test_full,8.700057099977233,8.652794358814457
train_test_full,7.958607314841775,7.85500043814574
train_test_full,7.282001414998798,7.332278894763622
train_test_full,8.22090981113951,8.210647228216104
train_test_full,8.300509466670935,8.231482964778728
train_test_full,8.521435901161594,8.531875717931609
train_test_full,8.699513552156626,8.652794358814457
train_test_full,7.448550002027124,6.862714348120558
train_test_full,6.928117992693874,6.862714348120558
train_test_full,6.714442690992226,6.827351137772885
train_test_full,7.044312249686494,6.862714348120558
train_test_full,5.0,4.970393938921319
train_test_full,5.773915884024176,6.732392589671129
train_test_full,4.202040356262804,5.176457354774935
train_test_full,7.047866792018674,6.835897040209064
train_test_full,6.7697811210384575,6.863465869220342
train_test_full,6.388608219719017,6.260470762097381
train_test_full,5.761927539557252,5.768829085633666
train_test_full,5.159897043531825,5.432057928197384
train_test_full,6.167245339087412,5.982485465985476
train_test_full,5.667780817977148,5.73619392986424
train_test_full,5.688222836588247,5.696071758555793
train_test_full,5.970809102231078,5.551354765061138
train_test_full,5.950791671619467,5.798928007665027
train_test_full,5.010102769187175,5.551354765061138
train_test_full,5.586700235918748,5.557087386054985
train_test_full,5.472384919772523,5.551354765061138
train_test_full,5.735091324599267,5.706229042612923
train_test_full,5.161790233185344,5.377892792653707
train_test_full,5.815304311435105,5.551354765061138
train_test_full,5.183758700008217,5.385128656371344
train_test_full,5.832682665251824,5.703868765594308
train_test_full,5.1938200260161125,5.510399553543048
train_test_full,6.443848348312034,6.418416579729335
train_test_full,6.508617292933356,6.505232136030822
train_test_full,6.823952174736033,6.64117784769602
train_test_full,5.0,5.489999277748887
train_test_full,5.610917245257476,5.784309762337647
train_test_full,5.471083299722345,5.679399701126557
train_test_full,6.494822879971297,6.403273089143048
train_test_full,6.721120718601135,6.691981833306773
train_test_full,5.470999789582312,5.7347560944379845
train_test_full,6.69898086196951,6.531599229270287
train_test_full,5.353598234483218,6.164981863350556
train_test_full,6.0087872194435406,6.167186359910523
train_test_full,6.744715431496177,6.73539095707784
train_test_full,7.096910013008056,6.164981863350556
train_test_full,6.387205550990272,6.2440857975260275
train_test_full,5.829719211698555,5.879195534885753
train_test_full,5.726319041392117,5.787075676290957
train_test_full,5.399013499022627,5.648162178562522
train_test_full,6.0,6.162381298130524
train_test_full,6.769525533390127,6.608503783356523
train_test_full,7.552841968657781,7.5928638317093915
train_test_full,5.735418270761922,5.816525749011021
train_test_full,6.35261702988538,6.24900952102392
train_test_full,5.906578314837764,6.136024575136187
train_test_full,5.730487055782084,6.017075441165774
train_test_full,6.130181792020672,6.269175184213404
train_test_full,6.0,6.448548955861609
train_test_full,5.638272163982407,6.017117036212795
train_test_full,7.71669877129645,7.189459768432005
train_test_full,7.337242168318426,6.827887712568449
train_test_full,3.304086422363305,3.3582687192774365
train_test_full,3.4705841391649845,3.421318394848929
train_test_full,3.4919581103248265,3.478984367674253
train_test_full,3.374093660018949,3.4086074822622563
train_test_full,3.5447809267279067,3.6577977983328287
train_test_full,2.793004694872959,3.439982998514926
train_test_full,3.5275737842014943,3.404548252179999
train_test_full,2.900000000618938,3.156344648848448
train_test_full,3.572792542086939,3.8197272342997386
train_test_full,2.33999999963408,3.3917228464395275
train_test_full,3.5901238613863176,3.901261775949568
train_test_full,7.0,6.791457341057671
train_test_full,6.537602002101044,6.791457341057671
train_test_full,6.6777807052660805,6.35375709960318
train_test_full,6.914575898178345,7.07390336323244
train_test_full,7.098462725229332,7.1177162753076875
train_test_full,7.398973915543969,7.579199226720187
train_test_full,7.184075268920091,7.335444739682076
train_test_full,6.959299339414116,6.863465869220342
train_test_full,7.521435901161594,7.462268312854385
train_test_full,7.122462949120764,7.081607404952217
train_test_full,7.795880017344075,6.538337737804959
train_test_full,4.0,6.538337737804959
train_test_full,7.853871964321762,6.538337737804959
train_test_full,6.721246399047171,7.406869973262892
train_test_full,7.023603778477954,7.073505271276023
train_test_full,7.337242168318426,7.073505271276023
train_test_full,5.892790030352131,7.073505271276023
train_test_full,3.1330999994458946,3.1119911274273093
train_test_full,10.045878161439552,9.800951443942417
train_test_full,9.769806696356897,9.640176965221093
train_test_full,8.160019442321657,8.057897811842668
train_test_full,7.639974910810602,7.706045203705322
train_test_full,7.890084136976206,7.912554360866603
train_test_full,7.077450979992872,6.921628301949332
train_test_full,5.939713034397075,5.9697716739985
train_test_full,5.661271744427465,5.61499378508145
train_test_full,2.754299999201596,2.8182487994163434
train_test_full,10.154964010919429,9.971783416093851
train_test_full,8.835795926161056,9.34180534409754
train_test_full,8.400007822415901,8.402434063726941
train_test_full,8.299988937677888,8.330518377422838
train_test_full,8.51999305704285,8.508565681590934
train_test_full,7.119186407719209,6.198246322946133
train_test_full,7.795880017344075,7.723485452588987
train_test_full,8.221848749616356,7.996147390037213
train_test_full,8.522878745280337,8.304015967093926
train_test_full,5.146910470148134,5.200230553860058
train_test_full,5.158640529545146,5.261945540693211
train_test_full,5.204119982655925,5.200230553860058
train_test_full,6.031517051446064,6.075481227224046
train_test_full,6.050609993355087,6.093369219938839
train_test_full,6.309803919971486,6.318105651281622
train_test_full,6.3979400086720375,6.3050337469260676
train_test_full,3.376750709602099,3.5953664986246463
train_test_full,6.119186407719209,5.886493338502883
train_test_full,6.920818753952375,6.912130329924469
train_test_full,7.301029995663981,7.386033686762104
train_test_full,5.480000159330324,6.149763886196653
train_test_full,7.888070392334685,7.386033686762104
train_test_full,5.482804102050025,5.789727129650287
train_test_full,3.267606240177032,3.5953664986246463
train_test_full,8.152465023828446,8.057897811842668
train_test_full,7.639123537396505,7.706045203705322
train_test_full,7.888070392334685,7.912554360866603
train_test_full,6.769551078621726,6.403608677490582
train_test_full,4.281498311132726,5.103286138563851
train_test_full,8.39897391554397,8.402434063726941
train_test_full,8.300509466670935,8.330518377422838
train_test_full,8.521435901161594,8.508565681590934
train_test_full,7.292429823902063,7.011316587025362
train_test_full,6.481486060122112,6.531160616824826
train_test_full,6.363512103646634,6.862714348120558
train_test_full,6.52432881167557,6.862714348120558
train_test_full,7.098462725229332,7.028033084448781
train_test_full,6.601028822700004,6.747163109802353
train_test_full,7.220909811139509,7.1616911391825075
train_test_full,7.220909811139509,7.234839220400434
train_test_full,6.279997898282849,6.279350213041343
train_test_full,6.2839966563652006,6.332743423416951
train_test_full,7.045757490560675,6.961681262022318
train_test_full,5.3979400086720375,5.272084969176764
train_test_full,6.795880017344075,6.793905193600739
train_test_full,6.480743765501632,6.216440102730778
train_test_full,7.521435901161594,7.276709991101816
train_test_full,6.959299339414116,6.9082870529300076
train_test_full,5.742363849907403,5.500929052596265
train_test_full,5.888028248280025,5.818370407185561
train_test_full,7.398973915543969,7.472819358663181
train_test_full,8.521435901161594,8.234126144668933
train_test_full,6.538803373026827,6.306866049032393
train_test_full,6.138337358989223,6.138411128193868
train_test_full,7.045757490560675,7.052074461912322
train_test_full,7.045757490560675,7.0373735179463
train_test_full,6.459670525209127,6.386368585117026
train_test_full,4.236572006437063,4.389155102680715
train_test_full,4.6020599913279625,4.594433896348754
train_test_full,4.275724130399211,4.463630640976213
train_test_full,7.769551078621726,7.922724789870388
train_test_full,6.721246399047171,6.7058130527344435
train_test_full,4.886056647693163,5.05414975775612
train_test_full,6.318880942313708,6.177517109524499
train_test_full,5.769776006336217,5.815866321280617
train_test_full,6.102186077557199,6.031831842576245
train_test_full,7.398973915543969,7.2977028677904565
train_test_full,6.2839966563652006,6.362449182344873
train_test_full,6.3872161432802645,6.448574150586773
train_test_full,6.1938200260161125,6.333193316737921
train_test_full,6.920818753952375,5.788541868345124
train_test_full,7.0,6.918498560706492
train_test_full,5.306273051076353,5.367149399912889
train_test_full,5.335358024443874,5.376677389056234
train_test_full,4.5003129173815966,5.788541868345124
train_test_full,8.821891432890133,8.631845945866173
train_test_full,8.522878745280337,7.538654635265463
train_test_full,5.962573502059376,5.9596658769001
train_test_full,5.962573502059376,5.9581461361326165
train_test_full,5.962573502059376,5.9596658769001
train_test_full,5.7447274948966935,5.748614726898798
train_test_full,5.346787486224656,5.336201573085608
train_test_full,5.1938200260161125,5.385017717717789
train_test_full,5.2839966563652006,5.298463859504737
train_test_full,6.301029995663981,5.750151821345296
train_test_full,5.200659450546418,5.750151821345296
train_test_full,5.142667503568731,5.2250633212656785
train_test_full,5.665546248849069,5.56535038828073
train_test_full,5.920818753952375,5.750151821345296
train_test_full,5.327902142064282,5.250272566914515
train_test_full,7.315154638355588,6.999831451624498
train_test_full,7.931814138253838,7.225049006754575
train_test_full,7.35261702988538,7.488885839785956
train_test_full,7.435333935747911,7.394382640622557
train_test_full,6.522878745280337,6.163964899084804
train_test_full,5.698970004336019,5.821484152474664
train_test_full,5.619788758288394,5.767943083686813
train_test_full,6.0,5.824104138354309
train_test_full,4.180456064458132,4.675211277808538
train_test_full,5.3979400086720375,5.607427563084323
train_test_full,5.200659450546418,5.3586886754383265
train_test_full,4.180456064458132,4.4521186078871935
train_test_full,4.180456064458132,4.343201440193989
train_test_full,4.180456064458132,4.353429027788895
train_test_full,4.481486060122113,5.011224023804271
train_test_full,7.678273661756906,6.988489310021664
train_test_full,8.522878745280337,8.200882525593007
train_test_full,8.0,7.432234869488605
train_test_full,6.481486060122112,6.572316332951939
train_test_full,6.337242168318426,6.227907006177338
train_test_full,4.919734372660155,4.980695159997502
train_test_full,7.958607314841775,8.061633375657616
train_test_full,4.154901959985743,4.536972665453399
train_test_full,6.823908740944319,6.9099901176577605
train_test_full,6.619797806278601,6.631221707778759
train_test_full,7.22181256142513,6.9501385843933
train_test_full,6.677791045857094,6.536694736761021
train_test_full,5.8794260687941495,5.897527100714107
train_test_full,6.275724130399211,5.882900830224518
train_test_full,4.020542681902152,4.2450706372216995
train_test_full,4.241390857340257,4.648244696286458
train_test_full,4.050268547684293,4.371012498794222
train_test_full,5.251811972993799,5.313416640587064
train_test_full,5.096910013008056,5.072123818015201
train_test_full,4.739928612014925,4.8228539036216285
train_test_full,4.7121982700697735,4.832334230395855
train_test_full,5.070581074285707,5.102959624804938
train_test_full,4.096910013008056,4.5575212595790004
train_test_full,6.050609993355087,5.848663111868867
train_test_full,7.00436480540245,6.166858116824377
train_test_full,5.6020599913279625,6.166858116824377
train_test_full,5.040481623027002,5.324078481382212
train_test_full,8.200659450546418,6.9313987653253575
train_test_full,4.8696662315049934,5.602358768159411
train_test_full,6.267606240177031,5.474603269421675
train_test_full,6.013228265733755,5.860672724247461
train_test_full,6.267606240177031,6.410353865453098
train_test_full,6.0,6.9313987653253575
train_test_full,4.671416550285798,5.474603269421675
train_test_full,7.301029995663981,7.134139252822861
train_test_full,9.552919535095809,9.658333135897768
train_test_full,10.69897000433602,10.258086398963071
train_test_full,7.619788758288394,7.438459514356327
train_test_full,6.6020599913279625,6.653149295289161
train_test_full,5.319664486585436,5.309928799980508
train_test_full,6.137868620686962,6.043342708748567
train_test_full,6.958607314841775,7.088943354686676
train_test_full,7.219970872662662,7.003334183819884
train_test_full,5.538801114225389,5.660415228908768
train_test_full,7.521435901161594,7.45974988996786
train_test_full,6.378375033651015,6.229013975548459
train_test_full,6.031757681129242,5.983766604585097
train_test_full,6.292217038739567,6.1606735548661735
train_test_full,5.605548319173783,5.543382042702135
train_test_full,5.568636235841012,5.750151821345296
train_test_full,5.142667503568731,5.162887518747348
train_test_full,5.714442690992226,6.1051031154580295
train_test_full,3.305482546188844,3.529825840959107
train_test_full,6.220403508742176,6.386435364289333
train_test_full,6.346787486224656,6.344644431748481
train_test_full,5.055024091587953,5.057847989544153
train_test_full,5.869682317081574,5.956950231482771
train_test_full,5.703334809738469,5.63453924115004
train_test_full,7.161150909262744,7.086154838755662
train_test_full,6.099641460858807,6.0943972718045245
train_test_full,6.699480900891103,6.7345304779650474
train_test_full,5.013114125538203,5.42009579319624
train_test_full,7.3585258894959,7.080278209796309
train_test_full,5.484126156288321,5.43853515582298
train_test_full,6.337242168318426,6.093896159115757
train_test_full,4.787812395596042,4.941417821572399
train_test_full,5.242603971206975,5.762085245116133
train_test_full,6.455931955649724,6.562319982340057
train_test_full,5.570247719997592,5.577741803267227
train_test_full,4.730487055782084,4.873845549553827
train_test_full,7.0,6.7626429605858505
train_test_full,5.238285979572167,5.736505197314673
train_test_full,5.80624007698337,6.0929912533626425
train_test_full,6.277861014341029,5.736505197314673
train_test_full,6.358271588491376,6.0929912533626425
train_test_full,6.546681659952963,6.141608040401301
train_test_full,6.770011163455189,6.6136601763493825
train_test_full,6.237321436272564,6.368131176038795
train_test_full,4.267606240177032,4.741884499213121
train_test_full,4.292429823902063,4.844143327389904
train_test_full,6.351667404869234,6.307519365896963
train_test_full,5.959303300184228,6.162611759316884
train_test_full,6.277530614115969,5.718941978945559
train_test_full,6.619897359061326,6.567229297223756
train_test_full,4.102372908709558,4.659106521035909
train_test_full,6.254641610871524,5.935573944763051
train_test_full,3.558461961297839,3.6737604577541667
train_test_full,7.490797477668897,7.140698531204637
train_test_full,6.853871964321762,7.258162193419188
train_test_full,6.764471553092451,7.140698531204637
train_test_full,6.46344155742847,6.620255276493977
train_test_full,6.79317412396815,7.140698531204637
train_test_full,5.742363849907403,5.500929052596265
train_test_full,6.291215497938437,6.306866049032393
train_test_full,4.326979092871104,4.709067937216955
train_test_full,6.959299339414116,6.752141819438659
train_test_full,3.534914712442567,3.7457629066443276
train_test_full,6.958607314841775,7.031734469071177
train_test_full,6.920818753952375,7.031734469071177
train_test_full,5.380000399499541,5.5956858546222366
train_test_full,5.381951903287908,5.546603615408512
train_test_full,6.02843707390098,6.065619358660453
train_test_full,6.281997277324025,6.357003792364685
train_test_full,7.177831920631983,7.110230407665646
train_test_full,6.5951662833800615,7.136172370188403
train_test_full,7.322393047279506,7.33444606760655
train_test_full,7.886056647693163,7.030960537239746
train_test_full,7.432973633840939,7.208447805302047
train_test_full,7.642065152999546,7.459882684381657
train_test_full,7.496209316942819,7.374534966534053
train_test_full,7.368556230986828,7.272522224518587
train_test_full,6.158986158188885,7.030960537239746
train_test_full,7.042871802323187,7.208447805302047
train_test_full,7.492144128304169,7.33444606760655
train_test_full,6.8297382846050425,6.856997887162816
train_test_full,7.995678626217357,7.617271405610862
train_test_full,7.657577319177793,7.0741761178081894
train_test_full,6.721246399047171,6.750400917527561
train_test_full,6.703334809738469,6.815531088788151
train_test_full,7.698970004336019,7.78323108479105
train_test_full,7.292429823902063,7.134916606233311
train_test_full,5.647817481888637,7.0741761178081894
train_test_full,7.625251653989896,7.136172370188403
train_test_full,7.8696662315049934,6.967071473841529
train_test_full,7.806875401645538,7.0741761178081894
train_test_full,7.621602099051862,7.399338199196619
train_test_full,6.368265527259751,6.481016779340909
train_test_full,5.018864289349345,5.24757135652248
train_test_full,5.551421210173404,5.728256929451472
train_test_full,6.84163750790475,6.9894415024392735
train_test_full,7.552841968657781,7.460776707292927
train_test_full,6.6020599913279625,6.63952263451409
train_test_full,6.6020599913279625,6.73014028993504
train_test_full,7.0,6.949757029474083
train_test_full,7.0,6.957537175840048
train_test_full,7.0,6.911155829728993
train_test_full,7.0,6.875506990661822
train_test_full,7.0,6.819884994690998
train_test_full,7.0,6.856387234901855
train_test_full,6.6020599913279625,6.415614067946798
train_test_full,6.6020599913279625,6.627111628927546
train_test_full,6.721246399047171,6.702510740836495
train_test_full,6.638140027612296,6.448633405489016
train_test_full,6.292217038739567,6.136683905374121
train_test_full,5.7448638579163855,5.918784364836765
train_test_full,6.73754891026957,6.3479886229232845
train_test_full,5.0,5.591151193685089
train_test_full,5.586700235918748,5.709364037915079
train_test_full,6.207608310501746,6.262568148950733
train_test_full,6.853871964321762,6.579190281006868
train_test_full,5.327902142064282,4.876244884128523
train_test_full,5.356547323513812,5.2088466662871165
train_test_full,4.301029995663981,4.431292357854806
train_test_full,5.060480747381382,5.023182158370844
train_test_full,4.42021640338319,4.876244884128523
train_test_full,7.091514981121351,6.82183411631935
train_test_full,7.050609993355087,7.01920388832855
train_test_full,6.537602002101044,6.582999176093187
train_test_full,7.229147988357855,7.052324498230544
train_test_full,6.522878745280337,6.82183411631935
train_test_full,6.886056647693163,6.63128874745642
train_test_full,4.587640267631869,4.7981944292649885
train_test_full,5.154901959985743,5.351849435264535
train_test_full,4.378865279494139,4.596580226767382
train_test_full,5.301029995663981,5.578413553370678
train_test_full,7.0,6.574442291874092
train_test_full,4.254378778693062,4.45733712494762
train_test_full,4.449771646944906,4.5952366158174165
train_test_full,4.6020599913279625,4.8892695031650355
train_test_full,5.959303300184228,5.896742413766757
train_test_full,4.698970004336019,4.781655289801158
train_test_full,7.346787486224656,6.779526222803278
train_test_full,4.499998462863552,5.1542014564752625
train_test_full,5.400116927926312,5.1542014564752625
train_test_full,7.145337877803287,6.423272930052289
train_test_full,5.600329725273209,6.02806617234752
train_test_full,5.319832285178109,5.458728104784094
train_test_full,5.259637310505756,5.205301106394717
train_test_full,5.187086643357144,5.250081575337303
train_test_full,5.638272163982407,5.438191681828245
train_test_full,5.370590400897282,5.921891937625199
train_test_full,6.6020599913279625,6.583581580516907
train_test_full,6.251811972993799,6.303998453113349
train_test_full,6.920402953422224,6.936836026751158
train_test_full,6.468521082957745,6.380801996650394
train_test_full,4.527243550682788,5.419646567060815
train_test_full,7.045757490560675,7.02748871289595
train_test_full,7.045757490560675,6.9914388439579955
train_test_full,7.045757490560675,6.9839225470537665
train_test_full,6.958607314841775,6.951992481740396
train_test_full,8.0,7.540972980362589
train_test_full,6.573488738635424,6.525730518166521
train_test_full,5.962573502059376,6.024194561057612
train_test_full,5.962573502059376,5.963791264192697
train_test_full,5.962573502059376,5.963128061982689
train_test_full,5.962573502059376,5.963791264192697
train_test_full,5.962573502059376,5.959278943088014
train_test_full,5.962573502059376,5.96074296603691
train_test_full,5.962573502059376,5.963128061982689
train_test_full,5.962573502059376,5.96074296603691
train_test_full,5.962573502059376,5.951256683379252
train_test_full,5.962573502059376,6.34967910064259
train_test_full,4.045757490560675,4.659525883576628
train_test_full,6.154901959985743,6.112582163475348
train_test_full,6.6777807052660805,6.32986101190445
train_test_full,5.8198741248359465,5.841192844639508
train_test_full,8.301029995663981,8.367771145400134
train_test_full,9.267807395579052,8.683313060062387
train_test_full,8.504247633785923,8.662782246092547
train_test_full,9.853871964321762,9.351128765627687
train_test_full,7.0,7.476916054626638
train_test_full,8.698970004336019,8.507141521472832
train_test_full,8.077897645626356,8.28338266651158
train_test_full,7.474955192963154,7.893132008252333
train_test_full,8.288108458303526,8.507141521472832
train_test_full,8.191046706078257,8.252017842317715
train_test_full,10.045878161439552,9.700388536914788
train_test_full,6.411168274405792,7.035138515106091
train_test_full,6.740000204918113,6.3199558147295365
train_test_full,8.619788758288394,8.111275496077504
train_test_full,8.0,7.830626160769376
train_test_full,8.699513552156626,8.645374291423307
train_test_full,8.39897391554397,8.420098924036258
train_test_full,7.492420754369929,7.5045212647203225
train_test_full,8.39897391554397,8.252088619793556
train_test_full,8.700057099977233,8.645374291423307
train_test_full,8.400007822415901,8.420098924036258
train_test_full,7.489991487059765,7.5045212647203225
train_test_full,8.400007822415901,8.252088619793556
train_test_full,8.22090981113951,8.03571878368202
train_test_full,7.770062314092066,7.808738879837137
train_test_full,7.209996479609511,7.437825464771011
train_test_full,4.229147988357856,4.83680516569744
train_test_full,5.698985205174921,5.742660891498484
train_test_full,6.397972583201331,6.233019472431606
train_test_full,5.920909250824263,5.908919718128917
train_test_full,5.823955070631064,5.751186320546793
train_test_full,5.638136253468664,5.701158099158108
train_test_full,5.823955070631064,5.830302525345763
train_test_full,5.327951121220737,5.8252765187251345
train_test_full,5.619894643379946,5.662811791993895
train_test_full,5.18704321825132,5.4465033087525585
train_test_full,5.657788647020114,5.751186320546793
train_test_full,4.723769138064677,5.041911254783594
train_test_full,6.095014118900637,6.045831116119542
train_test_full,6.852632892206214,6.537976062898863
train_test_full,5.400116927926312,5.782355321459683
train_test_full,5.522878745280337,5.694737798776067
train_test_full,5.554395796726403,5.892140864532716
train_test_full,6.802443786846464,7.0011404714434535
train_test_full,5.6005469811602175,5.6359016399301956
train_test_full,7.213750072860137,7.0011404714434535
train_test_full,5.0,5.407372990505288
train_test_full,8.0,7.928778995595403
train_test_full,7.521435901161594,7.509664605190187
train_test_full,8.0,7.509664605190187
train_test_full,8.152465023828446,7.885239927417421
train_test_full,8.098462725229332,7.992126739232173
train_test_full,7.521435901161594,7.509664605190187
train_test_full,7.398973915543969,7.4830067489425165
train_test_full,7.0,7.509664605190187
train_test_full,6.358271588491376,6.073436310945976
train_test_full,7.152465023828446,6.927240664932405
train_test_full,6.469263204944301,6.326981672332098
train_test_full,5.738774557593842,6.073436310945976
train_test_full,7.851864901236602,7.427086053172555
train_test_full,8.698970004336019,8.44238646838565
train_test_full,7.376750709602099,6.980565321961667
train_test_full,7.744727494896693,7.833038540684671
train_test_full,8.045757490560675,8.02234276005296
train_test_full,7.2839966563652,7.191611556623173
train_test_full,7.045757490560675,6.6290091103019275
train_test_full,6.522878745280337,6.430566656912042
train_test_full,6.769551078621726,6.517675955618586
train_test_full,5.001304841688344,5.138627416777736
train_test_full,6.886056647693163,6.475062777389382
train_test_full,6.267606240177031,6.238555093719203
train_test_full,6.585026652029182,6.517675955618586
train_test_full,5.343901797987169,5.6808149280534375
train_test_full,5.97469413473523,6.0050686466005905
train_test_full,6.327902142064282,6.517675955618586
train_test_full,5.120904120499928,5.239327157254838
train_test_full,6.508638306165727,6.358227139639011
train_test_full,6.4089353929735005,6.489812863736207
train_test_full,6.455931955649724,6.484002541081439
train_test_full,6.638272163982407,6.631663454211496
train_test_full,6.619788758288394,6.551674646069607
train_test_full,6.638272163982407,6.631663454211496
train_test_full,6.161150909262744,6.250004596101926
train_test_full,5.892790030352131,6.073662412036776
train_test_full,6.721246399047171,6.597044786058855
train_test_full,6.638272163982407,6.572547755958724
train_test_full,6.6777807052660805,6.667174379648415
train_test_full,6.6777807052660805,6.624063752353559
train_test_full,6.721246399047171,6.667174379648415
train_test_full,6.173925197299173,6.2532822353419375
train_test_full,6.769551078621726,6.671712076052977
train_test_full,6.376750709602099,6.319773072341274
train_test_full,6.508638306165727,6.483091653775511
train_test_full,6.795880017344075,6.72332854826824
train_test_full,6.1938200260161125,6.319773072341274
train_test_full,6.309803919971486,6.247635541373717
train_test_full,7.251811972993799,6.964712731433977
train_test_full,4.154901959985743,4.8400556248174365
train_test_full,6.6777807052660805,6.449624948183183
train_test_full,5.262012673666569,5.640541269337775
train_test_full,5.447331783887806,5.8382041658047195
train_test_full,6.251811972993799,6.046194087338762
train_test_full,6.721246399047171,6.658770954796471
train_test_full,6.6020599913279625,6.433417180065757
train_test_full,6.6777807052660805,6.51190342195648
train_test_full,6.356547323513812,6.428083526932416
train_test_full,6.481486060122112,6.449830990476921
train_test_full,5.844663962534938,6.0244800294142635
train_test_full,6.522878745280337,6.428083526932416
train_test_full,6.267606240177031,6.256697707343425
train_test_full,6.040958607678906,6.077724961729246
train_test_full,6.275724130399211,6.189567590296521
train_test_full,6.309803919971486,6.226227332531384
train_test_full,6.065501548756432,6.189567590296521
train_test_full,6.107905397309519,6.136756216904397
train_test_full,6.113509274827518,6.124604992114083
train_test_full,5.6020599913279625,5.700519537191803
train_test_full,8.275724130399212,8.030656935748771
train_test_full,8.769551078621726,7.168194662300557
train_test_full,5.446116973356125,5.4591621991237345
train_test_full,6.050305225247582,6.076552460563806
train_test_full,7.301029995663981,7.317212492169201
train_test_full,6.22767829327708,6.0403025632999885
train_test_full,7.920457143142827,7.381349031988548
train_test_full,4.950781977329818,4.622793540319095
train_test_full,5.08460016478773,5.938851307176945
train_test_full,4.0301183562535,4.660853439003543
train_test_full,7.823908740944319,7.849561541797777
train_test_full,8.0,7.939578910677262
train_test_full,6.147520006363143,5.985743094968465
train_test_full,7.251811972993799,7.470065422745931
train_test_full,7.587546764348944,7.064957120325912
train_test_full,7.387216143280264,7.168194662300557
train_test_full,5.701146923590294,5.452687489649019
train_test_full,5.580044251510242,6.074773767878392
train_test_full,7.509339913370447,7.060125844325075
train_test_full,6.639133015876654,6.8205883517649495
train_test_full,7.678921132642886,7.320881150022658
train_test_full,7.619969752032169,7.505297793790275
train_test_full,5.709965388637482,5.810893197790777
train_test_full,5.111820506081675,7.168194662300557
train_test_full,5.151810883008601,5.452687489649019
train_test_full,7.494850021680094,7.225851901301679
train_test_full,5.462180904926726,5.660056540585321
train_test_full,7.251811972993799,7.372387523013059
train_test_full,5.200659450546418,5.485588530653845
train_test_full,7.236572006437063,7.168194662300557
train_test_full,5.481486060122112,5.452687489649019
train_test_full,4.341035157335565,5.140405917283798
train_test_full,4.346787486224656,4.62890334990313
train_test_full,4.189095719331299,4.5576960210890665
train_test_full,6.457964005399849,6.4986424668069205
train_test_full,7.077850898954601,6.8264734817365715
train_test_full,4.329754146925876,4.622793540319095
train_test_full,8.0,7.939578910677262
train_test_full,7.619788758288394,7.505297793790275
train_test_full,6.888036676436635,7.225851901301679
train_test_full,6.699480900891103,6.612260040789513
train_test_full,6.468521082957745,6.316307894735603
train_test_full,6.080921907623926,6.001741238503676
train_test_full,5.473660722610156,5.791060716674093
train_test_full,7.537602002101044,7.20781408434648
train_test_full,7.508638306165727,6.8031843961679295
train_test_full,7.309803919971486,6.978726188738771
train_test_full,5.33161408331,5.5134396822475535
train_test_full,6.538803373026827,6.0189786160528
train_test_full,5.184422251675732,5.337790305419105
train_test_full,5.3585258894959,5.409865744258245
train_test_full,5.293282217663242,5.380492412926262
train_test_full,5.507239610973162,5.464317172815151
train_test_full,5.337242168318426,5.382689355229328
train_test_full,5.653647025549361,5.544987251662789
train_test_full,6.130768280269024,5.926385376200262
train_test_full,5.54515513999149,5.459374031211193
train_test_full,5.465973893943865,5.4473726382452
train_test_full,5.522878745280337,5.425989287817368
train_test_full,5.555955204081924,5.528552370055103
train_test_full,5.170696227168975,5.2712065263832
train_test_full,5.542118103266008,5.4929515706670875
train_test_full,5.537602002101044,6.746426654983816
train_test_full,6.7697811210384575,6.781866402199842
train_test_full,9.0,8.567832822641243
train_test_full,6.821948810943301,6.98572314383361
train_test_full,9.0,8.918771392655444
train_test_full,8.699513552156626,8.517130052611515
train_test_full,9.0,8.943137857050825
train_test_full,8.521435901161594,8.483056604291873
train_test_full,8.821891432890133,8.69418063351998
train_test_full,8.0,8.019771004576743
train_test_full,8.521435901161594,8.43916543903512
train_test_full,7.742328053455809,6.746426654983816
train_test_full,8.521435901161594,8.565784275019592
train_test_full,8.152465023828446,7.8423404566785955
train_test_full,6.888036676436635,7.598384249488023
train_test_full,8.699513552156626,8.423014424452504
train_test_full,7.3585258894959,7.225542147425881
train_test_full,8.096910013008056,7.6069354741332695
train_test_full,7.823908740944319,7.605623173320919
train_test_full,4.836242476018044,5.350062652686339
train_test_full,7.229147988357855,7.154731974758533
train_test_full,7.292429823902063,7.1540677013322735
train_test_full,7.0,6.5233548658432055
train_test_full,5.436518914605589,5.281434844639842
train_test_full,4.579384229374235,4.768123359226577
train_test_full,4.73849922680172,5.224272880086325
train_test_full,4.491335636947057,4.824567985509314
train_test_full,4.814741234703415,5.029970354936675
train_test_full,5.458420756053419,5.228490256631872
train_test_full,5.316052869248487,5.029970354936675
train_test_full,5.75448733218585,5.757369994436323
train_test_full,5.078833949362261,5.113249859510987
train_test_full,4.896880746454286,5.023884721484591
train_test_full,5.308034897232639,5.2462570647758255
train_test_full,4.924818145381308,5.029970354936675
train_test_full,4.788612447063141,5.043520129895814
train_test_full,5.162411561764489,5.331573270754142
train_test_full,5.084072788302884,5.242902538646983
train_test_full,5.562249437179612,5.423755589517818
train_test_full,5.899629454882437,5.699363511900114
train_test_full,5.642065152999546,5.4685353225821745
train_test_full,5.140261433802853,5.215068465402647
train_test_full,7.0,7.073237851443191
train_test_full,8.318487413361037,7.43144043132493
train_test_full,5.8297382846050425,6.164767779813687
train_test_full,6.468521082957745,6.703119487656276
train_test_full,4.527243550682788,5.02952487652866
train_test_full,6.301029995663981,5.872387891508067
train_test_full,4.15602015552184,4.314724320004731
train_test_full,4.213035740564267,4.312528260186709
train_test_full,4.086186147616283,4.102935055114623
train_test_full,7.0,6.7542184923712005
train_test_full,7.0,6.90473196779098
train_test_full,7.045757490560675,7.034266570938073
train_test_full,7.045757490560675,6.987076342381271
train_test_full,7.045757490560675,7.012747132320661
train_test_full,7.045757490560675,7.028427353763586
train_test_full,3.888195416320885,4.275019038404456
train_test_full,5.413412695328245,5.638390444316876
train_test_full,7.0,6.574600977753377
train_test_full,7.154901959985743,6.83037468015522
train_test_full,6.180456064458131,6.178046396640712
train_test_full,4.657774770639209,5.239764192219037
train_test_full,6.275724130399211,6.249477293377282
train_test_full,6.187086643357144,6.2318066676140065
train_test_full,5.94692155651658,5.947943508085553
train_test_full,6.036212172654444,6.04152452806424
train_test_full,5.114638779968488,5.415867763320057
train_test_full,7.161150909262744,7.025673902788942
train_test_full,7.42021640338319,7.238505265663657
train_test_full,5.221848749616356,5.351575570637236
train_test_full,6.301029995663981,6.09748862386042
train_test_full,4.154901959985743,4.482833088186084
train_test_full,6.468521082957745,6.526161953926469
train_test_full,6.275724130399211,6.239635272855067
train_test_full,6.481486060122112,6.528288748116133
train_test_full,5.0,5.51015331087816
train_test_full,6.096910013008056,5.875602258772321
train_test_full,5.443697499232712,5.361292102523575
train_test_full,5.309803919971486,5.227818754547821
train_test_full,5.107905397309519,5.1353889999446505
train_test_full,5.552841968657781,5.447844701027162
train_test_full,5.721246399047171,5.63751454313191
train_test_full,5.221848749616356,5.214357302145575
train_test_full,5.180456064458131,5.13302124637542
train_test_full,4.8996294548824375,5.004125760879956
train_test_full,5.468521082957745,5.390143707401031
train_test_full,5.585026652029182,5.589609598292991
train_test_full,5.200659450546418,5.174811678821592
train_test_full,4.931814138253839,4.955519802751931
train_test_full,4.91721462968355,4.965727340493813
train_test_full,5.251811972993799,5.328508397097874
train_test_full,5.431798275933005,5.5329148304572735
train_test_full,5.055517327849831,5.123470911770737
train_test_full,4.801342913045577,4.90995666457371
train_test_full,5.102372908709558,5.17602469822256
train_test_full,6.266000713461613,6.353401142503854
train_test_full,6.537602002101044,6.713243600461255
train_test_full,7.200659450546418,6.936975473459398
train_test_full,6.769551078621726,6.59926426725948
train_test_full,6.346787486224656,6.209496074508031
train_test_full,5.333482019445119,5.497497940101159
train_test_full,8.0,7.525579811066388
train_test_full,6.275724130399211,6.392961429627095
train_test_full,6.468521082957745,6.512936609038119
train_test_full,7.387216143280264,7.202063337429358
train_test_full,8.0,7.647955532892666
train_test_full,6.494850021680094,6.664734621728142
train_test_full,7.537602002101044,6.5848480899846695
train_test_full,6.58838029403677,6.78417213758735
train_test_full,6.41907502432438,6.607980439654986
train_test_full,5.698970004336019,5.716773584541724
train_test_full,7.431798275933005,7.014927745387339
train_test_full,8.397940008672037,7.223164931618485
train_test_full,6.0,6.1779396056088585
train_test_full,5.096910013008056,4.50299450503728
train_test_full,6.050609993355087,6.195112965468856
train_test_full,6.958607314841775,6.684004474836271
train_test_full,6.173925197299173,6.220399117630716
train_test_full,6.0,5.717710167374388
train_test_full,6.037157318798758,6.014416568840965
train_test_full,6.096910013008056,6.362749079777742
train_test_full,6.372634143407268,6.112302322693525
train_test_full,7.045757490560675,7.043001342871956
train_test_full,7.045757490560675,7.046821740134496
train_test_full,7.045757490560675,7.020999931174301
train_test_full,7.045757490560675,7.046839230208642
train_test_full,7.045757490560675,7.0653409592087835
train_test_full,7.045757490560675,7.05418182813577
train_test_full,7.045757490560675,6.977204853482948
train_test_full,7.045757490560675,7.047640257559739
train_test_full,7.045757490560675,6.988617739101901
train_test_full,3.6108339156354674,4.055110167803194
train_test_full,4.335170058856909,4.39690430300171
train_test_full,4.265040238727555,4.334978201306048
train_test_full,4.2424521465307565,4.3239813325901055
train_test_full,4.262489309326524,4.40459474791815
train_test_full,7.397940008672037,7.209598637606638
train_test_full,5.154901959985743,5.463645710029992
train_test_full,7.221848749616356,6.720521675225995
train_test_full,4.0,4.40382738243672
train_test_full,4.0,4.473212499623266
train_test_full,6.221848749616356,6.00114769998585
train_test_full,4.221848749616356,4.5834294863119585
train_test_full,6.301029995663981,6.34142280069313
train_test_full,7.096910013008056,6.676031323318793
train_test_full,7.397940008672037,6.90510367980068
train_test_full,7.0,6.478847463719524
train_test_full,6.0,5.715270164795256
train_test_full,5.221848749616356,5.1855351372299605
train_test_full,6.721246399047171,6.738611304184971
train_test_full,6.721246399047171,6.56317779884078
train_test_full,6.721246399047171,6.718492055647666
train_test_full,6.721246399047171,6.569354636362887
train_test_full,5.119186407719209,5.108855426900197
train_test_full,4.931814138253839,5.081806650000694
train_test_full,4.7121982700697735,4.850379882176579
train_test_full,4.79317412396815,5.081806650000694
train_test_full,5.568636235841012,5.081806650000694
train_test_full,4.735182176990463,4.87497298248439
train_test_full,6.920818753952375,6.878663798484173
train_test_full,6.346787486224656,6.388242471132323
train_test_full,6.585026652029182,6.582878205902791
train_test_full,6.42021640338319,6.513289564549069
train_test_full,7.0,6.957830445953135
train_test_full,6.657577319177793,6.686665392830608
train_test_full,7.0,6.95787301502581
train_test_full,6.568636235841012,6.577991317873901
train_test_full,9.0,7.942131705556788
train_test_full,6.958607314841775,6.926071690627627
train_test_full,6.443697499232712,6.457935012911479
train_test_full,6.721246399047171,6.6877162670692885
train_test_full,6.585026652029182,6.614187761482898
train_test_full,6.958607314841775,6.938329288927774
train_test_full,6.823908740944319,6.7788576258448545
train_test_full,6.958607314841775,6.94975708936651
train_test_full,6.481486060122112,6.5770488560233185
train_test_full,7.1938200260161125,6.72669547900696
train_test_full,6.136677139879544,6.224210146993331
train_test_full,4.96537154337468,5.614439502218109
train_test_full,5.427128397799519,5.767504846903798
train_test_full,6.481486060122112,6.334612944420942
train_test_full,5.790484985457369,5.862327203064512
train_test_full,6.040958607678906,6.2374016956015055
train_test_full,6.3872161432802645,6.388289304110354
train_test_full,6.920818753952375,6.674325664756727
train_test_full,6.568636235841012,6.485050843732244
train_test_full,7.045757490560675,6.714297980628054
train_test_full,5.675717544702307,5.929538681372754
train_test_full,4.858863909879261,5.364951139993193
train_test_full,5.815308569182401,5.96398889668197
train_test_full,5.5934598195660445,5.929049256219779
train_test_full,6.207608310501746,6.141904096327683
train_test_full,6.823908740944319,6.5540247233159485
train_test_full,6.275724130399211,6.166468745022389
train_test_full,5.705533773838408,5.533225953075343
train_test_full,5.247951552180561,5.428613174035915
train_test_full,3.760450279159527,3.988901764991727
train_test_full,4.567190994966832,4.692352118573563
train_test_full,4.214812579970638,4.495531380559144
train_test_full,4.17308335281508,4.287839250108255
train_test_full,5.920818753952375,6.027909838969663
train_test_full,6.508638306165727,6.296444781478201
train_test_full,6.301029995663981,6.220551205178316
train_test_full,7.387216143280264,7.138087937571404
train_test_full,6.886056647693163,6.929245384668191
train_test_full,7.026872146400302,7.019637051545187
train_test_full,6.6777807052660805,6.719372349514725
train_test_full,6.251811972993799,6.254496926164541
train_test_full,6.075720713938118,6.082852357221316
train_test_full,6.251811972993799,6.239331403885035
train_test_full,6.769551078621726,6.653639181510513
train_test_full,6.619788758288394,6.648367447562074
train_test_full,6.267606240177031,6.419491099365402
train_test_full,6.795880017344075,6.648367447562074
train_test_full,6.275724130399211,6.347331008208593
train_test_full,6.721246399047171,6.362865729865585
train_test_full,6.6020599913279625,6.419491099365402
train_test_full,6.017728766960431,6.362865729865585
train_test_full,6.050609993355087,6.175420503319112
train_test_full,6.522878745280337,6.643195012851565
train_test_full,5.096910013008056,4.88533709988045
train_test_full,6.190911868653654,5.77474042558787
train_test_full,3.886056647693163,3.895783364105707
train_test_full,1.221848749616356,2.473323601614431
train_test_full,7.0,6.64773401584384
train_test_full,4.477824211192983,4.620072778497316
train_test_full,5.428757149439776,5.076529326790912
train_test_full,3.841637507904751,3.856921204050224
train_test_full,7.214670164989233,6.889104227346972
train_test_full,7.075720713938118,7.124873622927921
train_test_full,7.4089353929735005,7.5928638317093915
train_test_full,7.200659450546418,7.07390336323244
train_test_full,7.229147988357855,7.335444739682076
train_test_full,7.698970004336019,7.335444739682076
train_test_full,6.823908740944319,6.791457341057671
train_test_full,7.366531544420413,7.406869973262892
train_test_full,8.045757490560675,7.406869973262892
train_test_full,7.267606240177031,7.073505271276023
train_test_full,7.795880017344075,7.073505271276023
train_test_full,7.853871964321762,7.5928638317093915
train_test_full,4.1249387366083,4.796706326918581
train_test_full,5.207608310501746,5.640436408594661
train_test_full,6.2441251443275085,6.253969151950497
train_test_full,6.769551078621726,6.618994413482018
train_test_full,4.954677021213342,5.0787305326388745
train_test_full,5.823908740944319,5.427273710111816
train_test_full,6.236572006437063,6.108623573510994
train_test_full,6.274088367704952,6.196518962402436
